2025-03-07 18:59:08.410 [main] INFO  com.chatapp.RealtimeChatApplication - Starting RealtimeChatApplication using Java 21.0.6 on suyuan with PID 7804 (D:\Answer\es\backend\target\classes started by lenovo in D:\Answer\es\backend)
2025-03-07 18:59:08.411 [main] INFO  com.chatapp.RealtimeChatApplication - No active profile set, falling back to 1 default profile: "default"
2025-03-07 18:59:08.778 [main] INFO  o.s.d.r.c.RepositoryConfigurationDelegate - Bootstrapping Spring Data JPA repositories in DEFAULT mode.
2025-03-07 18:59:08.792 [main] INFO  o.s.d.r.c.RepositoryConfigurationDelegate - Finished Spring Data repository scanning in 6 ms. Found 0 JPA repository interfaces.
2025-03-07 18:59:09.170 [main] INFO  o.s.b.w.e.tomcat.TomcatWebServer - Tomcat initialized with port(s): 8080 (http)
2025-03-07 18:59:09.178 [main] INFO  o.a.coyote.http11.Http11NioProtocol - Initializing ProtocolHandler ["http-nio-8080"]
2025-03-07 18:59:09.179 [main] INFO  o.a.catalina.core.StandardService - Starting service [Tomcat]
2025-03-07 18:59:09.179 [main] INFO  o.a.catalina.core.StandardEngine - Starting Servlet engine: [Apache Tomcat/9.0.68]
2025-03-07 18:59:09.257 [main] INFO  o.a.c.c.C.[Tomcat].[localhost].[/] - Initializing Spring embedded WebApplicationContext
2025-03-07 18:59:09.257 [main] INFO  o.s.b.w.s.c.ServletWebServerApplicationContext - Root WebApplicationContext: initialization completed in 811 ms
2025-03-07 18:59:09.278 [main] INFO  com.zaxxer.hikari.HikariDataSource - HikariPool-1 - Starting...
2025-03-07 18:59:09.379 [main] INFO  com.zaxxer.hikari.HikariDataSource - HikariPool-1 - Start completed.
2025-03-07 18:59:09.386 [main] INFO  o.s.b.a.h.H2ConsoleAutoConfiguration - H2 console available at '/h2-console'. Database available at 'jdbc:h2:mem:chatdb'
2025-03-07 18:59:09.475 [main] INFO  o.h.jpa.internal.util.LogHelper - HHH000204: Processing PersistenceUnitInfo [name: default]
2025-03-07 18:59:09.500 [main] INFO  org.hibernate.Version - HHH000412: Hibernate ORM core version 5.6.12.Final
2025-03-07 18:59:09.581 [main] INFO  o.h.annotations.common.Version - HCANN000001: Hibernate Commons Annotations {5.1.2.Final}
2025-03-07 18:59:09.634 [main] INFO  org.hibernate.dialect.Dialect - HHH000400: Using dialect: org.hibernate.dialect.H2Dialect
2025-03-07 18:59:09.739 [main] INFO  o.h.e.t.j.p.i.JtaPlatformInitiator - HHH000490: Using JtaPlatform implementation: [org.hibernate.engine.transaction.jta.platform.internal.NoJtaPlatform]
2025-03-07 18:59:09.743 [main] INFO  o.s.o.j.LocalContainerEntityManagerFactoryBean - Initialized JPA EntityManagerFactory for persistence unit 'default'
2025-03-07 18:59:09.836 [main] WARN  o.s.b.a.o.j.JpaBaseConfiguration$JpaWebConfiguration - spring.jpa.open-in-view is enabled by default. Therefore, database queries may be performed during view rendering. Explicitly configure spring.jpa.open-in-view to disable this warning
2025-03-07 18:59:09.990 [main] WARN  o.s.b.a.s.s.UserDetailsServiceAutoConfiguration - 

Using generated security password: 4d1e3b0f-bdf0-4425-9f8f-cfe8b3726370

This generated password is for development use only. Your security configuration must be updated before running your application in production.

2025-03-07 18:59:10.051 [main] INFO  o.s.s.web.DefaultSecurityFilterChain - Will secure any request with [org.springframework.security.web.session.DisableEncodeUrlFilter@4efed0e0, org.springframework.security.web.context.request.async.WebAsyncManagerIntegrationFilter@4ac0ed65, org.springframework.security.web.context.SecurityContextPersistenceFilter@279e1422, org.springframework.security.web.header.HeaderWriterFilter@19e2db7c, org.springframework.security.web.csrf.CsrfFilter@2fa47368, org.springframework.security.web.authentication.logout.LogoutFilter@77e730bd, org.springframework.security.web.authentication.UsernamePasswordAuthenticationFilter@b81938d, org.springframework.security.web.authentication.ui.DefaultLoginPageGeneratingFilter@24d7657b, org.springframework.security.web.authentication.ui.DefaultLogoutPageGeneratingFilter@5c7c75fb, org.springframework.security.web.authentication.www.BasicAuthenticationFilter@614cbec4, org.springframework.security.web.savedrequest.RequestCacheAwareFilter@27dc81be, org.springframework.security.web.servletapi.SecurityContextHolderAwareRequestFilter@3595086b, org.springframework.security.web.authentication.AnonymousAuthenticationFilter@729d6ee2, org.springframework.security.web.session.SessionManagementFilter@534fc1f7, org.springframework.security.web.access.ExceptionTranslationFilter@2cff03cf, org.springframework.security.web.access.intercept.FilterSecurityInterceptor@270f7b4d]
2025-03-07 18:59:10.072 [main] INFO  o.a.coyote.http11.Http11NioProtocol - Starting ProtocolHandler ["http-nio-8080"]
2025-03-07 18:59:10.088 [main] INFO  o.s.b.w.e.tomcat.TomcatWebServer - Tomcat started on port(s): 8080 (http) with context path ''
2025-03-07 18:59:10.090 [main] INFO  o.s.m.s.b.SimpleBrokerMessageHandler - Starting...
2025-03-07 18:59:10.090 [main] INFO  o.s.m.s.b.SimpleBrokerMessageHandler - BrokerAvailabilityEvent[available=true, SimpleBrokerMessageHandler [org.springframework.messaging.simp.broker.DefaultSubscriptionRegistry@5d15789f]]
2025-03-07 18:59:10.090 [main] INFO  o.s.m.s.b.SimpleBrokerMessageHandler - Started.
2025-03-07 18:59:10.097 [main] INFO  com.chatapp.RealtimeChatApplication - Started RealtimeChatApplication in 2.04 seconds (JVM running for 2.349)
2025-03-07 18:59:14.036 [http-nio-8080-exec-3] INFO  o.a.c.c.C.[Tomcat].[localhost].[/] - Initializing Spring DispatcherServlet 'dispatcherServlet'
2025-03-07 18:59:14.037 [http-nio-8080-exec-3] INFO  o.s.web.servlet.DispatcherServlet - Initializing Servlet 'dispatcherServlet'
2025-03-07 18:59:14.037 [http-nio-8080-exec-3] INFO  o.s.web.servlet.DispatcherServlet - Completed initialization in 0 ms
2025-03-07 19:00:09.831 [MessageBroker-1] INFO  o.s.w.s.c.WebSocketMessageBrokerStats - WebSocketSession[0 current WS(0)-HttpStream(0)-HttpPoll(0), 0 total, 0 closed abnormally (0 connect failure, 0 send limit, 0 transport error)], stompSubProtocol[processed CONNECT(0)-CONNECTED(0)-DISCONNECT(0)], stompBrokerRelay[null], inboundChannel[pool size = 0, active threads = 0, queued tasks = 0, completed tasks = 0], outboundChannel[pool size = 0, active threads = 0, queued tasks = 0, completed tasks = 0], sockJsScheduler[pool size = 1, active threads = 1, queued tasks = 0, completed tasks = 0]
2025-03-07 19:10:47.679 [main] INFO  com.chatapp.RealtimeChatApplication - Starting RealtimeChatApplication using Java 21.0.6 on suyuan with PID 11588 (D:\Answer\es\backend\target\classes started by lenovo in D:\Answer\es\backend)
2025-03-07 19:10:47.680 [main] INFO  com.chatapp.RealtimeChatApplication - No active profile set, falling back to 1 default profile: "default"
2025-03-07 19:10:48.019 [main] INFO  o.s.d.r.c.RepositoryConfigurationDelegate - Bootstrapping Spring Data JPA repositories in DEFAULT mode.
2025-03-07 19:10:48.027 [main] INFO  o.s.d.r.c.RepositoryConfigurationDelegate - Finished Spring Data repository scanning in 3 ms. Found 0 JPA repository interfaces.
2025-03-07 19:10:48.357 [main] INFO  o.s.b.w.e.tomcat.TomcatWebServer - Tomcat initialized with port(s): 8080 (http)
2025-03-07 19:10:48.362 [main] INFO  o.a.coyote.http11.Http11NioProtocol - Initializing ProtocolHandler ["http-nio-8080"]
2025-03-07 19:10:48.363 [main] INFO  o.a.catalina.core.StandardService - Starting service [Tomcat]
2025-03-07 19:10:48.363 [main] INFO  o.a.catalina.core.StandardEngine - Starting Servlet engine: [Apache Tomcat/9.0.68]
2025-03-07 19:10:48.429 [main] INFO  o.a.c.c.C.[Tomcat].[localhost].[/] - Initializing Spring embedded WebApplicationContext
2025-03-07 19:10:48.429 [main] INFO  o.s.b.w.s.c.ServletWebServerApplicationContext - Root WebApplicationContext: initialization completed in 714 ms
2025-03-07 19:10:48.447 [main] INFO  com.zaxxer.hikari.HikariDataSource - HikariPool-1 - Starting...
2025-03-07 19:10:48.542 [main] INFO  com.zaxxer.hikari.HikariDataSource - HikariPool-1 - Start completed.
2025-03-07 19:10:48.547 [main] INFO  o.s.b.a.h.H2ConsoleAutoConfiguration - H2 console available at '/h2-console'. Database available at 'jdbc:h2:mem:chatdb'
2025-03-07 19:10:48.624 [main] INFO  o.h.jpa.internal.util.LogHelper - HHH000204: Processing PersistenceUnitInfo [name: default]
2025-03-07 19:10:48.650 [main] INFO  org.hibernate.Version - HHH000412: Hibernate ORM core version 5.6.12.Final
2025-03-07 19:10:48.730 [main] INFO  o.h.annotations.common.Version - HCANN000001: Hibernate Commons Annotations {5.1.2.Final}
2025-03-07 19:10:48.791 [main] INFO  org.hibernate.dialect.Dialect - HHH000400: Using dialect: org.hibernate.dialect.H2Dialect
2025-03-07 19:10:48.899 [main] INFO  o.h.e.t.j.p.i.JtaPlatformInitiator - HHH000490: Using JtaPlatform implementation: [org.hibernate.engine.transaction.jta.platform.internal.NoJtaPlatform]
2025-03-07 19:10:48.904 [main] INFO  o.s.o.j.LocalContainerEntityManagerFactoryBean - Initialized JPA EntityManagerFactory for persistence unit 'default'
2025-03-07 19:10:48.991 [main] WARN  o.s.b.a.o.j.JpaBaseConfiguration$JpaWebConfiguration - spring.jpa.open-in-view is enabled by default. Therefore, database queries may be performed during view rendering. Explicitly configure spring.jpa.open-in-view to disable this warning
2025-03-07 19:10:49.145 [main] WARN  o.s.b.a.s.s.UserDetailsServiceAutoConfiguration - 

Using generated security password: f763103b-4362-4739-a347-c8047e9202d9

This generated password is for development use only. Your security configuration must be updated before running your application in production.

2025-03-07 19:10:49.207 [main] INFO  o.s.s.web.DefaultSecurityFilterChain - Will secure any request with [org.springframework.security.web.session.DisableEncodeUrlFilter@74eab077, org.springframework.security.web.context.request.async.WebAsyncManagerIntegrationFilter@3063be68, org.springframework.security.web.context.SecurityContextPersistenceFilter@4ab86b2a, org.springframework.security.web.header.HeaderWriterFilter@126af200, org.springframework.security.web.csrf.CsrfFilter@6150afc6, org.springframework.security.web.authentication.logout.LogoutFilter@614d7fbf, org.springframework.security.web.authentication.UsernamePasswordAuthenticationFilter@23d978b, org.springframework.security.web.authentication.ui.DefaultLoginPageGeneratingFilter@3c4ad54, org.springframework.security.web.authentication.ui.DefaultLogoutPageGeneratingFilter@3a3bc0da, org.springframework.security.web.authentication.www.BasicAuthenticationFilter@5de335cf, org.springframework.security.web.savedrequest.RequestCacheAwareFilter@2ac9e53c, org.springframework.security.web.servletapi.SecurityContextHolderAwareRequestFilter@4ac7856f, org.springframework.security.web.authentication.AnonymousAuthenticationFilter@2d2f09a4, org.springframework.security.web.session.SessionManagementFilter@77d959f1, org.springframework.security.web.access.ExceptionTranslationFilter@7bb25046, org.springframework.security.web.access.intercept.FilterSecurityInterceptor@2a510e0e]
2025-03-07 19:10:49.228 [main] INFO  o.a.coyote.http11.Http11NioProtocol - Starting ProtocolHandler ["http-nio-8080"]
2025-03-07 19:10:49.242 [main] INFO  o.s.b.w.e.tomcat.TomcatWebServer - Tomcat started on port(s): 8080 (http) with context path ''
2025-03-07 19:10:49.243 [main] INFO  o.s.m.s.b.SimpleBrokerMessageHandler - Starting...
2025-03-07 19:10:49.244 [main] INFO  o.s.m.s.b.SimpleBrokerMessageHandler - BrokerAvailabilityEvent[available=true, SimpleBrokerMessageHandler [org.springframework.messaging.simp.broker.DefaultSubscriptionRegistry@5abb7a8f]]
2025-03-07 19:10:49.244 [main] INFO  o.s.m.s.b.SimpleBrokerMessageHandler - Started.
2025-03-07 19:10:49.248 [main] INFO  com.chatapp.RealtimeChatApplication - Started RealtimeChatApplication in 1.848 seconds (JVM running for 2.089)
2025-03-07 19:10:53.383 [http-nio-8080-exec-2] INFO  o.a.c.c.C.[Tomcat].[localhost].[/] - Initializing Spring DispatcherServlet 'dispatcherServlet'
2025-03-07 19:10:53.383 [http-nio-8080-exec-2] INFO  o.s.web.servlet.DispatcherServlet - Initializing Servlet 'dispatcherServlet'
2025-03-07 19:10:53.384 [http-nio-8080-exec-2] INFO  o.s.web.servlet.DispatcherServlet - Completed initialization in 1 ms
2025-03-07 19:16:56.894 [main] INFO  com.chatapp.RealtimeChatApplication - Starting RealtimeChatApplication using Java 21.0.6 on suyuan with PID 15532 (D:\Answer\es\backend\target\classes started by lenovo in D:\Answer\es\backend)
2025-03-07 19:16:56.895 [main] INFO  com.chatapp.RealtimeChatApplication - No active profile set, falling back to 1 default profile: "default"
2025-03-07 19:16:57.220 [main] INFO  o.s.d.r.c.RepositoryConfigurationDelegate - Bootstrapping Spring Data JPA repositories in DEFAULT mode.
2025-03-07 19:16:57.228 [main] INFO  o.s.d.r.c.RepositoryConfigurationDelegate - Finished Spring Data repository scanning in 3 ms. Found 0 JPA repository interfaces.
2025-03-07 19:16:57.561 [main] INFO  o.s.b.w.e.tomcat.TomcatWebServer - Tomcat initialized with port(s): 8080 (http)
2025-03-07 19:16:57.567 [main] INFO  o.a.coyote.http11.Http11NioProtocol - Initializing ProtocolHandler ["http-nio-8080"]
2025-03-07 19:16:57.567 [main] INFO  o.a.catalina.core.StandardService - Starting service [Tomcat]
2025-03-07 19:16:57.567 [main] INFO  o.a.catalina.core.StandardEngine - Starting Servlet engine: [Apache Tomcat/9.0.68]
2025-03-07 19:16:57.634 [main] INFO  o.a.c.c.C.[Tomcat].[localhost].[/] - Initializing Spring embedded WebApplicationContext
2025-03-07 19:16:57.634 [main] INFO  o.s.b.w.s.c.ServletWebServerApplicationContext - Root WebApplicationContext: initialization completed in 709 ms
2025-03-07 19:16:57.654 [main] INFO  com.zaxxer.hikari.HikariDataSource - HikariPool-1 - Starting...
2025-03-07 19:16:57.759 [main] INFO  com.zaxxer.hikari.HikariDataSource - HikariPool-1 - Start completed.
2025-03-07 19:16:57.766 [main] INFO  o.s.b.a.h.H2ConsoleAutoConfiguration - H2 console available at '/h2-console'. Database available at 'jdbc:h2:mem:chatdb'
2025-03-07 19:16:57.852 [main] INFO  o.h.jpa.internal.util.LogHelper - HHH000204: Processing PersistenceUnitInfo [name: default]
2025-03-07 19:16:57.877 [main] INFO  org.hibernate.Version - HHH000412: Hibernate ORM core version 5.6.12.Final
2025-03-07 19:16:57.964 [main] INFO  o.h.annotations.common.Version - HCANN000001: Hibernate Commons Annotations {5.1.2.Final}
2025-03-07 19:16:58.017 [main] INFO  org.hibernate.dialect.Dialect - HHH000400: Using dialect: org.hibernate.dialect.H2Dialect
2025-03-07 19:16:58.133 [main] INFO  o.h.e.t.j.p.i.JtaPlatformInitiator - HHH000490: Using JtaPlatform implementation: [org.hibernate.engine.transaction.jta.platform.internal.NoJtaPlatform]
2025-03-07 19:16:58.139 [main] INFO  o.s.o.j.LocalContainerEntityManagerFactoryBean - Initialized JPA EntityManagerFactory for persistence unit 'default'
2025-03-07 19:16:58.240 [main] WARN  o.s.b.a.o.j.JpaBaseConfiguration$JpaWebConfiguration - spring.jpa.open-in-view is enabled by default. Therefore, database queries may be performed during view rendering. Explicitly configure spring.jpa.open-in-view to disable this warning
2025-03-07 19:16:58.416 [main] WARN  o.s.b.a.s.s.UserDetailsServiceAutoConfiguration - 

Using generated security password: f84d0413-6a3b-4458-87f0-63880e70b067

This generated password is for development use only. Your security configuration must be updated before running your application in production.

2025-03-07 19:16:58.473 [main] INFO  o.s.s.web.DefaultSecurityFilterChain - Will secure any request with [org.springframework.security.web.session.DisableEncodeUrlFilter@73aae7a, org.springframework.security.web.context.request.async.WebAsyncManagerIntegrationFilter@3856d0cb, org.springframework.security.web.context.SecurityContextPersistenceFilter@7157413e, org.springframework.security.web.header.HeaderWriterFilter@279e1422, org.springframework.security.web.csrf.CsrfFilter@537451d5, org.springframework.security.web.authentication.logout.LogoutFilter@39ead1b7, org.springframework.security.web.authentication.UsernamePasswordAuthenticationFilter@70421a08, org.springframework.security.web.authentication.ui.DefaultLoginPageGeneratingFilter@4ae2c01b, org.springframework.security.web.authentication.ui.DefaultLogoutPageGeneratingFilter@2125535d, org.springframework.security.web.authentication.www.BasicAuthenticationFilter@5c7c75fb, org.springframework.security.web.savedrequest.RequestCacheAwareFilter@2f0e7fa8, org.springframework.security.web.servletapi.SecurityContextHolderAwareRequestFilter@24d7657b, org.springframework.security.web.authentication.AnonymousAuthenticationFilter@d190639, org.springframework.security.web.session.SessionManagementFilter@27dc81be, org.springframework.security.web.access.ExceptionTranslationFilter@7d5a0b14, org.springframework.security.web.access.intercept.FilterSecurityInterceptor@b81938d]
2025-03-07 19:16:58.492 [main] INFO  o.a.coyote.http11.Http11NioProtocol - Starting ProtocolHandler ["http-nio-8080"]
2025-03-07 19:16:58.512 [main] INFO  o.s.b.w.e.tomcat.TomcatWebServer - Tomcat started on port(s): 8080 (http) with context path ''
2025-03-07 19:16:58.513 [main] INFO  o.s.m.s.b.SimpleBrokerMessageHandler - Starting...
2025-03-07 19:16:58.513 [main] INFO  o.s.m.s.b.SimpleBrokerMessageHandler - BrokerAvailabilityEvent[available=true, SimpleBrokerMessageHandler [org.springframework.messaging.simp.broker.DefaultSubscriptionRegistry@5abb7a8f]]
2025-03-07 19:16:58.514 [main] INFO  o.s.m.s.b.SimpleBrokerMessageHandler - Started.
2025-03-07 19:16:58.518 [main] INFO  com.chatapp.RealtimeChatApplication - Started RealtimeChatApplication in 1.895 seconds (JVM running for 2.119)
2025-03-07 19:17:03.668 [http-nio-8080-exec-2] INFO  o.a.c.c.C.[Tomcat].[localhost].[/] - Initializing Spring DispatcherServlet 'dispatcherServlet'
2025-03-07 19:17:03.668 [http-nio-8080-exec-2] INFO  o.s.web.servlet.DispatcherServlet - Initializing Servlet 'dispatcherServlet'
2025-03-07 19:17:03.669 [http-nio-8080-exec-2] INFO  o.s.web.servlet.DispatcherServlet - Completed initialization in 1 ms
2025-03-07 19:17:58.227 [MessageBroker-1] INFO  o.s.w.s.c.WebSocketMessageBrokerStats - WebSocketSession[0 current WS(0)-HttpStream(0)-HttpPoll(0), 0 total, 0 closed abnormally (0 connect failure, 0 send limit, 0 transport error)], stompSubProtocol[processed CONNECT(0)-CONNECTED(0)-DISCONNECT(0)], stompBrokerRelay[null], inboundChannel[pool size = 0, active threads = 0, queued tasks = 0, completed tasks = 0], outboundChannel[pool size = 0, active threads = 0, queued tasks = 0, completed tasks = 0], sockJsScheduler[pool size = 1, active threads = 1, queued tasks = 0, completed tasks = 0]
2025-03-07 19:23:25.038 [main] INFO  com.chatapp.RealtimeChatApplication - Starting RealtimeChatApplication using Java 21.0.6 on suyuan with PID 2348 (D:\Answer\es\backend\target\classes started by lenovo in D:\Answer\es\backend)
2025-03-07 19:23:25.039 [main] INFO  com.chatapp.RealtimeChatApplication - No active profile set, falling back to 1 default profile: "default"
2025-03-07 19:23:25.364 [main] INFO  o.s.d.r.c.RepositoryConfigurationDelegate - Bootstrapping Spring Data JPA repositories in DEFAULT mode.
2025-03-07 19:23:25.372 [main] INFO  o.s.d.r.c.RepositoryConfigurationDelegate - Finished Spring Data repository scanning in 4 ms. Found 0 JPA repository interfaces.
2025-03-07 19:23:25.694 [main] INFO  o.s.b.w.e.tomcat.TomcatWebServer - Tomcat initialized with port(s): 8080 (http)
2025-03-07 19:23:25.700 [main] INFO  o.a.coyote.http11.Http11NioProtocol - Initializing ProtocolHandler ["http-nio-8080"]
2025-03-07 19:23:25.700 [main] INFO  o.a.catalina.core.StandardService - Starting service [Tomcat]
2025-03-07 19:23:25.700 [main] INFO  o.a.catalina.core.StandardEngine - Starting Servlet engine: [Apache Tomcat/9.0.68]
2025-03-07 19:23:25.771 [main] INFO  o.a.c.c.C.[Tomcat].[localhost].[/] - Initializing Spring embedded WebApplicationContext
2025-03-07 19:23:25.771 [main] INFO  o.s.b.w.s.c.ServletWebServerApplicationContext - Root WebApplicationContext: initialization completed in 705 ms
2025-03-07 19:23:25.789 [main] INFO  com.zaxxer.hikari.HikariDataSource - HikariPool-1 - Starting...
2025-03-07 19:23:25.901 [main] INFO  com.zaxxer.hikari.HikariDataSource - HikariPool-1 - Start completed.
2025-03-07 19:23:25.907 [main] INFO  o.s.b.a.h.H2ConsoleAutoConfiguration - H2 console available at '/h2-console'. Database available at 'jdbc:h2:mem:chatdb'
2025-03-07 19:23:25.987 [main] INFO  o.h.jpa.internal.util.LogHelper - HHH000204: Processing PersistenceUnitInfo [name: default]
2025-03-07 19:23:26.010 [main] INFO  org.hibernate.Version - HHH000412: Hibernate ORM core version 5.6.12.Final
2025-03-07 19:23:26.088 [main] INFO  o.h.annotations.common.Version - HCANN000001: Hibernate Commons Annotations {5.1.2.Final}
2025-03-07 19:23:26.135 [main] INFO  org.hibernate.dialect.Dialect - HHH000400: Using dialect: org.hibernate.dialect.H2Dialect
2025-03-07 19:23:26.247 [main] INFO  o.h.e.t.j.p.i.JtaPlatformInitiator - HHH000490: Using JtaPlatform implementation: [org.hibernate.engine.transaction.jta.platform.internal.NoJtaPlatform]
2025-03-07 19:23:26.252 [main] INFO  o.s.o.j.LocalContainerEntityManagerFactoryBean - Initialized JPA EntityManagerFactory for persistence unit 'default'
2025-03-07 19:23:26.345 [main] WARN  o.s.b.a.o.j.JpaBaseConfiguration$JpaWebConfiguration - spring.jpa.open-in-view is enabled by default. Therefore, database queries may be performed during view rendering. Explicitly configure spring.jpa.open-in-view to disable this warning
2025-03-07 19:23:26.490 [main] WARN  o.s.b.a.s.s.UserDetailsServiceAutoConfiguration - 

Using generated security password: df5a143a-abc8-4222-ba27-4ee2e25aac5a

This generated password is for development use only. Your security configuration must be updated before running your application in production.

2025-03-07 19:23:26.567 [main] INFO  o.s.s.web.DefaultSecurityFilterChain - Will secure any request with [org.springframework.security.web.session.DisableEncodeUrlFilter@50e8ed74, org.springframework.security.web.context.request.async.WebAsyncManagerIntegrationFilter@74eab077, org.springframework.security.web.context.SecurityContextPersistenceFilter@54f69311, org.springframework.security.web.header.HeaderWriterFilter@69b1e8f8, org.springframework.security.web.csrf.CsrfFilter@7c0b0bd9, org.springframework.security.web.authentication.logout.LogoutFilter@785d6a98, org.springframework.security.web.authentication.UsernamePasswordAuthenticationFilter@7c5ac0, org.springframework.security.web.authentication.ui.DefaultLoginPageGeneratingFilter@3a63d248, org.springframework.security.web.authentication.ui.DefaultLogoutPageGeneratingFilter@3063be68, org.springframework.security.web.authentication.www.BasicAuthenticationFilter@6c6919ff, org.springframework.security.web.savedrequest.RequestCacheAwareFilter@7793b55d, org.springframework.security.web.servletapi.SecurityContextHolderAwareRequestFilter@2ac9e53c, org.springframework.security.web.authentication.AnonymousAuthenticationFilter@3a3bc0da, org.springframework.security.web.session.SessionManagementFilter@1e000a17, org.springframework.security.web.access.ExceptionTranslationFilter@2904bc56, org.springframework.security.web.access.intercept.FilterSecurityInterceptor@18dbc1b]
2025-03-07 19:23:26.585 [main] INFO  o.a.coyote.http11.Http11NioProtocol - Starting ProtocolHandler ["http-nio-8080"]
2025-03-07 19:23:26.599 [main] INFO  o.s.b.w.e.tomcat.TomcatWebServer - Tomcat started on port(s): 8080 (http) with context path ''
2025-03-07 19:23:26.600 [main] INFO  o.s.m.s.b.SimpleBrokerMessageHandler - Starting...
2025-03-07 19:23:26.600 [main] INFO  o.s.m.s.b.SimpleBrokerMessageHandler - BrokerAvailabilityEvent[available=true, SimpleBrokerMessageHandler [org.springframework.messaging.simp.broker.DefaultSubscriptionRegistry@5d15789f]]
2025-03-07 19:23:26.600 [main] INFO  o.s.m.s.b.SimpleBrokerMessageHandler - Started.
2025-03-07 19:23:26.605 [main] INFO  com.chatapp.RealtimeChatApplication - Started RealtimeChatApplication in 1.836 seconds (JVM running for 2.072)
2025-03-07 19:23:33.577 [http-nio-8080-exec-2] INFO  o.a.c.c.C.[Tomcat].[localhost].[/] - Initializing Spring DispatcherServlet 'dispatcherServlet'
2025-03-07 19:23:33.578 [http-nio-8080-exec-2] INFO  o.s.web.servlet.DispatcherServlet - Initializing Servlet 'dispatcherServlet'
2025-03-07 19:23:33.578 [http-nio-8080-exec-2] INFO  o.s.web.servlet.DispatcherServlet - Completed initialization in 0 ms
2025-03-07 19:24:26.340 [MessageBroker-1] INFO  o.s.w.s.c.WebSocketMessageBrokerStats - WebSocketSession[0 current WS(0)-HttpStream(0)-HttpPoll(0), 0 total, 0 closed abnormally (0 connect failure, 0 send limit, 0 transport error)], stompSubProtocol[processed CONNECT(0)-CONNECTED(0)-DISCONNECT(0)], stompBrokerRelay[null], inboundChannel[pool size = 0, active threads = 0, queued tasks = 0, completed tasks = 0], outboundChannel[pool size = 0, active threads = 0, queued tasks = 0, completed tasks = 0], sockJsScheduler[pool size = 1, active threads = 1, queued tasks = 0, completed tasks = 0]
2025-03-07 19:26:46.206 [SpringApplicationShutdownHook] INFO  o.s.m.s.b.SimpleBrokerMessageHandler - Stopping...
2025-03-07 19:26:46.206 [SpringApplicationShutdownHook] INFO  o.s.m.s.b.SimpleBrokerMessageHandler - BrokerAvailabilityEvent[available=false, SimpleBrokerMessageHandler [org.springframework.messaging.simp.broker.DefaultSubscriptionRegistry@5d15789f]]
2025-03-07 19:26:46.207 [SpringApplicationShutdownHook] INFO  o.s.m.s.b.SimpleBrokerMessageHandler - Stopped.
2025-03-07 19:26:46.218 [SpringApplicationShutdownHook] INFO  o.s.o.j.LocalContainerEntityManagerFactoryBean - Closing JPA EntityManagerFactory for persistence unit 'default'
2025-03-07 19:26:46.219 [SpringApplicationShutdownHook] INFO  com.zaxxer.hikari.HikariDataSource - HikariPool-1 - Shutdown initiated...
2025-03-07 19:26:46.221 [SpringApplicationShutdownHook] INFO  com.zaxxer.hikari.HikariDataSource - HikariPool-1 - Shutdown completed.
2025-03-07 19:26:57.369 [main] INFO  com.chatapp.RealtimeChatApplication - Starting RealtimeChatApplication using Java 21.0.6 on suyuan with PID 21224 (D:\Answer\es\backend\target\classes started by lenovo in D:\Answer\es\backend)
2025-03-07 19:26:57.371 [main] INFO  com.chatapp.RealtimeChatApplication - No active profile set, falling back to 1 default profile: "default"
2025-03-07 19:26:57.671 [main] INFO  o.s.d.r.c.RepositoryConfigurationDelegate - Bootstrapping Spring Data JPA repositories in DEFAULT mode.
2025-03-07 19:26:57.678 [main] INFO  o.s.d.r.c.RepositoryConfigurationDelegate - Finished Spring Data repository scanning in 3 ms. Found 0 JPA repository interfaces.
2025-03-07 19:26:57.996 [main] INFO  o.s.b.w.e.tomcat.TomcatWebServer - Tomcat initialized with port(s): 8080 (http)
2025-03-07 19:26:58.002 [main] INFO  o.a.coyote.http11.Http11NioProtocol - Initializing ProtocolHandler ["http-nio-8080"]
2025-03-07 19:26:58.002 [main] INFO  o.a.catalina.core.StandardService - Starting service [Tomcat]
2025-03-07 19:26:58.002 [main] INFO  o.a.catalina.core.StandardEngine - Starting Servlet engine: [Apache Tomcat/9.0.68]
2025-03-07 19:26:58.076 [main] INFO  o.a.c.c.C.[Tomcat].[localhost].[/] - Initializing Spring embedded WebApplicationContext
2025-03-07 19:26:58.076 [main] INFO  o.s.b.w.s.c.ServletWebServerApplicationContext - Root WebApplicationContext: initialization completed in 679 ms
2025-03-07 19:26:58.095 [main] INFO  com.zaxxer.hikari.HikariDataSource - HikariPool-1 - Starting...
2025-03-07 19:26:58.206 [main] INFO  com.zaxxer.hikari.HikariDataSource - HikariPool-1 - Start completed.
2025-03-07 19:26:58.212 [main] INFO  o.s.b.a.h.H2ConsoleAutoConfiguration - H2 console available at '/h2-console'. Database available at 'jdbc:h2:mem:chatdb'
2025-03-07 19:26:58.296 [main] INFO  o.h.jpa.internal.util.LogHelper - HHH000204: Processing PersistenceUnitInfo [name: default]
2025-03-07 19:26:58.320 [main] INFO  org.hibernate.Version - HHH000412: Hibernate ORM core version 5.6.12.Final
2025-03-07 19:26:58.404 [main] INFO  o.h.annotations.common.Version - HCANN000001: Hibernate Commons Annotations {5.1.2.Final}
2025-03-07 19:26:58.451 [main] INFO  org.hibernate.dialect.Dialect - HHH000400: Using dialect: org.hibernate.dialect.H2Dialect
2025-03-07 19:26:58.560 [main] INFO  o.h.e.t.j.p.i.JtaPlatformInitiator - HHH000490: Using JtaPlatform implementation: [org.hibernate.engine.transaction.jta.platform.internal.NoJtaPlatform]
2025-03-07 19:26:58.564 [main] INFO  o.s.o.j.LocalContainerEntityManagerFactoryBean - Initialized JPA EntityManagerFactory for persistence unit 'default'
2025-03-07 19:26:58.660 [main] WARN  o.s.b.a.o.j.JpaBaseConfiguration$JpaWebConfiguration - spring.jpa.open-in-view is enabled by default. Therefore, database queries may be performed during view rendering. Explicitly configure spring.jpa.open-in-view to disable this warning
2025-03-07 19:26:58.808 [main] WARN  o.s.b.a.s.s.UserDetailsServiceAutoConfiguration - 

Using generated security password: acf7b982-7b77-47ee-b88a-2456944511e1

This generated password is for development use only. Your security configuration must be updated before running your application in production.

2025-03-07 19:26:58.868 [main] INFO  o.s.s.web.DefaultSecurityFilterChain - Will secure any request with [org.springframework.security.web.session.DisableEncodeUrlFilter@2d2f09a4, org.springframework.security.web.context.request.async.WebAsyncManagerIntegrationFilter@c677d7e, org.springframework.security.web.context.SecurityContextPersistenceFilter@4ac7856f, org.springframework.security.web.header.HeaderWriterFilter@11c999da, org.springframework.security.web.csrf.CsrfFilter@6297cb4b, org.springframework.security.web.authentication.logout.LogoutFilter@e171f93, org.springframework.security.web.authentication.UsernamePasswordAuthenticationFilter@495e8a3, org.springframework.security.web.authentication.ui.DefaultLoginPageGeneratingFilter@6dde1bf5, org.springframework.security.web.authentication.ui.DefaultLogoutPageGeneratingFilter@215a0264, org.springframework.security.web.authentication.www.BasicAuthenticationFilter@74eab077, org.springframework.security.web.savedrequest.RequestCacheAwareFilter@297c3a43, org.springframework.security.web.servletapi.SecurityContextHolderAwareRequestFilter@4c79ca55, org.springframework.security.web.authentication.AnonymousAuthenticationFilter@45832b85, org.springframework.security.web.session.SessionManagementFilter@4ab86b2a, org.springframework.security.web.access.ExceptionTranslationFilter@1e000a17, org.springframework.security.web.access.intercept.FilterSecurityInterceptor@22ff11ef]
2025-03-07 19:26:58.888 [main] INFO  o.a.coyote.http11.Http11NioProtocol - Starting ProtocolHandler ["http-nio-8080"]
2025-03-07 19:26:58.903 [main] INFO  o.s.b.w.e.tomcat.TomcatWebServer - Tomcat started on port(s): 8080 (http) with context path ''
2025-03-07 19:26:58.904 [main] INFO  o.s.m.s.b.SimpleBrokerMessageHandler - Starting...
2025-03-07 19:26:58.904 [main] INFO  o.s.m.s.b.SimpleBrokerMessageHandler - BrokerAvailabilityEvent[available=true, SimpleBrokerMessageHandler [org.springframework.messaging.simp.broker.DefaultSubscriptionRegistry@5d15789f]]
2025-03-07 19:26:58.904 [main] INFO  o.s.m.s.b.SimpleBrokerMessageHandler - Started.
2025-03-07 19:26:58.909 [main] INFO  com.chatapp.RealtimeChatApplication - Started RealtimeChatApplication in 1.796 seconds (JVM running for 2.026)
2025-03-07 19:27:00.749 [http-nio-8080-exec-2] INFO  o.a.c.c.C.[Tomcat].[localhost].[/] - Initializing Spring DispatcherServlet 'dispatcherServlet'
2025-03-07 19:27:00.749 [http-nio-8080-exec-2] INFO  o.s.web.servlet.DispatcherServlet - Initializing Servlet 'dispatcherServlet'
2025-03-07 19:27:00.750 [http-nio-8080-exec-2] INFO  o.s.web.servlet.DispatcherServlet - Completed initialization in 1 ms
2025-03-07 19:27:58.659 [MessageBroker-1] INFO  o.s.w.s.c.WebSocketMessageBrokerStats - WebSocketSession[0 current WS(0)-HttpStream(0)-HttpPoll(0), 0 total, 0 closed abnormally (0 connect failure, 0 send limit, 0 transport error)], stompSubProtocol[processed CONNECT(0)-CONNECTED(0)-DISCONNECT(0)], stompBrokerRelay[null], inboundChannel[pool size = 0, active threads = 0, queued tasks = 0, completed tasks = 0], outboundChannel[pool size = 0, active threads = 0, queued tasks = 0, completed tasks = 0], sockJsScheduler[pool size = 1, active threads = 1, queued tasks = 0, completed tasks = 0]
2025-03-07 19:50:08.585 [main] INFO  com.chatapp.RealtimeChatApplication - Starting RealtimeChatApplication using Java 21.0.6 on suyuan with PID 2340 (D:\Answer\es\backend\target\classes started by lenovo in D:\Answer\es\backend)
2025-03-07 19:50:08.586 [main] INFO  com.chatapp.RealtimeChatApplication - No active profile set, falling back to 1 default profile: "default"
2025-03-07 19:50:08.981 [main] INFO  o.s.d.r.c.RepositoryConfigurationDelegate - Bootstrapping Spring Data JPA repositories in DEFAULT mode.
2025-03-07 19:50:08.989 [main] INFO  o.s.d.r.c.RepositoryConfigurationDelegate - Finished Spring Data repository scanning in 3 ms. Found 0 JPA repository interfaces.
2025-03-07 19:50:09.325 [main] INFO  o.s.b.w.e.tomcat.TomcatWebServer - Tomcat initialized with port(s): 8080 (http)
2025-03-07 19:50:09.333 [main] INFO  o.a.coyote.http11.Http11NioProtocol - Initializing ProtocolHandler ["http-nio-8080"]
2025-03-07 19:50:09.333 [main] INFO  o.a.catalina.core.StandardService - Starting service [Tomcat]
2025-03-07 19:50:09.333 [main] INFO  o.a.catalina.core.StandardEngine - Starting Servlet engine: [Apache Tomcat/9.0.68]
2025-03-07 19:50:09.408 [main] INFO  o.a.c.c.C.[Tomcat].[localhost].[/] - Initializing Spring embedded WebApplicationContext
2025-03-07 19:50:09.408 [main] INFO  o.s.b.w.s.c.ServletWebServerApplicationContext - Root WebApplicationContext: initialization completed in 793 ms
2025-03-07 19:50:09.429 [main] INFO  com.zaxxer.hikari.HikariDataSource - HikariPool-1 - Starting...
2025-03-07 19:50:09.547 [main] INFO  com.zaxxer.hikari.HikariDataSource - HikariPool-1 - Start completed.
2025-03-07 19:50:09.553 [main] INFO  o.s.b.a.h.H2ConsoleAutoConfiguration - H2 console available at '/h2-console'. Database available at 'jdbc:h2:mem:chatdb'
2025-03-07 19:50:09.635 [main] INFO  o.h.jpa.internal.util.LogHelper - HHH000204: Processing PersistenceUnitInfo [name: default]
2025-03-07 19:50:09.657 [main] INFO  org.hibernate.Version - HHH000412: Hibernate ORM core version 5.6.12.Final
2025-03-07 19:50:09.733 [main] INFO  o.h.annotations.common.Version - HCANN000001: Hibernate Commons Annotations {5.1.2.Final}
2025-03-07 19:50:09.783 [main] INFO  org.hibernate.dialect.Dialect - HHH000400: Using dialect: org.hibernate.dialect.H2Dialect
2025-03-07 19:50:09.899 [main] INFO  o.h.e.t.j.p.i.JtaPlatformInitiator - HHH000490: Using JtaPlatform implementation: [org.hibernate.engine.transaction.jta.platform.internal.NoJtaPlatform]
2025-03-07 19:50:09.903 [main] INFO  o.s.o.j.LocalContainerEntityManagerFactoryBean - Initialized JPA EntityManagerFactory for persistence unit 'default'
2025-03-07 19:50:10.000 [main] WARN  o.s.b.a.o.j.JpaBaseConfiguration$JpaWebConfiguration - spring.jpa.open-in-view is enabled by default. Therefore, database queries may be performed during view rendering. Explicitly configure spring.jpa.open-in-view to disable this warning
2025-03-07 19:50:10.168 [main] WARN  o.s.b.a.s.s.UserDetailsServiceAutoConfiguration - 

Using generated security password: c4fde671-0dcd-41f1-ab18-d2ee86e83234

This generated password is for development use only. Your security configuration must be updated before running your application in production.

2025-03-07 19:50:10.227 [main] INFO  o.s.s.web.DefaultSecurityFilterChain - Will secure any request with [org.springframework.security.web.session.DisableEncodeUrlFilter@4adcc981, org.springframework.security.web.context.request.async.WebAsyncManagerIntegrationFilter@73aae7a, org.springframework.security.web.context.SecurityContextPersistenceFilter@627d35ff, org.springframework.security.web.header.HeaderWriterFilter@72ec16f8, org.springframework.security.web.csrf.CsrfFilter@12e3f4ae, org.springframework.security.web.authentication.logout.LogoutFilter@7619fbe7, org.springframework.security.web.authentication.UsernamePasswordAuthenticationFilter@32069394, org.springframework.security.web.authentication.ui.DefaultLoginPageGeneratingFilter@312819ae, org.springframework.security.web.authentication.ui.DefaultLogoutPageGeneratingFilter@3856d0cb, org.springframework.security.web.authentication.www.BasicAuthenticationFilter@4ac0ed65, org.springframework.security.web.savedrequest.RequestCacheAwareFilter@3245efdb, org.springframework.security.web.servletapi.SecurityContextHolderAwareRequestFilter@2f0e7fa8, org.springframework.security.web.authentication.AnonymousAuthenticationFilter@2125535d, org.springframework.security.web.session.SessionManagementFilter@af3295f, org.springframework.security.web.access.ExceptionTranslationFilter@534fc1f7, org.springframework.security.web.access.intercept.FilterSecurityInterceptor@65ff4b8c]
2025-03-07 19:50:10.244 [main] INFO  o.a.coyote.http11.Http11NioProtocol - Starting ProtocolHandler ["http-nio-8080"]
2025-03-07 19:50:10.260 [main] INFO  o.s.b.w.e.tomcat.TomcatWebServer - Tomcat started on port(s): 8080 (http) with context path ''
2025-03-07 19:50:10.261 [main] INFO  o.s.m.s.b.SimpleBrokerMessageHandler - Starting...
2025-03-07 19:50:10.261 [main] INFO  o.s.m.s.b.SimpleBrokerMessageHandler - BrokerAvailabilityEvent[available=true, SimpleBrokerMessageHandler [org.springframework.messaging.simp.broker.DefaultSubscriptionRegistry@5d15789f]]
2025-03-07 19:50:10.261 [main] INFO  o.s.m.s.b.SimpleBrokerMessageHandler - Started.
2025-03-07 19:50:10.266 [main] INFO  com.chatapp.RealtimeChatApplication - Started RealtimeChatApplication in 1.982 seconds (JVM running for 2.205)
2025-03-07 19:50:16.029 [http-nio-8080-exec-4] INFO  o.a.c.c.C.[Tomcat].[localhost].[/] - Initializing Spring DispatcherServlet 'dispatcherServlet'
2025-03-07 19:50:16.029 [http-nio-8080-exec-4] INFO  o.s.web.servlet.DispatcherServlet - Initializing Servlet 'dispatcherServlet'
2025-03-07 19:50:16.030 [http-nio-8080-exec-4] INFO  o.s.web.servlet.DispatcherServlet - Completed initialization in 1 ms
2025-03-07 19:51:09.989 [MessageBroker-1] INFO  o.s.w.s.c.WebSocketMessageBrokerStats - WebSocketSession[0 current WS(0)-HttpStream(0)-HttpPoll(0), 0 total, 0 closed abnormally (0 connect failure, 0 send limit, 0 transport error)], stompSubProtocol[processed CONNECT(0)-CONNECTED(0)-DISCONNECT(0)], stompBrokerRelay[null], inboundChannel[pool size = 0, active threads = 0, queued tasks = 0, completed tasks = 0], outboundChannel[pool size = 0, active threads = 0, queued tasks = 0, completed tasks = 0], sockJsScheduler[pool size = 1, active threads = 1, queued tasks = 0, completed tasks = 0]
2025-03-07 19:51:44.725 [main] INFO  com.chatapp.RealtimeChatApplication - Starting RealtimeChatApplication using Java 21.0.6 on suyuan with PID 19904 (D:\Answer\es\backend\target\classes started by lenovo in D:\Answer\es\backend)
2025-03-07 19:51:44.727 [main] INFO  com.chatapp.RealtimeChatApplication - No active profile set, falling back to 1 default profile: "default"
2025-03-07 19:51:45.071 [main] INFO  o.s.d.r.c.RepositoryConfigurationDelegate - Bootstrapping Spring Data JPA repositories in DEFAULT mode.
2025-03-07 19:51:45.078 [main] INFO  o.s.d.r.c.RepositoryConfigurationDelegate - Finished Spring Data repository scanning in 3 ms. Found 0 JPA repository interfaces.
2025-03-07 19:51:45.444 [main] INFO  o.s.b.w.e.tomcat.TomcatWebServer - Tomcat initialized with port(s): 8080 (http)
2025-03-07 19:51:45.450 [main] INFO  o.a.coyote.http11.Http11NioProtocol - Initializing ProtocolHandler ["http-nio-8080"]
2025-03-07 19:51:45.450 [main] INFO  o.a.catalina.core.StandardService - Starting service [Tomcat]
2025-03-07 19:51:45.451 [main] INFO  o.a.catalina.core.StandardEngine - Starting Servlet engine: [Apache Tomcat/9.0.68]
2025-03-07 19:51:45.527 [main] INFO  o.a.c.c.C.[Tomcat].[localhost].[/] - Initializing Spring embedded WebApplicationContext
2025-03-07 19:51:45.527 [main] INFO  o.s.b.w.s.c.ServletWebServerApplicationContext - Root WebApplicationContext: initialization completed in 770 ms
2025-03-07 19:51:45.548 [main] INFO  com.zaxxer.hikari.HikariDataSource - HikariPool-1 - Starting...
2025-03-07 19:51:45.657 [main] INFO  com.zaxxer.hikari.HikariDataSource - HikariPool-1 - Start completed.
2025-03-07 19:51:45.663 [main] INFO  o.s.b.a.h.H2ConsoleAutoConfiguration - H2 console available at '/h2-console'. Database available at 'jdbc:h2:mem:chatdb'
2025-03-07 19:51:45.753 [main] INFO  o.h.jpa.internal.util.LogHelper - HHH000204: Processing PersistenceUnitInfo [name: default]
2025-03-07 19:51:45.779 [main] INFO  org.hibernate.Version - HHH000412: Hibernate ORM core version 5.6.12.Final
2025-03-07 19:51:45.863 [main] INFO  o.h.annotations.common.Version - HCANN000001: Hibernate Commons Annotations {5.1.2.Final}
2025-03-07 19:51:45.923 [main] INFO  org.hibernate.dialect.Dialect - HHH000400: Using dialect: org.hibernate.dialect.H2Dialect
2025-03-07 19:51:46.029 [main] INFO  o.h.e.t.j.p.i.JtaPlatformInitiator - HHH000490: Using JtaPlatform implementation: [org.hibernate.engine.transaction.jta.platform.internal.NoJtaPlatform]
2025-03-07 19:51:46.033 [main] INFO  o.s.o.j.LocalContainerEntityManagerFactoryBean - Initialized JPA EntityManagerFactory for persistence unit 'default'
2025-03-07 19:51:46.127 [main] WARN  o.s.b.a.o.j.JpaBaseConfiguration$JpaWebConfiguration - spring.jpa.open-in-view is enabled by default. Therefore, database queries may be performed during view rendering. Explicitly configure spring.jpa.open-in-view to disable this warning
2025-03-07 19:51:46.268 [main] WARN  o.s.b.a.s.s.UserDetailsServiceAutoConfiguration - 

Using generated security password: 700e55fb-9990-4add-8d12-3865e5c102ca

This generated password is for development use only. Your security configuration must be updated before running your application in production.

2025-03-07 19:51:46.324 [main] INFO  o.s.s.web.DefaultSecurityFilterChain - Will secure any request with [org.springframework.security.web.session.DisableEncodeUrlFilter@74eab077, org.springframework.security.web.context.request.async.WebAsyncManagerIntegrationFilter@3063be68, org.springframework.security.web.context.SecurityContextPersistenceFilter@4ab86b2a, org.springframework.security.web.header.HeaderWriterFilter@126af200, org.springframework.security.web.csrf.CsrfFilter@6150afc6, org.springframework.security.web.authentication.logout.LogoutFilter@614d7fbf, org.springframework.security.web.authentication.UsernamePasswordAuthenticationFilter@23d978b, org.springframework.security.web.authentication.ui.DefaultLoginPageGeneratingFilter@3c4ad54, org.springframework.security.web.authentication.ui.DefaultLogoutPageGeneratingFilter@3a3bc0da, org.springframework.security.web.authentication.www.BasicAuthenticationFilter@5de335cf, org.springframework.security.web.savedrequest.RequestCacheAwareFilter@2ac9e53c, org.springframework.security.web.servletapi.SecurityContextHolderAwareRequestFilter@4ac7856f, org.springframework.security.web.authentication.AnonymousAuthenticationFilter@2d2f09a4, org.springframework.security.web.session.SessionManagementFilter@77d959f1, org.springframework.security.web.access.ExceptionTranslationFilter@7bb25046, org.springframework.security.web.access.intercept.FilterSecurityInterceptor@2a510e0e]
2025-03-07 19:51:46.346 [main] INFO  o.a.coyote.http11.Http11NioProtocol - Starting ProtocolHandler ["http-nio-8080"]
2025-03-07 19:51:46.361 [main] INFO  o.s.b.w.e.tomcat.TomcatWebServer - Tomcat started on port(s): 8080 (http) with context path ''
2025-03-07 19:51:46.362 [main] INFO  o.s.m.s.b.SimpleBrokerMessageHandler - Starting...
2025-03-07 19:51:46.362 [main] INFO  o.s.m.s.b.SimpleBrokerMessageHandler - BrokerAvailabilityEvent[available=true, SimpleBrokerMessageHandler [org.springframework.messaging.simp.broker.DefaultSubscriptionRegistry@5abb7a8f]]
2025-03-07 19:51:46.362 [main] INFO  o.s.m.s.b.SimpleBrokerMessageHandler - Started.
2025-03-07 19:51:46.366 [main] INFO  com.chatapp.RealtimeChatApplication - Started RealtimeChatApplication in 1.925 seconds (JVM running for 2.172)
2025-03-07 19:52:46.120 [MessageBroker-1] INFO  o.s.w.s.c.WebSocketMessageBrokerStats - WebSocketSession[0 current WS(0)-HttpStream(0)-HttpPoll(0), 0 total, 0 closed abnormally (0 connect failure, 0 send limit, 0 transport error)], stompSubProtocol[processed CONNECT(0)-CONNECTED(0)-DISCONNECT(0)], stompBrokerRelay[null], inboundChannel[pool size = 0, active threads = 0, queued tasks = 0, completed tasks = 0], outboundChannel[pool size = 0, active threads = 0, queued tasks = 0, completed tasks = 0], sockJsScheduler[pool size = 1, active threads = 1, queued tasks = 0, completed tasks = 0]
2025-03-07 19:53:58.955 [main] INFO  com.chatapp.RealtimeChatApplication - Starting RealtimeChatApplication using Java 21.0.6 on suyuan with PID 21776 (D:\Answer\es\backend\target\classes started by lenovo in D:\Answer\es\backend)
2025-03-07 19:53:58.957 [main] INFO  com.chatapp.RealtimeChatApplication - No active profile set, falling back to 1 default profile: "default"
2025-03-07 19:53:59.270 [main] INFO  o.s.d.r.c.RepositoryConfigurationDelegate - Bootstrapping Spring Data JPA repositories in DEFAULT mode.
2025-03-07 19:53:59.277 [main] INFO  o.s.d.r.c.RepositoryConfigurationDelegate - Finished Spring Data repository scanning in 3 ms. Found 0 JPA repository interfaces.
2025-03-07 19:53:59.607 [main] INFO  o.s.b.w.e.tomcat.TomcatWebServer - Tomcat initialized with port(s): 8080 (http)
2025-03-07 19:53:59.612 [main] INFO  o.a.coyote.http11.Http11NioProtocol - Initializing ProtocolHandler ["http-nio-8080"]
2025-03-07 19:53:59.613 [main] INFO  o.a.catalina.core.StandardService - Starting service [Tomcat]
2025-03-07 19:53:59.613 [main] INFO  o.a.catalina.core.StandardEngine - Starting Servlet engine: [Apache Tomcat/9.0.68]
2025-03-07 19:53:59.691 [main] INFO  o.a.c.c.C.[Tomcat].[localhost].[/] - Initializing Spring embedded WebApplicationContext
2025-03-07 19:53:59.692 [main] INFO  o.s.b.w.s.c.ServletWebServerApplicationContext - Root WebApplicationContext: initialization completed in 707 ms
2025-03-07 19:53:59.713 [main] INFO  com.zaxxer.hikari.HikariDataSource - HikariPool-1 - Starting...
2025-03-07 19:53:59.830 [main] INFO  com.zaxxer.hikari.HikariDataSource - HikariPool-1 - Start completed.
2025-03-07 19:53:59.866 [main] INFO  o.s.b.a.h.H2ConsoleAutoConfiguration - H2 console available at '/h2-console'. Database available at 'jdbc:h2:mem:chatdb'
2025-03-07 19:53:59.949 [main] INFO  o.h.jpa.internal.util.LogHelper - HHH000204: Processing PersistenceUnitInfo [name: default]
2025-03-07 19:53:59.972 [main] INFO  org.hibernate.Version - HHH000412: Hibernate ORM core version 5.6.12.Final
2025-03-07 19:54:00.051 [main] INFO  o.h.annotations.common.Version - HCANN000001: Hibernate Commons Annotations {5.1.2.Final}
2025-03-07 19:54:00.101 [main] INFO  org.hibernate.dialect.Dialect - HHH000400: Using dialect: org.hibernate.dialect.H2Dialect
2025-03-07 19:54:00.211 [main] INFO  o.h.e.t.j.p.i.JtaPlatformInitiator - HHH000490: Using JtaPlatform implementation: [org.hibernate.engine.transaction.jta.platform.internal.NoJtaPlatform]
2025-03-07 19:54:00.215 [main] INFO  o.s.o.j.LocalContainerEntityManagerFactoryBean - Initialized JPA EntityManagerFactory for persistence unit 'default'
2025-03-07 19:54:00.306 [main] WARN  o.s.b.a.o.j.JpaBaseConfiguration$JpaWebConfiguration - spring.jpa.open-in-view is enabled by default. Therefore, database queries may be performed during view rendering. Explicitly configure spring.jpa.open-in-view to disable this warning
2025-03-07 19:54:00.463 [main] WARN  o.s.b.a.s.s.UserDetailsServiceAutoConfiguration - 

Using generated security password: 4f6db9d1-0062-4539-a671-1b8d448e3cae

This generated password is for development use only. Your security configuration must be updated before running your application in production.

2025-03-07 19:54:00.521 [main] INFO  o.s.s.web.DefaultSecurityFilterChain - Will secure any request with [org.springframework.security.web.session.DisableEncodeUrlFilter@4efed0e0, org.springframework.security.web.context.request.async.WebAsyncManagerIntegrationFilter@4ac0ed65, org.springframework.security.web.context.SecurityContextPersistenceFilter@279e1422, org.springframework.security.web.header.HeaderWriterFilter@19e2db7c, org.springframework.security.web.csrf.CsrfFilter@2fa47368, org.springframework.security.web.authentication.logout.LogoutFilter@77e730bd, org.springframework.security.web.authentication.UsernamePasswordAuthenticationFilter@b81938d, org.springframework.security.web.authentication.ui.DefaultLoginPageGeneratingFilter@24d7657b, org.springframework.security.web.authentication.ui.DefaultLogoutPageGeneratingFilter@5c7c75fb, org.springframework.security.web.authentication.www.BasicAuthenticationFilter@614cbec4, org.springframework.security.web.savedrequest.RequestCacheAwareFilter@27dc81be, org.springframework.security.web.servletapi.SecurityContextHolderAwareRequestFilter@3595086b, org.springframework.security.web.authentication.AnonymousAuthenticationFilter@729d6ee2, org.springframework.security.web.session.SessionManagementFilter@534fc1f7, org.springframework.security.web.access.ExceptionTranslationFilter@2cff03cf, org.springframework.security.web.access.intercept.FilterSecurityInterceptor@270f7b4d]
2025-03-07 19:54:00.540 [main] INFO  o.a.coyote.http11.Http11NioProtocol - Starting ProtocolHandler ["http-nio-8080"]
2025-03-07 19:54:00.545 [main] WARN  o.s.b.w.s.c.AnnotationConfigServletWebServerApplicationContext - Exception encountered during context initialization - cancelling refresh attempt: org.springframework.context.ApplicationContextException: Failed to start bean 'webServerStartStop'; nested exception is org.springframework.boot.web.server.PortInUseException: Port 8080 is already in use
2025-03-07 19:54:00.547 [main] INFO  o.s.o.j.LocalContainerEntityManagerFactoryBean - Closing JPA EntityManagerFactory for persistence unit 'default'
2025-03-07 19:54:00.548 [main] INFO  com.zaxxer.hikari.HikariDataSource - HikariPool-1 - Shutdown initiated...
2025-03-07 19:54:00.549 [main] INFO  com.zaxxer.hikari.HikariDataSource - HikariPool-1 - Shutdown completed.
2025-03-07 19:54:00.549 [main] INFO  o.a.coyote.http11.Http11NioProtocol - Pausing ProtocolHandler ["http-nio-8080"]
2025-03-07 19:54:00.549 [main] INFO  o.a.catalina.core.StandardService - Stopping service [Tomcat]
2025-03-07 19:54:00.553 [main] INFO  o.a.coyote.http11.Http11NioProtocol - Stopping ProtocolHandler ["http-nio-8080"]
2025-03-07 19:54:00.553 [main] INFO  o.a.coyote.http11.Http11NioProtocol - Destroying ProtocolHandler ["http-nio-8080"]
2025-03-07 19:54:00.557 [main] INFO  o.s.b.a.l.ConditionEvaluationReportLoggingListener - 

Error starting ApplicationContext. To display the conditions report re-run your application with 'debug' enabled.
2025-03-07 19:54:00.565 [main] ERROR o.s.b.d.LoggingFailureAnalysisReporter - 

***************************
APPLICATION FAILED TO START
***************************

Description:

Web server failed to start. Port 8080 was already in use.

Action:

Identify and stop the process that's listening on port 8080 or configure this application to listen on another port.

2025-03-07 19:57:47.003 [main] INFO  com.chatapp.RealtimeChatApplication - Starting RealtimeChatApplication using Java 21.0.6 on suyuan with PID 11416 (D:\Answer\es\backend\target\classes started by lenovo in D:\Answer\es\backend)
2025-03-07 19:57:47.004 [main] INFO  com.chatapp.RealtimeChatApplication - No active profile set, falling back to 1 default profile: "default"
2025-03-07 19:57:47.314 [main] INFO  o.s.d.r.c.RepositoryConfigurationDelegate - Bootstrapping Spring Data JPA repositories in DEFAULT mode.
2025-03-07 19:57:47.321 [main] INFO  o.s.d.r.c.RepositoryConfigurationDelegate - Finished Spring Data repository scanning in 3 ms. Found 0 JPA repository interfaces.
2025-03-07 19:57:47.650 [main] INFO  o.s.b.w.e.tomcat.TomcatWebServer - Tomcat initialized with port(s): 8080 (http)
2025-03-07 19:57:47.657 [main] INFO  o.a.coyote.http11.Http11NioProtocol - Initializing ProtocolHandler ["http-nio-8080"]
2025-03-07 19:57:47.658 [main] INFO  o.a.catalina.core.StandardService - Starting service [Tomcat]
2025-03-07 19:57:47.658 [main] INFO  o.a.catalina.core.StandardEngine - Starting Servlet engine: [Apache Tomcat/9.0.68]
2025-03-07 19:57:47.725 [main] INFO  o.a.c.c.C.[Tomcat].[localhost].[/] - Initializing Spring embedded WebApplicationContext
2025-03-07 19:57:47.725 [main] INFO  o.s.b.w.s.c.ServletWebServerApplicationContext - Root WebApplicationContext: initialization completed in 694 ms
2025-03-07 19:57:47.744 [main] INFO  com.zaxxer.hikari.HikariDataSource - HikariPool-1 - Starting...
2025-03-07 19:57:47.855 [main] INFO  com.zaxxer.hikari.HikariDataSource - HikariPool-1 - Start completed.
2025-03-07 19:57:47.860 [main] INFO  o.s.b.a.h.H2ConsoleAutoConfiguration - H2 console available at '/h2-console'. Database available at 'jdbc:h2:mem:chatdb'
2025-03-07 19:57:47.942 [main] INFO  o.h.jpa.internal.util.LogHelper - HHH000204: Processing PersistenceUnitInfo [name: default]
2025-03-07 19:57:47.968 [main] INFO  org.hibernate.Version - HHH000412: Hibernate ORM core version 5.6.12.Final
2025-03-07 19:57:48.046 [main] INFO  o.h.annotations.common.Version - HCANN000001: Hibernate Commons Annotations {5.1.2.Final}
2025-03-07 19:57:48.099 [main] INFO  org.hibernate.dialect.Dialect - HHH000400: Using dialect: org.hibernate.dialect.H2Dialect
2025-03-07 19:57:48.207 [main] INFO  o.h.e.t.j.p.i.JtaPlatformInitiator - HHH000490: Using JtaPlatform implementation: [org.hibernate.engine.transaction.jta.platform.internal.NoJtaPlatform]
2025-03-07 19:57:48.211 [main] INFO  o.s.o.j.LocalContainerEntityManagerFactoryBean - Initialized JPA EntityManagerFactory for persistence unit 'default'
2025-03-07 19:57:48.302 [main] WARN  o.s.b.a.o.j.JpaBaseConfiguration$JpaWebConfiguration - spring.jpa.open-in-view is enabled by default. Therefore, database queries may be performed during view rendering. Explicitly configure spring.jpa.open-in-view to disable this warning
2025-03-07 19:57:48.450 [main] WARN  o.s.b.a.s.s.UserDetailsServiceAutoConfiguration - 

Using generated security password: ce6675c1-abfd-486a-a924-962390db59e7

This generated password is for development use only. Your security configuration must be updated before running your application in production.

2025-03-07 19:57:48.509 [main] INFO  o.s.s.web.DefaultSecurityFilterChain - Will secure any request with [org.springframework.security.web.session.DisableEncodeUrlFilter@50e8ed74, org.springframework.security.web.context.request.async.WebAsyncManagerIntegrationFilter@74eab077, org.springframework.security.web.context.SecurityContextPersistenceFilter@54f69311, org.springframework.security.web.header.HeaderWriterFilter@69b1e8f8, org.springframework.security.web.csrf.CsrfFilter@7c0b0bd9, org.springframework.security.web.authentication.logout.LogoutFilter@785d6a98, org.springframework.security.web.authentication.UsernamePasswordAuthenticationFilter@7c5ac0, org.springframework.security.web.authentication.ui.DefaultLoginPageGeneratingFilter@3a63d248, org.springframework.security.web.authentication.ui.DefaultLogoutPageGeneratingFilter@3063be68, org.springframework.security.web.authentication.www.BasicAuthenticationFilter@6c6919ff, org.springframework.security.web.savedrequest.RequestCacheAwareFilter@7793b55d, org.springframework.security.web.servletapi.SecurityContextHolderAwareRequestFilter@2ac9e53c, org.springframework.security.web.authentication.AnonymousAuthenticationFilter@3a3bc0da, org.springframework.security.web.session.SessionManagementFilter@1e000a17, org.springframework.security.web.access.ExceptionTranslationFilter@2904bc56, org.springframework.security.web.access.intercept.FilterSecurityInterceptor@18dbc1b]
2025-03-07 19:57:48.528 [main] INFO  o.a.coyote.http11.Http11NioProtocol - Starting ProtocolHandler ["http-nio-8080"]
2025-03-07 19:57:48.545 [main] INFO  o.s.b.w.e.tomcat.TomcatWebServer - Tomcat started on port(s): 8080 (http) with context path ''
2025-03-07 19:57:48.546 [main] INFO  o.s.m.s.b.SimpleBrokerMessageHandler - Starting...
2025-03-07 19:57:48.546 [main] INFO  o.s.m.s.b.SimpleBrokerMessageHandler - BrokerAvailabilityEvent[available=true, SimpleBrokerMessageHandler [org.springframework.messaging.simp.broker.DefaultSubscriptionRegistry@5d15789f]]
2025-03-07 19:57:48.546 [main] INFO  o.s.m.s.b.SimpleBrokerMessageHandler - Started.
2025-03-07 19:57:48.551 [main] INFO  com.chatapp.RealtimeChatApplication - Started RealtimeChatApplication in 1.807 seconds (JVM running for 2.043)
2025-03-07 19:57:53.490 [http-nio-8080-exec-2] INFO  o.a.c.c.C.[Tomcat].[localhost].[/] - Initializing Spring DispatcherServlet 'dispatcherServlet'
2025-03-07 19:57:53.490 [http-nio-8080-exec-2] INFO  o.s.web.servlet.DispatcherServlet - Initializing Servlet 'dispatcherServlet'
2025-03-07 19:57:53.491 [http-nio-8080-exec-2] INFO  o.s.web.servlet.DispatcherServlet - Completed initialization in 1 ms
2025-03-07 20:04:18.023 [main] INFO  com.chatapp.RealtimeChatApplication - Starting RealtimeChatApplication using Java 21.0.6 on suyuan with PID 16132 (D:\Answer\es\backend\target\classes started by lenovo in D:\Answer\es\backend)
2025-03-07 20:04:18.025 [main] INFO  com.chatapp.RealtimeChatApplication - No active profile set, falling back to 1 default profile: "default"
2025-03-07 20:04:18.341 [main] INFO  o.s.d.r.c.RepositoryConfigurationDelegate - Bootstrapping Spring Data JPA repositories in DEFAULT mode.
2025-03-07 20:04:18.348 [main] INFO  o.s.d.r.c.RepositoryConfigurationDelegate - Finished Spring Data repository scanning in 3 ms. Found 0 JPA repository interfaces.
2025-03-07 20:04:18.681 [main] INFO  o.s.b.w.e.tomcat.TomcatWebServer - Tomcat initialized with port(s): 8080 (http)
2025-03-07 20:04:18.687 [main] INFO  o.a.coyote.http11.Http11NioProtocol - Initializing ProtocolHandler ["http-nio-8080"]
2025-03-07 20:04:18.687 [main] INFO  o.a.catalina.core.StandardService - Starting service [Tomcat]
2025-03-07 20:04:18.687 [main] INFO  o.a.catalina.core.StandardEngine - Starting Servlet engine: [Apache Tomcat/9.0.68]
2025-03-07 20:04:18.764 [main] INFO  o.a.c.c.C.[Tomcat].[localhost].[/] - Initializing Spring embedded WebApplicationContext
2025-03-07 20:04:18.764 [main] INFO  o.s.b.w.s.c.ServletWebServerApplicationContext - Root WebApplicationContext: initialization completed in 707 ms
2025-03-07 20:04:18.785 [main] INFO  com.zaxxer.hikari.HikariDataSource - HikariPool-1 - Starting...
2025-03-07 20:04:18.888 [main] INFO  com.zaxxer.hikari.HikariDataSource - HikariPool-1 - Start completed.
2025-03-07 20:04:18.896 [main] INFO  o.s.b.a.h.H2ConsoleAutoConfiguration - H2 console available at '/h2-console'. Database available at 'jdbc:h2:mem:chatdb'
2025-03-07 20:04:18.981 [main] INFO  o.h.jpa.internal.util.LogHelper - HHH000204: Processing PersistenceUnitInfo [name: default]
2025-03-07 20:04:19.004 [main] INFO  org.hibernate.Version - HHH000412: Hibernate ORM core version 5.6.12.Final
2025-03-07 20:04:19.089 [main] INFO  o.h.annotations.common.Version - HCANN000001: Hibernate Commons Annotations {5.1.2.Final}
2025-03-07 20:04:19.150 [main] INFO  org.hibernate.dialect.Dialect - HHH000400: Using dialect: org.hibernate.dialect.H2Dialect
2025-03-07 20:04:19.266 [main] INFO  o.h.e.t.j.p.i.JtaPlatformInitiator - HHH000490: Using JtaPlatform implementation: [org.hibernate.engine.transaction.jta.platform.internal.NoJtaPlatform]
2025-03-07 20:04:19.272 [main] INFO  o.s.o.j.LocalContainerEntityManagerFactoryBean - Initialized JPA EntityManagerFactory for persistence unit 'default'
2025-03-07 20:04:19.369 [main] WARN  o.s.b.a.o.j.JpaBaseConfiguration$JpaWebConfiguration - spring.jpa.open-in-view is enabled by default. Therefore, database queries may be performed during view rendering. Explicitly configure spring.jpa.open-in-view to disable this warning
2025-03-07 20:04:19.521 [main] WARN  o.s.b.a.s.s.UserDetailsServiceAutoConfiguration - 

Using generated security password: fd591571-57d4-40c0-a4bc-0c226b914e0c

This generated password is for development use only. Your security configuration must be updated before running your application in production.

2025-03-07 20:04:19.585 [main] INFO  o.s.s.web.DefaultSecurityFilterChain - Will secure any request with [org.springframework.security.web.session.DisableEncodeUrlFilter@50e8ed74, org.springframework.security.web.context.request.async.WebAsyncManagerIntegrationFilter@74eab077, org.springframework.security.web.context.SecurityContextPersistenceFilter@54f69311, org.springframework.security.web.header.HeaderWriterFilter@69b1e8f8, org.springframework.security.web.csrf.CsrfFilter@7c0b0bd9, org.springframework.security.web.authentication.logout.LogoutFilter@785d6a98, org.springframework.security.web.authentication.UsernamePasswordAuthenticationFilter@7c5ac0, org.springframework.security.web.authentication.ui.DefaultLoginPageGeneratingFilter@3a63d248, org.springframework.security.web.authentication.ui.DefaultLogoutPageGeneratingFilter@3063be68, org.springframework.security.web.authentication.www.BasicAuthenticationFilter@6c6919ff, org.springframework.security.web.savedrequest.RequestCacheAwareFilter@7793b55d, org.springframework.security.web.servletapi.SecurityContextHolderAwareRequestFilter@2ac9e53c, org.springframework.security.web.authentication.AnonymousAuthenticationFilter@3a3bc0da, org.springframework.security.web.session.SessionManagementFilter@1e000a17, org.springframework.security.web.access.ExceptionTranslationFilter@2904bc56, org.springframework.security.web.access.intercept.FilterSecurityInterceptor@18dbc1b]
2025-03-07 20:04:19.608 [main] INFO  o.a.coyote.http11.Http11NioProtocol - Starting ProtocolHandler ["http-nio-8080"]
2025-03-07 20:04:19.625 [main] INFO  o.s.b.w.e.tomcat.TomcatWebServer - Tomcat started on port(s): 8080 (http) with context path ''
2025-03-07 20:04:19.626 [main] INFO  o.s.m.s.b.SimpleBrokerMessageHandler - Starting...
2025-03-07 20:04:19.627 [main] INFO  o.s.m.s.b.SimpleBrokerMessageHandler - BrokerAvailabilityEvent[available=true, SimpleBrokerMessageHandler [org.springframework.messaging.simp.broker.DefaultSubscriptionRegistry@5d15789f]]
2025-03-07 20:04:19.627 [main] INFO  o.s.m.s.b.SimpleBrokerMessageHandler - Started.
2025-03-07 20:04:19.631 [main] INFO  com.chatapp.RealtimeChatApplication - Started RealtimeChatApplication in 1.874 seconds (JVM running for 2.11)
2025-03-07 20:05:19.359 [MessageBroker-1] INFO  o.s.w.s.c.WebSocketMessageBrokerStats - WebSocketSession[0 current WS(0)-HttpStream(0)-HttpPoll(0), 0 total, 0 closed abnormally (0 connect failure, 0 send limit, 0 transport error)], stompSubProtocol[processed CONNECT(0)-CONNECTED(0)-DISCONNECT(0)], stompBrokerRelay[null], inboundChannel[pool size = 0, active threads = 0, queued tasks = 0, completed tasks = 0], outboundChannel[pool size = 0, active threads = 0, queued tasks = 0, completed tasks = 0], sockJsScheduler[pool size = 1, active threads = 1, queued tasks = 0, completed tasks = 0]
2025-03-07 20:08:19.459 [main] INFO  com.chatapp.RealtimeChatApplication - Starting RealtimeChatApplication using Java 21.0.6 on suyuan with PID 9208 (D:\Answer\es\backend\target\classes started by lenovo in D:\Answer\es\backend)
2025-03-07 20:08:19.461 [main] INFO  com.chatapp.RealtimeChatApplication - No active profile set, falling back to 1 default profile: "default"
2025-03-07 20:08:19.803 [main] INFO  o.s.d.r.c.RepositoryConfigurationDelegate - Bootstrapping Spring Data JPA repositories in DEFAULT mode.
2025-03-07 20:08:19.813 [main] INFO  o.s.d.r.c.RepositoryConfigurationDelegate - Finished Spring Data repository scanning in 4 ms. Found 0 JPA repository interfaces.
2025-03-07 20:08:20.161 [main] INFO  o.s.b.w.e.tomcat.TomcatWebServer - Tomcat initialized with port(s): 8080 (http)
2025-03-07 20:08:20.167 [main] INFO  o.a.coyote.http11.Http11NioProtocol - Initializing ProtocolHandler ["http-nio-8080"]
2025-03-07 20:08:20.167 [main] INFO  o.a.catalina.core.StandardService - Starting service [Tomcat]
2025-03-07 20:08:20.167 [main] INFO  o.a.catalina.core.StandardEngine - Starting Servlet engine: [Apache Tomcat/9.0.68]
2025-03-07 20:08:20.237 [main] INFO  o.a.c.c.C.[Tomcat].[localhost].[/] - Initializing Spring embedded WebApplicationContext
2025-03-07 20:08:20.237 [main] INFO  o.s.b.w.s.c.ServletWebServerApplicationContext - Root WebApplicationContext: initialization completed in 746 ms
2025-03-07 20:08:20.258 [main] INFO  com.zaxxer.hikari.HikariDataSource - HikariPool-1 - Starting...
2025-03-07 20:08:20.371 [main] INFO  com.zaxxer.hikari.HikariDataSource - HikariPool-1 - Start completed.
2025-03-07 20:08:20.377 [main] INFO  o.s.b.a.h.H2ConsoleAutoConfiguration - H2 console available at '/h2-console'. Database available at 'jdbc:h2:mem:chatdb'
2025-03-07 20:08:20.459 [main] INFO  o.h.jpa.internal.util.LogHelper - HHH000204: Processing PersistenceUnitInfo [name: default]
2025-03-07 20:08:20.483 [main] INFO  org.hibernate.Version - HHH000412: Hibernate ORM core version 5.6.12.Final
2025-03-07 20:08:20.566 [main] INFO  o.h.annotations.common.Version - HCANN000001: Hibernate Commons Annotations {5.1.2.Final}
2025-03-07 20:08:20.617 [main] INFO  org.hibernate.dialect.Dialect - HHH000400: Using dialect: org.hibernate.dialect.H2Dialect
2025-03-07 20:08:20.728 [main] INFO  o.h.e.t.j.p.i.JtaPlatformInitiator - HHH000490: Using JtaPlatform implementation: [org.hibernate.engine.transaction.jta.platform.internal.NoJtaPlatform]
2025-03-07 20:08:20.733 [main] INFO  o.s.o.j.LocalContainerEntityManagerFactoryBean - Initialized JPA EntityManagerFactory for persistence unit 'default'
2025-03-07 20:08:20.830 [main] WARN  o.s.b.a.o.j.JpaBaseConfiguration$JpaWebConfiguration - spring.jpa.open-in-view is enabled by default. Therefore, database queries may be performed during view rendering. Explicitly configure spring.jpa.open-in-view to disable this warning
2025-03-07 20:08:20.976 [main] WARN  o.s.b.a.s.s.UserDetailsServiceAutoConfiguration - 

Using generated security password: ebb17f58-ab88-4a46-9b3b-bb471f9218d3

This generated password is for development use only. Your security configuration must be updated before running your application in production.

2025-03-07 20:08:21.030 [main] INFO  o.s.s.web.DefaultSecurityFilterChain - Will secure any request with [org.springframework.security.web.session.DisableEncodeUrlFilter@4adcc981, org.springframework.security.web.context.request.async.WebAsyncManagerIntegrationFilter@73aae7a, org.springframework.security.web.context.SecurityContextPersistenceFilter@627d35ff, org.springframework.security.web.header.HeaderWriterFilter@72ec16f8, org.springframework.security.web.csrf.CsrfFilter@12e3f4ae, org.springframework.security.web.authentication.logout.LogoutFilter@7619fbe7, org.springframework.security.web.authentication.UsernamePasswordAuthenticationFilter@32069394, org.springframework.security.web.authentication.ui.DefaultLoginPageGeneratingFilter@312819ae, org.springframework.security.web.authentication.ui.DefaultLogoutPageGeneratingFilter@3856d0cb, org.springframework.security.web.authentication.www.BasicAuthenticationFilter@4ac0ed65, org.springframework.security.web.savedrequest.RequestCacheAwareFilter@3245efdb, org.springframework.security.web.servletapi.SecurityContextHolderAwareRequestFilter@2f0e7fa8, org.springframework.security.web.authentication.AnonymousAuthenticationFilter@2125535d, org.springframework.security.web.session.SessionManagementFilter@af3295f, org.springframework.security.web.access.ExceptionTranslationFilter@534fc1f7, org.springframework.security.web.access.intercept.FilterSecurityInterceptor@65ff4b8c]
2025-03-07 20:08:21.048 [main] INFO  o.a.coyote.http11.Http11NioProtocol - Starting ProtocolHandler ["http-nio-8080"]
2025-03-07 20:08:21.064 [main] INFO  o.s.b.w.e.tomcat.TomcatWebServer - Tomcat started on port(s): 8080 (http) with context path ''
2025-03-07 20:08:21.065 [main] INFO  o.s.m.s.b.SimpleBrokerMessageHandler - Starting...
2025-03-07 20:08:21.065 [main] INFO  o.s.m.s.b.SimpleBrokerMessageHandler - BrokerAvailabilityEvent[available=true, SimpleBrokerMessageHandler [org.springframework.messaging.simp.broker.DefaultSubscriptionRegistry@5d15789f]]
2025-03-07 20:08:21.067 [main] INFO  o.s.m.s.b.SimpleBrokerMessageHandler - Started.
2025-03-07 20:08:21.072 [main] INFO  com.chatapp.RealtimeChatApplication - Started RealtimeChatApplication in 1.89 seconds (JVM running for 2.126)
2025-03-07 20:09:20.834 [MessageBroker-1] INFO  o.s.w.s.c.WebSocketMessageBrokerStats - WebSocketSession[0 current WS(0)-HttpStream(0)-HttpPoll(0), 0 total, 0 closed abnormally (0 connect failure, 0 send limit, 0 transport error)], stompSubProtocol[processed CONNECT(0)-CONNECTED(0)-DISCONNECT(0)], stompBrokerRelay[null], inboundChannel[pool size = 0, active threads = 0, queued tasks = 0, completed tasks = 0], outboundChannel[pool size = 0, active threads = 0, queued tasks = 0, completed tasks = 0], sockJsScheduler[pool size = 1, active threads = 1, queued tasks = 0, completed tasks = 0]
2025-03-07 20:12:00.813 [main] INFO  com.chatapp.RealtimeChatApplication - Starting RealtimeChatApplication using Java 21.0.6 on suyuan with PID 2576 (D:\Answer\es\backend\target\classes started by lenovo in D:\Answer\es\backend)
2025-03-07 20:12:00.815 [main] INFO  com.chatapp.RealtimeChatApplication - No active profile set, falling back to 1 default profile: "default"
2025-03-07 20:12:01.145 [main] INFO  o.s.d.r.c.RepositoryConfigurationDelegate - Bootstrapping Spring Data JPA repositories in DEFAULT mode.
2025-03-07 20:12:01.158 [main] INFO  o.s.d.r.c.RepositoryConfigurationDelegate - Finished Spring Data repository scanning in 8 ms. Found 0 JPA repository interfaces.
2025-03-07 20:12:01.493 [main] INFO  o.s.b.w.e.tomcat.TomcatWebServer - Tomcat initialized with port(s): 8080 (http)
2025-03-07 20:12:01.501 [main] INFO  o.a.coyote.http11.Http11NioProtocol - Initializing ProtocolHandler ["http-nio-8080"]
2025-03-07 20:12:01.501 [main] INFO  o.a.catalina.core.StandardService - Starting service [Tomcat]
2025-03-07 20:12:01.501 [main] INFO  o.a.catalina.core.StandardEngine - Starting Servlet engine: [Apache Tomcat/9.0.68]
2025-03-07 20:12:01.576 [main] INFO  o.a.c.c.C.[Tomcat].[localhost].[/] - Initializing Spring embedded WebApplicationContext
2025-03-07 20:12:01.576 [main] INFO  o.s.b.w.s.c.ServletWebServerApplicationContext - Root WebApplicationContext: initialization completed in 728 ms
2025-03-07 20:12:01.600 [main] INFO  com.zaxxer.hikari.HikariDataSource - HikariPool-1 - Starting...
2025-03-07 20:12:01.695 [main] INFO  com.zaxxer.hikari.HikariDataSource - HikariPool-1 - Start completed.
2025-03-07 20:12:01.701 [main] INFO  o.s.b.a.h.H2ConsoleAutoConfiguration - H2 console available at '/h2-console'. Database available at 'jdbc:h2:mem:chatdb'
2025-03-07 20:12:01.785 [main] INFO  o.h.jpa.internal.util.LogHelper - HHH000204: Processing PersistenceUnitInfo [name: default]
2025-03-07 20:12:01.807 [main] INFO  org.hibernate.Version - HHH000412: Hibernate ORM core version 5.6.12.Final
2025-03-07 20:12:01.894 [main] INFO  o.h.annotations.common.Version - HCANN000001: Hibernate Commons Annotations {5.1.2.Final}
2025-03-07 20:12:01.948 [main] INFO  org.hibernate.dialect.Dialect - HHH000400: Using dialect: org.hibernate.dialect.H2Dialect
2025-03-07 20:12:02.060 [main] INFO  o.h.e.t.j.p.i.JtaPlatformInitiator - HHH000490: Using JtaPlatform implementation: [org.hibernate.engine.transaction.jta.platform.internal.NoJtaPlatform]
2025-03-07 20:12:02.065 [main] INFO  o.s.o.j.LocalContainerEntityManagerFactoryBean - Initialized JPA EntityManagerFactory for persistence unit 'default'
2025-03-07 20:12:02.163 [main] WARN  o.s.b.a.o.j.JpaBaseConfiguration$JpaWebConfiguration - spring.jpa.open-in-view is enabled by default. Therefore, database queries may be performed during view rendering. Explicitly configure spring.jpa.open-in-view to disable this warning
2025-03-07 20:12:02.320 [main] WARN  o.s.b.a.s.s.UserDetailsServiceAutoConfiguration - 

Using generated security password: 16752c40-a7ce-47b7-a6fa-57cd6115008a

This generated password is for development use only. Your security configuration must be updated before running your application in production.

2025-03-07 20:12:02.379 [main] INFO  o.s.s.web.DefaultSecurityFilterChain - Will secure any request with [org.springframework.security.web.session.DisableEncodeUrlFilter@4efed0e0, org.springframework.security.web.context.request.async.WebAsyncManagerIntegrationFilter@4ac0ed65, org.springframework.security.web.context.SecurityContextPersistenceFilter@279e1422, org.springframework.security.web.header.HeaderWriterFilter@19e2db7c, org.springframework.security.web.csrf.CsrfFilter@2fa47368, org.springframework.security.web.authentication.logout.LogoutFilter@77e730bd, org.springframework.security.web.authentication.UsernamePasswordAuthenticationFilter@b81938d, org.springframework.security.web.authentication.ui.DefaultLoginPageGeneratingFilter@24d7657b, org.springframework.security.web.authentication.ui.DefaultLogoutPageGeneratingFilter@5c7c75fb, org.springframework.security.web.authentication.www.BasicAuthenticationFilter@614cbec4, org.springframework.security.web.savedrequest.RequestCacheAwareFilter@27dc81be, org.springframework.security.web.servletapi.SecurityContextHolderAwareRequestFilter@3595086b, org.springframework.security.web.authentication.AnonymousAuthenticationFilter@729d6ee2, org.springframework.security.web.session.SessionManagementFilter@534fc1f7, org.springframework.security.web.access.ExceptionTranslationFilter@2cff03cf, org.springframework.security.web.access.intercept.FilterSecurityInterceptor@270f7b4d]
2025-03-07 20:12:02.398 [main] INFO  o.a.coyote.http11.Http11NioProtocol - Starting ProtocolHandler ["http-nio-8080"]
2025-03-07 20:12:02.420 [main] INFO  o.s.b.w.e.tomcat.TomcatWebServer - Tomcat started on port(s): 8080 (http) with context path ''
2025-03-07 20:12:02.421 [main] INFO  o.s.m.s.b.SimpleBrokerMessageHandler - Starting...
2025-03-07 20:12:02.421 [main] INFO  o.s.m.s.b.SimpleBrokerMessageHandler - BrokerAvailabilityEvent[available=true, SimpleBrokerMessageHandler [org.springframework.messaging.simp.broker.DefaultSubscriptionRegistry@5d15789f]]
2025-03-07 20:12:02.421 [main] INFO  o.s.m.s.b.SimpleBrokerMessageHandler - Started.
2025-03-07 20:12:02.426 [main] INFO  com.chatapp.RealtimeChatApplication - Started RealtimeChatApplication in 1.891 seconds (JVM running for 2.13)
2025-03-07 20:22:42.291 [main] INFO  com.chatapp.RealtimeChatApplication - Starting RealtimeChatApplication using Java 21.0.6 on suyuan with PID 12840 (D:\Answer\es\backend\target\classes started by lenovo in D:\Answer\es\backend)
2025-03-07 20:22:42.294 [main] INFO  com.chatapp.RealtimeChatApplication - No active profile set, falling back to 1 default profile: "default"
2025-03-07 20:22:42.651 [main] INFO  o.s.d.r.c.RepositoryConfigurationDelegate - Bootstrapping Spring Data JPA repositories in DEFAULT mode.
2025-03-07 20:22:42.661 [main] INFO  o.s.d.r.c.RepositoryConfigurationDelegate - Finished Spring Data repository scanning in 5 ms. Found 0 JPA repository interfaces.
2025-03-07 20:22:43.013 [main] INFO  o.s.b.w.e.tomcat.TomcatWebServer - Tomcat initialized with port(s): 8080 (http)
2025-03-07 20:22:43.018 [main] INFO  o.a.coyote.http11.Http11NioProtocol - Initializing ProtocolHandler ["http-nio-8080"]
2025-03-07 20:22:43.018 [main] INFO  o.a.catalina.core.StandardService - Starting service [Tomcat]
2025-03-07 20:22:43.018 [main] INFO  o.a.catalina.core.StandardEngine - Starting Servlet engine: [Apache Tomcat/9.0.68]
2025-03-07 20:22:43.088 [main] INFO  o.a.c.c.C.[Tomcat].[localhost].[/] - Initializing Spring embedded WebApplicationContext
2025-03-07 20:22:43.088 [main] INFO  o.s.b.w.s.c.ServletWebServerApplicationContext - Root WebApplicationContext: initialization completed in 766 ms
2025-03-07 20:22:43.108 [main] INFO  com.zaxxer.hikari.HikariDataSource - HikariPool-1 - Starting...
2025-03-07 20:22:43.217 [main] INFO  com.zaxxer.hikari.HikariDataSource - HikariPool-1 - Start completed.
2025-03-07 20:22:43.224 [main] INFO  o.s.b.a.h.H2ConsoleAutoConfiguration - H2 console available at '/h2-console'. Database available at 'jdbc:h2:mem:chatdb'
2025-03-07 20:22:43.311 [main] INFO  o.h.jpa.internal.util.LogHelper - HHH000204: Processing PersistenceUnitInfo [name: default]
2025-03-07 20:22:43.335 [main] INFO  org.hibernate.Version - HHH000412: Hibernate ORM core version 5.6.12.Final
2025-03-07 20:22:43.418 [main] INFO  o.h.annotations.common.Version - HCANN000001: Hibernate Commons Annotations {5.1.2.Final}
2025-03-07 20:22:43.468 [main] INFO  org.hibernate.dialect.Dialect - HHH000400: Using dialect: org.hibernate.dialect.H2Dialect
2025-03-07 20:22:43.581 [main] INFO  o.h.e.t.j.p.i.JtaPlatformInitiator - HHH000490: Using JtaPlatform implementation: [org.hibernate.engine.transaction.jta.platform.internal.NoJtaPlatform]
2025-03-07 20:22:43.586 [main] INFO  o.s.o.j.LocalContainerEntityManagerFactoryBean - Initialized JPA EntityManagerFactory for persistence unit 'default'
2025-03-07 20:22:43.679 [main] WARN  o.s.b.a.o.j.JpaBaseConfiguration$JpaWebConfiguration - spring.jpa.open-in-view is enabled by default. Therefore, database queries may be performed during view rendering. Explicitly configure spring.jpa.open-in-view to disable this warning
2025-03-07 20:22:43.842 [main] WARN  o.s.b.a.s.s.UserDetailsServiceAutoConfiguration - 

Using generated security password: f7876887-76fe-4abe-947f-e8fb949a66e6

This generated password is for development use only. Your security configuration must be updated before running your application in production.

2025-03-07 20:22:43.900 [main] INFO  o.s.s.web.DefaultSecurityFilterChain - Will secure any request with [org.springframework.security.web.session.DisableEncodeUrlFilter@4efed0e0, org.springframework.security.web.context.request.async.WebAsyncManagerIntegrationFilter@4ac0ed65, org.springframework.security.web.context.SecurityContextPersistenceFilter@279e1422, org.springframework.security.web.header.HeaderWriterFilter@19e2db7c, org.springframework.security.web.csrf.CsrfFilter@2fa47368, org.springframework.security.web.authentication.logout.LogoutFilter@77e730bd, org.springframework.security.web.authentication.UsernamePasswordAuthenticationFilter@b81938d, org.springframework.security.web.authentication.ui.DefaultLoginPageGeneratingFilter@24d7657b, org.springframework.security.web.authentication.ui.DefaultLogoutPageGeneratingFilter@5c7c75fb, org.springframework.security.web.authentication.www.BasicAuthenticationFilter@614cbec4, org.springframework.security.web.savedrequest.RequestCacheAwareFilter@27dc81be, org.springframework.security.web.servletapi.SecurityContextHolderAwareRequestFilter@3595086b, org.springframework.security.web.authentication.AnonymousAuthenticationFilter@729d6ee2, org.springframework.security.web.session.SessionManagementFilter@534fc1f7, org.springframework.security.web.access.ExceptionTranslationFilter@2cff03cf, org.springframework.security.web.access.intercept.FilterSecurityInterceptor@270f7b4d]
2025-03-07 20:22:43.924 [main] INFO  o.a.coyote.http11.Http11NioProtocol - Starting ProtocolHandler ["http-nio-8080"]
2025-03-07 20:22:43.941 [main] INFO  o.s.b.w.e.tomcat.TomcatWebServer - Tomcat started on port(s): 8080 (http) with context path ''
2025-03-07 20:22:43.942 [main] INFO  o.s.m.s.b.SimpleBrokerMessageHandler - Starting...
2025-03-07 20:22:43.942 [main] INFO  o.s.m.s.b.SimpleBrokerMessageHandler - BrokerAvailabilityEvent[available=true, SimpleBrokerMessageHandler [org.springframework.messaging.simp.broker.DefaultSubscriptionRegistry@5d15789f]]
2025-03-07 20:22:43.942 [main] INFO  o.s.m.s.b.SimpleBrokerMessageHandler - Started.
2025-03-07 20:22:43.947 [main] INFO  com.chatapp.RealtimeChatApplication - Started RealtimeChatApplication in 1.934 seconds (JVM running for 2.177)
2025-03-07 20:23:43.669 [MessageBroker-1] INFO  o.s.w.s.c.WebSocketMessageBrokerStats - WebSocketSession[0 current WS(0)-HttpStream(0)-HttpPoll(0), 0 total, 0 closed abnormally (0 connect failure, 0 send limit, 0 transport error)], stompSubProtocol[processed CONNECT(0)-CONNECTED(0)-DISCONNECT(0)], stompBrokerRelay[null], inboundChannel[pool size = 0, active threads = 0, queued tasks = 0, completed tasks = 0], outboundChannel[pool size = 0, active threads = 0, queued tasks = 0, completed tasks = 0], sockJsScheduler[pool size = 1, active threads = 1, queued tasks = 0, completed tasks = 0]
2025-03-07 20:26:04.827 [main] INFO  com.chatapp.RealtimeChatApplication - Starting RealtimeChatApplication using Java 21.0.6 on suyuan with PID 20056 (D:\Answer\es\backend\target\classes started by lenovo in D:\Answer\es\backend)
2025-03-07 20:26:04.829 [main] INFO  com.chatapp.RealtimeChatApplication - No active profile set, falling back to 1 default profile: "default"
2025-03-07 20:26:05.136 [main] INFO  o.s.d.r.c.RepositoryConfigurationDelegate - Bootstrapping Spring Data JPA repositories in DEFAULT mode.
2025-03-07 20:26:05.143 [main] INFO  o.s.d.r.c.RepositoryConfigurationDelegate - Finished Spring Data repository scanning in 3 ms. Found 0 JPA repository interfaces.
2025-03-07 20:26:05.451 [main] INFO  o.s.b.w.e.tomcat.TomcatWebServer - Tomcat initialized with port(s): 8080 (http)
2025-03-07 20:26:05.457 [main] INFO  o.a.coyote.http11.Http11NioProtocol - Initializing ProtocolHandler ["http-nio-8080"]
2025-03-07 20:26:05.458 [main] INFO  o.a.catalina.core.StandardService - Starting service [Tomcat]
2025-03-07 20:26:05.458 [main] INFO  o.a.catalina.core.StandardEngine - Starting Servlet engine: [Apache Tomcat/9.0.68]
2025-03-07 20:26:05.529 [main] INFO  o.a.c.c.C.[Tomcat].[localhost].[/] - Initializing Spring embedded WebApplicationContext
2025-03-07 20:26:05.529 [main] INFO  o.s.b.w.s.c.ServletWebServerApplicationContext - Root WebApplicationContext: initialization completed in 673 ms
2025-03-07 20:26:05.547 [main] INFO  com.zaxxer.hikari.HikariDataSource - HikariPool-1 - Starting...
2025-03-07 20:26:05.647 [main] INFO  com.zaxxer.hikari.HikariDataSource - HikariPool-1 - Start completed.
2025-03-07 20:26:05.653 [main] INFO  o.s.b.a.h.H2ConsoleAutoConfiguration - H2 console available at '/h2-console'. Database available at 'jdbc:h2:mem:chatdb'
2025-03-07 20:26:05.739 [main] INFO  o.h.jpa.internal.util.LogHelper - HHH000204: Processing PersistenceUnitInfo [name: default]
2025-03-07 20:26:05.761 [main] INFO  org.hibernate.Version - HHH000412: Hibernate ORM core version 5.6.12.Final
2025-03-07 20:26:05.836 [main] INFO  o.h.annotations.common.Version - HCANN000001: Hibernate Commons Annotations {5.1.2.Final}
2025-03-07 20:26:05.883 [main] INFO  org.hibernate.dialect.Dialect - HHH000400: Using dialect: org.hibernate.dialect.H2Dialect
2025-03-07 20:26:06.000 [main] INFO  o.h.e.t.j.p.i.JtaPlatformInitiator - HHH000490: Using JtaPlatform implementation: [org.hibernate.engine.transaction.jta.platform.internal.NoJtaPlatform]
2025-03-07 20:26:06.006 [main] INFO  o.s.o.j.LocalContainerEntityManagerFactoryBean - Initialized JPA EntityManagerFactory for persistence unit 'default'
2025-03-07 20:26:06.125 [main] WARN  o.s.b.a.o.j.JpaBaseConfiguration$JpaWebConfiguration - spring.jpa.open-in-view is enabled by default. Therefore, database queries may be performed during view rendering. Explicitly configure spring.jpa.open-in-view to disable this warning
2025-03-07 20:26:06.278 [main] WARN  o.s.b.a.s.s.UserDetailsServiceAutoConfiguration - 

Using generated security password: 8f74d3fe-fcf0-48aa-a5a7-1aa605883208

This generated password is for development use only. Your security configuration must be updated before running your application in production.

2025-03-07 20:26:06.334 [main] INFO  o.s.s.web.DefaultSecurityFilterChain - Will secure any request with [org.springframework.security.web.session.DisableEncodeUrlFilter@73aae7a, org.springframework.security.web.context.request.async.WebAsyncManagerIntegrationFilter@3856d0cb, org.springframework.security.web.context.SecurityContextPersistenceFilter@7157413e, org.springframework.security.web.header.HeaderWriterFilter@279e1422, org.springframework.security.web.csrf.CsrfFilter@537451d5, org.springframework.security.web.authentication.logout.LogoutFilter@39ead1b7, org.springframework.security.web.authentication.UsernamePasswordAuthenticationFilter@70421a08, org.springframework.security.web.authentication.ui.DefaultLoginPageGeneratingFilter@4ae2c01b, org.springframework.security.web.authentication.ui.DefaultLogoutPageGeneratingFilter@2125535d, org.springframework.security.web.authentication.www.BasicAuthenticationFilter@5c7c75fb, org.springframework.security.web.savedrequest.RequestCacheAwareFilter@2f0e7fa8, org.springframework.security.web.servletapi.SecurityContextHolderAwareRequestFilter@24d7657b, org.springframework.security.web.authentication.AnonymousAuthenticationFilter@d190639, org.springframework.security.web.session.SessionManagementFilter@27dc81be, org.springframework.security.web.access.ExceptionTranslationFilter@7d5a0b14, org.springframework.security.web.access.intercept.FilterSecurityInterceptor@b81938d]
2025-03-07 20:26:06.352 [main] INFO  o.a.coyote.http11.Http11NioProtocol - Starting ProtocolHandler ["http-nio-8080"]
2025-03-07 20:26:06.356 [main] WARN  o.s.b.w.s.c.AnnotationConfigServletWebServerApplicationContext - Exception encountered during context initialization - cancelling refresh attempt: org.springframework.context.ApplicationContextException: Failed to start bean 'webServerStartStop'; nested exception is org.springframework.boot.web.server.PortInUseException: Port 8080 is already in use
2025-03-07 20:26:06.358 [main] INFO  o.s.o.j.LocalContainerEntityManagerFactoryBean - Closing JPA EntityManagerFactory for persistence unit 'default'
2025-03-07 20:26:06.360 [main] INFO  com.zaxxer.hikari.HikariDataSource - HikariPool-1 - Shutdown initiated...
2025-03-07 20:26:06.361 [main] INFO  com.zaxxer.hikari.HikariDataSource - HikariPool-1 - Shutdown completed.
2025-03-07 20:26:06.361 [main] INFO  o.a.coyote.http11.Http11NioProtocol - Pausing ProtocolHandler ["http-nio-8080"]
2025-03-07 20:26:06.361 [main] INFO  o.a.catalina.core.StandardService - Stopping service [Tomcat]
2025-03-07 20:26:06.363 [main] INFO  o.a.coyote.http11.Http11NioProtocol - Stopping ProtocolHandler ["http-nio-8080"]
2025-03-07 20:26:06.364 [main] INFO  o.a.coyote.http11.Http11NioProtocol - Destroying ProtocolHandler ["http-nio-8080"]
2025-03-07 20:26:06.368 [main] INFO  o.s.b.a.l.ConditionEvaluationReportLoggingListener - 

Error starting ApplicationContext. To display the conditions report re-run your application with 'debug' enabled.
2025-03-07 20:26:06.377 [main] ERROR o.s.b.d.LoggingFailureAnalysisReporter - 

***************************
APPLICATION FAILED TO START
***************************

Description:

Web server failed to start. Port 8080 was already in use.

Action:

Identify and stop the process that's listening on port 8080 or configure this application to listen on another port.

2025-03-07 20:27:58.824 [main] INFO  com.chatapp.RealtimeChatApplication - Starting RealtimeChatApplication using Java 21.0.6 on suyuan with PID 23280 (D:\Answer\es\backend\target\classes started by lenovo in D:\Answer\es\backend)
2025-03-07 20:27:58.825 [main] DEBUG com.chatapp.RealtimeChatApplication - Running with Spring Boot v2.7.5, Spring v5.3.23
2025-03-07 20:27:58.825 [main] INFO  com.chatapp.RealtimeChatApplication - No active profile set, falling back to 1 default profile: "default"
2025-03-07 20:27:59.158 [main] INFO  o.s.d.r.c.RepositoryConfigurationDelegate - Bootstrapping Spring Data JPA repositories in DEFAULT mode.
2025-03-07 20:27:59.165 [main] INFO  o.s.d.r.c.RepositoryConfigurationDelegate - Finished Spring Data repository scanning in 3 ms. Found 0 JPA repository interfaces.
2025-03-07 20:27:59.496 [main] INFO  o.s.b.w.e.tomcat.TomcatWebServer - Tomcat initialized with port(s): 8081 (http)
2025-03-07 20:27:59.502 [main] INFO  o.a.coyote.http11.Http11NioProtocol - Initializing ProtocolHandler ["http-nio-8081"]
2025-03-07 20:27:59.503 [main] INFO  o.a.catalina.core.StandardService - Starting service [Tomcat]
2025-03-07 20:27:59.503 [main] INFO  o.a.catalina.core.StandardEngine - Starting Servlet engine: [Apache Tomcat/9.0.68]
2025-03-07 20:27:59.570 [main] INFO  o.a.c.c.C.[Tomcat].[localhost].[/] - Initializing Spring embedded WebApplicationContext
2025-03-07 20:27:59.571 [main] INFO  o.s.b.w.s.c.ServletWebServerApplicationContext - Root WebApplicationContext: initialization completed in 712 ms
2025-03-07 20:27:59.589 [main] INFO  com.zaxxer.hikari.HikariDataSource - HikariPool-1 - Starting...
2025-03-07 20:27:59.698 [main] INFO  com.zaxxer.hikari.HikariDataSource - HikariPool-1 - Start completed.
2025-03-07 20:27:59.705 [main] INFO  o.s.b.a.h.H2ConsoleAutoConfiguration - H2 console available at '/h2-console'. Database available at 'jdbc:h2:mem:chatdb'
2025-03-07 20:27:59.787 [main] INFO  o.h.jpa.internal.util.LogHelper - HHH000204: Processing PersistenceUnitInfo [name: default]
2025-03-07 20:27:59.811 [main] INFO  org.hibernate.Version - HHH000412: Hibernate ORM core version 5.6.12.Final
2025-03-07 20:27:59.897 [main] INFO  o.h.annotations.common.Version - HCANN000001: Hibernate Commons Annotations {5.1.2.Final}
2025-03-07 20:27:59.961 [main] INFO  org.hibernate.dialect.Dialect - HHH000400: Using dialect: org.hibernate.dialect.H2Dialect
2025-03-07 20:28:00.097 [main] INFO  o.h.e.t.j.p.i.JtaPlatformInitiator - HHH000490: Using JtaPlatform implementation: [org.hibernate.engine.transaction.jta.platform.internal.NoJtaPlatform]
2025-03-07 20:28:00.103 [main] INFO  o.s.o.j.LocalContainerEntityManagerFactoryBean - Initialized JPA EntityManagerFactory for persistence unit 'default'
2025-03-07 20:28:00.196 [main] WARN  o.s.b.a.o.j.JpaBaseConfiguration$JpaWebConfiguration - spring.jpa.open-in-view is enabled by default. Therefore, database queries may be performed during view rendering. Explicitly configure spring.jpa.open-in-view to disable this warning
2025-03-07 20:28:00.342 [main] WARN  o.s.b.a.s.s.UserDetailsServiceAutoConfiguration - 

Using generated security password: b027056b-474d-4b76-b46c-6ee4f57d42d4

This generated password is for development use only. Your security configuration must be updated before running your application in production.

2025-03-07 20:28:00.399 [main] INFO  o.s.s.web.DefaultSecurityFilterChain - Will secure any request with [org.springframework.security.web.session.DisableEncodeUrlFilter@77a85e76, org.springframework.security.web.context.request.async.WebAsyncManagerIntegrationFilter@2cebf82f, org.springframework.security.web.context.SecurityContextPersistenceFilter@77e730bd, org.springframework.security.web.header.HeaderWriterFilter@d3d5094, org.springframework.security.web.csrf.CsrfFilter@27dc81be, org.springframework.security.web.authentication.logout.LogoutFilter@424a152f, org.springframework.security.web.authentication.UsernamePasswordAuthenticationFilter@514dc5f4, org.springframework.security.web.authentication.ui.DefaultLoginPageGeneratingFilter@c0004b7, org.springframework.security.web.authentication.ui.DefaultLogoutPageGeneratingFilter@34fc315d, org.springframework.security.web.authentication.www.BasicAuthenticationFilter@399c408c, org.springframework.security.web.savedrequest.RequestCacheAwareFilter@7b8cb283, org.springframework.security.web.servletapi.SecurityContextHolderAwareRequestFilter@38b54694, org.springframework.security.web.authentication.AnonymousAuthenticationFilter@34f48d1, org.springframework.security.web.session.SessionManagementFilter@3c3cd7a5, org.springframework.security.web.access.ExceptionTranslationFilter@26612078, org.springframework.security.web.access.intercept.FilterSecurityInterceptor@d190639]
2025-03-07 20:28:00.417 [main] INFO  o.a.coyote.http11.Http11NioProtocol - Starting ProtocolHandler ["http-nio-8081"]
2025-03-07 20:28:00.431 [main] INFO  o.s.b.w.e.tomcat.TomcatWebServer - Tomcat started on port(s): 8081 (http) with context path ''
2025-03-07 20:28:00.433 [main] INFO  o.s.m.s.b.SimpleBrokerMessageHandler - Starting...
2025-03-07 20:28:00.433 [main] INFO  o.s.m.s.b.SimpleBrokerMessageHandler - BrokerAvailabilityEvent[available=true, SimpleBrokerMessageHandler [org.springframework.messaging.simp.broker.DefaultSubscriptionRegistry@6614ecca]]
2025-03-07 20:28:00.433 [main] INFO  o.s.m.s.b.SimpleBrokerMessageHandler - Started.
2025-03-07 20:28:00.437 [main] INFO  com.chatapp.RealtimeChatApplication - Started RealtimeChatApplication in 1.901 seconds (JVM running for 2.148)
2025-03-07 20:28:06.746 [http-nio-8081-exec-2] INFO  o.a.c.c.C.[Tomcat].[localhost].[/] - Initializing Spring DispatcherServlet 'dispatcherServlet'
2025-03-07 20:28:06.746 [http-nio-8081-exec-2] INFO  o.s.web.servlet.DispatcherServlet - Initializing Servlet 'dispatcherServlet'
2025-03-07 20:28:06.747 [http-nio-8081-exec-2] INFO  o.s.web.servlet.DispatcherServlet - Completed initialization in 1 ms
2025-03-07 20:29:00.197 [MessageBroker-1] INFO  o.s.w.s.c.WebSocketMessageBrokerStats - WebSocketSession[0 current WS(0)-HttpStream(0)-HttpPoll(0), 0 total, 0 closed abnormally (0 connect failure, 0 send limit, 0 transport error)], stompSubProtocol[processed CONNECT(0)-CONNECTED(0)-DISCONNECT(0)], stompBrokerRelay[null], inboundChannel[pool size = 0, active threads = 0, queued tasks = 0, completed tasks = 0], outboundChannel[pool size = 0, active threads = 0, queued tasks = 0, completed tasks = 0], sockJsScheduler[pool size = 1, active threads = 1, queued tasks = 0, completed tasks = 0]
2025-03-07 20:53:43.681 [MessageBroker-1] INFO  o.s.w.s.c.WebSocketMessageBrokerStats - WebSocketSession[0 current WS(0)-HttpStream(0)-HttpPoll(0), 0 total, 0 closed abnormally (0 connect failure, 0 send limit, 0 transport error)], stompSubProtocol[processed CONNECT(0)-CONNECTED(0)-DISCONNECT(0)], stompBrokerRelay[null], inboundChannel[pool size = 0, active threads = 0, queued tasks = 0, completed tasks = 0], outboundChannel[pool size = 0, active threads = 0, queued tasks = 0, completed tasks = 0], sockJsScheduler[pool size = 2, active threads = 1, queued tasks = 0, completed tasks = 1]
2025-03-07 21:23:43.695 [MessageBroker-2] INFO  o.s.w.s.c.WebSocketMessageBrokerStats - WebSocketSession[0 current WS(0)-HttpStream(0)-HttpPoll(0), 0 total, 0 closed abnormally (0 connect failure, 0 send limit, 0 transport error)], stompSubProtocol[processed CONNECT(0)-CONNECTED(0)-DISCONNECT(0)], stompBrokerRelay[null], inboundChannel[pool size = 0, active threads = 0, queued tasks = 0, completed tasks = 0], outboundChannel[pool size = 0, active threads = 0, queued tasks = 0, completed tasks = 0], sockJsScheduler[pool size = 3, active threads = 1, queued tasks = 0, completed tasks = 2]
2025-03-07 21:53:43.709 [MessageBroker-1] INFO  o.s.w.s.c.WebSocketMessageBrokerStats - WebSocketSession[0 current WS(0)-HttpStream(0)-HttpPoll(0), 0 total, 0 closed abnormally (0 connect failure, 0 send limit, 0 transport error)], stompSubProtocol[processed CONNECT(0)-CONNECTED(0)-DISCONNECT(0)], stompBrokerRelay[null], inboundChannel[pool size = 0, active threads = 0, queued tasks = 0, completed tasks = 0], outboundChannel[pool size = 0, active threads = 0, queued tasks = 0, completed tasks = 0], sockJsScheduler[pool size = 4, active threads = 1, queued tasks = 0, completed tasks = 3]
2025-03-07 22:23:43.721 [MessageBroker-3] INFO  o.s.w.s.c.WebSocketMessageBrokerStats - WebSocketSession[0 current WS(0)-HttpStream(0)-HttpPoll(0), 0 total, 0 closed abnormally (0 connect failure, 0 send limit, 0 transport error)], stompSubProtocol[processed CONNECT(0)-CONNECTED(0)-DISCONNECT(0)], stompBrokerRelay[null], inboundChannel[pool size = 0, active threads = 0, queued tasks = 0, completed tasks = 0], outboundChannel[pool size = 0, active threads = 0, queued tasks = 0, completed tasks = 0], sockJsScheduler[pool size = 5, active threads = 1, queued tasks = 0, completed tasks = 4]
2025-03-07 22:46:46.501 [main] INFO  com.chatapp.RealtimeChatApplication - Starting RealtimeChatApplication using Java 21.0.6 with PID 19652 (D:\Answer\es\backend\target\classes started by lenovo in D:\Answer\es\backend)
2025-03-07 22:46:46.501 [main] DEBUG com.chatapp.RealtimeChatApplication - Running with Spring Boot v3.2.3, Spring v6.1.4
2025-03-07 22:46:46.502 [main] INFO  com.chatapp.RealtimeChatApplication - No active profile set, falling back to 1 default profile: "default"
2025-03-07 22:46:46.860 [main] INFO  o.s.d.r.c.RepositoryConfigurationDelegate - Bootstrapping Spring Data JPA repositories in DEFAULT mode.
2025-03-07 22:46:46.872 [main] INFO  o.s.d.r.c.RepositoryConfigurationDelegate - Finished Spring Data repository scanning in 7 ms. Found 0 JPA repository interfaces.
2025-03-07 22:46:47.191 [main] INFO  o.s.b.w.e.tomcat.TomcatWebServer - Tomcat initialized with port 8081 (http)
2025-03-07 22:46:47.198 [main] INFO  o.a.coyote.http11.Http11NioProtocol - Initializing ProtocolHandler ["http-nio-8081"]
2025-03-07 22:46:47.199 [main] INFO  o.a.catalina.core.StandardService - Starting service [Tomcat]
2025-03-07 22:46:47.199 [main] INFO  o.a.catalina.core.StandardEngine - Starting Servlet engine: [Apache Tomcat/10.1.19]
2025-03-07 22:46:47.249 [main] INFO  o.a.c.c.C.[Tomcat].[localhost].[/] - Initializing Spring embedded WebApplicationContext
2025-03-07 22:46:47.251 [main] INFO  o.s.b.w.s.c.ServletWebServerApplicationContext - Root WebApplicationContext: initialization completed in 726 ms
2025-03-07 22:46:47.270 [main] INFO  com.zaxxer.hikari.HikariDataSource - HikariPool-1 - Starting...
2025-03-07 22:46:47.379 [main] INFO  com.zaxxer.hikari.pool.HikariPool - HikariPool-1 - Added connection conn0: url=jdbc:h2:mem:chatdb user=SA
2025-03-07 22:46:47.380 [main] INFO  com.zaxxer.hikari.HikariDataSource - HikariPool-1 - Start completed.
2025-03-07 22:46:47.388 [main] INFO  o.s.b.a.h.H2ConsoleAutoConfiguration - H2 console available at '/h2-console'. Database available at 'jdbc:h2:mem:chatdb'
2025-03-07 22:46:47.462 [main] INFO  o.h.jpa.internal.util.LogHelper - HHH000204: Processing PersistenceUnitInfo [name: default]
2025-03-07 22:46:47.491 [main] INFO  org.hibernate.Version - HHH000412: Hibernate ORM core version 6.4.4.Final
2025-03-07 22:46:47.508 [main] INFO  o.h.c.i.RegionFactoryInitiator - HHH000026: Second-level cache disabled
2025-03-07 22:46:47.629 [main] INFO  o.s.o.j.p.SpringPersistenceUnitInfo - No LoadTimeWeaver setup: ignoring JPA class transformer
2025-03-07 22:46:47.651 [main] WARN  org.hibernate.orm.deprecation - HHH90000025: H2Dialect does not need to be specified explicitly using 'hibernate.dialect' (remove the property setting and it will be selected by default)
2025-03-07 22:46:47.822 [main] INFO  o.h.e.t.j.p.i.JtaPlatformInitiator - HHH000489: No JTA platform available (set 'hibernate.transaction.jta.platform' to enable JTA platform integration)
2025-03-07 22:46:47.826 [main] INFO  o.s.o.j.LocalContainerEntityManagerFactoryBean - Initialized JPA EntityManagerFactory for persistence unit 'default'
2025-03-07 22:46:47.934 [main] WARN  o.s.b.a.o.j.JpaBaseConfiguration$JpaWebConfiguration - spring.jpa.open-in-view is enabled by default. Therefore, database queries may be performed during view rendering. Explicitly configure spring.jpa.open-in-view to disable this warning
2025-03-07 22:46:48.126 [main] WARN  o.s.b.a.s.s.UserDetailsServiceAutoConfiguration - 

Using generated security password: fa8d6aa9-d7c6-4bf5-b63b-4dcbe50d86a3

This generated password is for development use only. Your security configuration must be updated before running your application in production.

2025-03-07 22:46:48.190 [main] INFO  o.s.s.web.DefaultSecurityFilterChain - Will secure any request with [org.springframework.security.web.session.DisableEncodeUrlFilter@3c271988, org.springframework.security.web.context.request.async.WebAsyncManagerIntegrationFilter@3aed692d, org.springframework.security.web.context.SecurityContextHolderFilter@5fd31df7, org.springframework.security.web.header.HeaderWriterFilter@6f6a2ac8, org.springframework.web.filter.CorsFilter@4eec5fa6, org.springframework.security.web.csrf.CsrfFilter@3d5f08d4, org.springframework.security.web.authentication.logout.LogoutFilter@66a8ff6d, org.springframework.security.web.authentication.UsernamePasswordAuthenticationFilter@21780905, org.springframework.security.web.authentication.ui.DefaultLoginPageGeneratingFilter@38347345, org.springframework.security.web.authentication.ui.DefaultLogoutPageGeneratingFilter@21579b35, org.springframework.security.web.authentication.www.BasicAuthenticationFilter@2114eb1a, org.springframework.security.web.savedrequest.RequestCacheAwareFilter@2c8f65da, org.springframework.security.web.servletapi.SecurityContextHolderAwareRequestFilter@587400a9, org.springframework.security.web.authentication.AnonymousAuthenticationFilter@25b83dce, org.springframework.security.web.access.ExceptionTranslationFilter@642ec6, org.springframework.security.web.access.intercept.AuthorizationFilter@212c0aff]
2025-03-07 22:46:48.216 [main] INFO  o.a.coyote.http11.Http11NioProtocol - Starting ProtocolHandler ["http-nio-8081"]
2025-03-07 22:46:48.231 [main] INFO  o.s.b.w.e.tomcat.TomcatWebServer - Tomcat started on port 8081 (http) with context path ''
2025-03-07 22:46:48.232 [main] INFO  o.s.m.s.b.SimpleBrokerMessageHandler - Starting...
2025-03-07 22:46:48.233 [main] INFO  o.s.m.s.b.SimpleBrokerMessageHandler - BrokerAvailabilityEvent[available=true, SimpleBrokerMessageHandler [org.springframework.messaging.simp.broker.DefaultSubscriptionRegistry@194eae3e]]
2025-03-07 22:46:48.233 [main] INFO  o.s.m.s.b.SimpleBrokerMessageHandler - Started.
2025-03-07 22:46:48.238 [main] INFO  com.chatapp.RealtimeChatApplication - Started RealtimeChatApplication in 2.058 seconds (process running for 2.289)
2025-03-07 22:47:36.014 [main] INFO  com.chatapp.RealtimeChatApplication - Starting RealtimeChatApplication using Java 21.0.6 with PID 3792 (D:\Answer\es\backend\target\classes started by lenovo in D:\Answer\es\backend)
2025-03-07 22:47:36.015 [main] DEBUG com.chatapp.RealtimeChatApplication - Running with Spring Boot v3.2.3, Spring v6.1.4
2025-03-07 22:47:36.016 [main] INFO  com.chatapp.RealtimeChatApplication - No active profile set, falling back to 1 default profile: "default"
2025-03-07 22:47:36.335 [main] INFO  o.s.d.r.c.RepositoryConfigurationDelegate - Bootstrapping Spring Data JPA repositories in DEFAULT mode.
2025-03-07 22:47:36.346 [main] INFO  o.s.d.r.c.RepositoryConfigurationDelegate - Finished Spring Data repository scanning in 7 ms. Found 0 JPA repository interfaces.
2025-03-07 22:47:36.636 [main] INFO  o.s.b.w.e.tomcat.TomcatWebServer - Tomcat initialized with port 8081 (http)
2025-03-07 22:47:36.642 [main] INFO  o.a.coyote.http11.Http11NioProtocol - Initializing ProtocolHandler ["http-nio-8081"]
2025-03-07 22:47:36.644 [main] INFO  o.a.catalina.core.StandardService - Starting service [Tomcat]
2025-03-07 22:47:36.644 [main] INFO  o.a.catalina.core.StandardEngine - Starting Servlet engine: [Apache Tomcat/10.1.19]
2025-03-07 22:47:36.693 [main] INFO  o.a.c.c.C.[Tomcat].[localhost].[/] - Initializing Spring embedded WebApplicationContext
2025-03-07 22:47:36.695 [main] INFO  o.s.b.w.s.c.ServletWebServerApplicationContext - Root WebApplicationContext: initialization completed in 654 ms
2025-03-07 22:47:36.711 [main] INFO  com.zaxxer.hikari.HikariDataSource - HikariPool-1 - Starting...
2025-03-07 22:47:36.816 [main] INFO  com.zaxxer.hikari.pool.HikariPool - HikariPool-1 - Added connection conn0: url=jdbc:h2:mem:chatdb user=SA
2025-03-07 22:47:36.817 [main] INFO  com.zaxxer.hikari.HikariDataSource - HikariPool-1 - Start completed.
2025-03-07 22:47:36.823 [main] INFO  o.s.b.a.h.H2ConsoleAutoConfiguration - H2 console available at '/h2-console'. Database available at 'jdbc:h2:mem:chatdb'
2025-03-07 22:47:36.892 [main] INFO  o.h.jpa.internal.util.LogHelper - HHH000204: Processing PersistenceUnitInfo [name: default]
2025-03-07 22:47:36.918 [main] INFO  org.hibernate.Version - HHH000412: Hibernate ORM core version 6.4.4.Final
2025-03-07 22:47:36.934 [main] INFO  o.h.c.i.RegionFactoryInitiator - HHH000026: Second-level cache disabled
2025-03-07 22:47:37.042 [main] INFO  o.s.o.j.p.SpringPersistenceUnitInfo - No LoadTimeWeaver setup: ignoring JPA class transformer
2025-03-07 22:47:37.062 [main] WARN  org.hibernate.orm.deprecation - HHH90000025: H2Dialect does not need to be specified explicitly using 'hibernate.dialect' (remove the property setting and it will be selected by default)
2025-03-07 22:47:37.225 [main] INFO  o.h.e.t.j.p.i.JtaPlatformInitiator - HHH000489: No JTA platform available (set 'hibernate.transaction.jta.platform' to enable JTA platform integration)
2025-03-07 22:47:37.227 [main] INFO  o.s.o.j.LocalContainerEntityManagerFactoryBean - Initialized JPA EntityManagerFactory for persistence unit 'default'
2025-03-07 22:47:37.319 [main] WARN  o.s.b.a.o.j.JpaBaseConfiguration$JpaWebConfiguration - spring.jpa.open-in-view is enabled by default. Therefore, database queries may be performed during view rendering. Explicitly configure spring.jpa.open-in-view to disable this warning
2025-03-07 22:47:37.497 [main] WARN  o.s.b.a.s.s.UserDetailsServiceAutoConfiguration - 

Using generated security password: b6e6b5cc-7bfc-4883-aa87-8f4530f04f51

This generated password is for development use only. Your security configuration must be updated before running your application in production.

2025-03-07 22:47:37.557 [main] INFO  o.s.s.web.DefaultSecurityFilterChain - Will secure any request with [org.springframework.security.web.session.DisableEncodeUrlFilter@7ae6927, org.springframework.security.web.context.request.async.WebAsyncManagerIntegrationFilter@7d0df326, org.springframework.security.web.context.SecurityContextHolderFilter@66a8ff6d, org.springframework.security.web.header.HeaderWriterFilter@6ac2c5a1, org.springframework.web.filter.CorsFilter@43f7f48d, org.springframework.security.web.csrf.CsrfFilter@1f0f92f5, org.springframework.security.web.authentication.logout.LogoutFilter@7e514482, org.springframework.security.web.authentication.UsernamePasswordAuthenticationFilter@1dac0784, org.springframework.security.web.authentication.ui.DefaultLoginPageGeneratingFilter@25e8a111, org.springframework.security.web.authentication.ui.DefaultLogoutPageGeneratingFilter@6d0a4a22, org.springframework.security.web.authentication.www.BasicAuthenticationFilter@5d04fbb7, org.springframework.security.web.savedrequest.RequestCacheAwareFilter@48bab2c6, org.springframework.security.web.servletapi.SecurityContextHolderAwareRequestFilter@6ad26381, org.springframework.security.web.authentication.AnonymousAuthenticationFilter@1999e1f5, org.springframework.security.web.access.ExceptionTranslationFilter@1dd9a3ae, org.springframework.security.web.access.intercept.AuthorizationFilter@12765ebd]
2025-03-07 22:47:37.586 [main] INFO  o.a.coyote.http11.Http11NioProtocol - Starting ProtocolHandler ["http-nio-8081"]
2025-03-07 22:47:37.591 [main] WARN  o.s.b.w.s.c.AnnotationConfigServletWebServerApplicationContext - Exception encountered during context initialization - cancelling refresh attempt: org.springframework.context.ApplicationContextException: Failed to start bean 'webServerStartStop'
2025-03-07 22:47:37.593 [main] INFO  o.s.o.j.LocalContainerEntityManagerFactoryBean - Closing JPA EntityManagerFactory for persistence unit 'default'
2025-03-07 22:47:37.594 [main] INFO  com.zaxxer.hikari.HikariDataSource - HikariPool-1 - Shutdown initiated...
2025-03-07 22:47:37.596 [main] INFO  com.zaxxer.hikari.HikariDataSource - HikariPool-1 - Shutdown completed.
2025-03-07 22:47:37.602 [main] INFO  o.s.b.a.l.ConditionEvaluationReportLogger - 

Error starting ApplicationContext. To display the condition evaluation report re-run your application with 'debug' enabled.
2025-03-07 22:47:37.610 [main] ERROR o.s.b.d.LoggingFailureAnalysisReporter - 

***************************
APPLICATION FAILED TO START
***************************

Description:

Web server failed to start. Port 8081 was already in use.

Action:

Identify and stop the process that's listening on port 8081 or configure this application to listen on another port.

2025-03-07 22:47:48.227 [MessageBroker-1] INFO  o.s.w.s.c.WebSocketMessageBrokerStats - WebSocketSession[0 current WS(0)-HttpStream(0)-HttpPoll(0), 0 total, 0 closed abnormally (0 connect failure, 0 send limit, 0 transport error)], stompSubProtocol[processed CONNECT(0)-CONNECTED(0)-DISCONNECT(0)], stompBrokerRelay[null], inboundChannel[pool size = 0, active threads = 0, queued tasks = 0, completed tasks = 0], outboundChannel[pool size = 0, active threads = 0, queued tasks = 0, completed tasks = 0], sockJsScheduler[pool size = 1, active threads = 1, queued tasks = 0, completed tasks = 0]
2025-03-07 22:51:09.396 [main] INFO  com.chatapp.RealtimeChatApplication - Starting RealtimeChatApplication using Java 21.0.6 with PID 4524 (D:\Answer\es\backend\target\classes started by lenovo in D:\Answer\es\backend)
2025-03-07 22:51:09.397 [main] DEBUG com.chatapp.RealtimeChatApplication - Running with Spring Boot v3.2.3, Spring v6.1.4
2025-03-07 22:51:09.397 [main] INFO  com.chatapp.RealtimeChatApplication - No active profile set, falling back to 1 default profile: "default"
2025-03-07 22:51:09.747 [main] INFO  o.s.d.r.c.RepositoryConfigurationDelegate - Bootstrapping Spring Data JPA repositories in DEFAULT mode.
2025-03-07 22:51:09.759 [main] INFO  o.s.d.r.c.RepositoryConfigurationDelegate - Finished Spring Data repository scanning in 8 ms. Found 0 JPA repository interfaces.
2025-03-07 22:51:10.094 [main] INFO  o.s.b.w.e.tomcat.TomcatWebServer - Tomcat initialized with port 8082 (http)
2025-03-07 22:51:10.108 [main] INFO  o.a.coyote.http11.Http11NioProtocol - Initializing ProtocolHandler ["http-nio-8082"]
2025-03-07 22:51:10.111 [main] INFO  o.a.catalina.core.StandardService - Starting service [Tomcat]
2025-03-07 22:51:10.111 [main] INFO  o.a.catalina.core.StandardEngine - Starting Servlet engine: [Apache Tomcat/10.1.19]
2025-03-07 22:51:10.156 [main] INFO  o.a.c.c.C.[Tomcat].[localhost].[/] - Initializing Spring embedded WebApplicationContext
2025-03-07 22:51:10.157 [main] INFO  o.s.b.w.s.c.ServletWebServerApplicationContext - Root WebApplicationContext: initialization completed in 735 ms
2025-03-07 22:51:10.186 [main] INFO  com.zaxxer.hikari.HikariDataSource - HikariPool-1 - Starting...
2025-03-07 22:51:10.292 [main] INFO  com.zaxxer.hikari.pool.HikariPool - HikariPool-1 - Added connection conn0: url=jdbc:h2:mem:chatdb user=SA
2025-03-07 22:51:10.293 [main] INFO  com.zaxxer.hikari.HikariDataSource - HikariPool-1 - Start completed.
2025-03-07 22:51:10.300 [main] INFO  o.s.b.a.h.H2ConsoleAutoConfiguration - H2 console available at '/h2-console'. Database available at 'jdbc:h2:mem:chatdb'
2025-03-07 22:51:10.380 [main] INFO  o.h.jpa.internal.util.LogHelper - HHH000204: Processing PersistenceUnitInfo [name: default]
2025-03-07 22:51:10.412 [main] INFO  org.hibernate.Version - HHH000412: Hibernate ORM core version 6.4.4.Final
2025-03-07 22:51:10.431 [main] INFO  o.h.c.i.RegionFactoryInitiator - HHH000026: Second-level cache disabled
2025-03-07 22:51:10.556 [main] INFO  o.s.o.j.p.SpringPersistenceUnitInfo - No LoadTimeWeaver setup: ignoring JPA class transformer
2025-03-07 22:51:10.581 [main] WARN  org.hibernate.orm.deprecation - HHH90000025: H2Dialect does not need to be specified explicitly using 'hibernate.dialect' (remove the property setting and it will be selected by default)
2025-03-07 22:51:10.755 [main] INFO  o.h.e.t.j.p.i.JtaPlatformInitiator - HHH000489: No JTA platform available (set 'hibernate.transaction.jta.platform' to enable JTA platform integration)
2025-03-07 22:51:10.758 [main] INFO  o.s.o.j.LocalContainerEntityManagerFactoryBean - Initialized JPA EntityManagerFactory for persistence unit 'default'
2025-03-07 22:51:10.861 [main] WARN  o.s.b.a.o.j.JpaBaseConfiguration$JpaWebConfiguration - spring.jpa.open-in-view is enabled by default. Therefore, database queries may be performed during view rendering. Explicitly configure spring.jpa.open-in-view to disable this warning
2025-03-07 22:51:11.045 [main] WARN  o.s.b.a.s.s.UserDetailsServiceAutoConfiguration - 

Using generated security password: 3d22685a-98ad-4adb-87ad-b56feb209890

This generated password is for development use only. Your security configuration must be updated before running your application in production.

2025-03-07 22:51:11.111 [main] INFO  o.s.s.web.DefaultSecurityFilterChain - Will secure any request with [org.springframework.security.web.session.DisableEncodeUrlFilter@21579b35, org.springframework.security.web.context.request.async.WebAsyncManagerIntegrationFilter@25b83dce, org.springframework.security.web.context.SecurityContextHolderFilter@587400a9, org.springframework.security.web.header.HeaderWriterFilter@5fd31df7, org.springframework.web.filter.CorsFilter@74cd8c55, org.springframework.security.web.csrf.CsrfFilter@60cc20e1, org.springframework.security.web.authentication.logout.LogoutFilter@6ad26381, org.springframework.security.web.authentication.UsernamePasswordAuthenticationFilter@6c8672b9, org.springframework.security.web.authentication.ui.DefaultLoginPageGeneratingFilter@7acfcfc4, org.springframework.security.web.authentication.ui.DefaultLogoutPageGeneratingFilter@5870fc05, org.springframework.security.web.authentication.www.BasicAuthenticationFilter@3c271988, org.springframework.security.web.savedrequest.RequestCacheAwareFilter@7430ed93, org.springframework.security.web.servletapi.SecurityContextHolderAwareRequestFilter@2346f77a, org.springframework.security.web.authentication.AnonymousAuthenticationFilter@45e35a0d, org.springframework.security.web.access.ExceptionTranslationFilter@49809275, org.springframework.security.web.access.intercept.AuthorizationFilter@2dbcee03]
2025-03-07 22:51:11.141 [main] INFO  o.a.coyote.http11.Http11NioProtocol - Starting ProtocolHandler ["http-nio-8082"]
2025-03-07 22:51:11.155 [main] INFO  o.s.b.w.e.tomcat.TomcatWebServer - Tomcat started on port 8082 (http) with context path ''
2025-03-07 22:51:11.156 [main] INFO  o.s.m.s.b.SimpleBrokerMessageHandler - Starting...
2025-03-07 22:51:11.158 [main] INFO  o.s.m.s.b.SimpleBrokerMessageHandler - BrokerAvailabilityEvent[available=true, SimpleBrokerMessageHandler [org.springframework.messaging.simp.broker.DefaultSubscriptionRegistry@de40aa1]]
2025-03-07 22:51:11.158 [main] INFO  o.s.m.s.b.SimpleBrokerMessageHandler - Started.
2025-03-07 22:51:11.163 [main] INFO  com.chatapp.RealtimeChatApplication - Started RealtimeChatApplication in 2.105 seconds (process running for 2.35)
2025-03-07 22:51:17.611 [SpringApplicationShutdownHook] INFO  o.s.m.s.b.SimpleBrokerMessageHandler - Stopping...
2025-03-07 22:51:17.612 [SpringApplicationShutdownHook] INFO  o.s.m.s.b.SimpleBrokerMessageHandler - BrokerAvailabilityEvent[available=false, SimpleBrokerMessageHandler [org.springframework.messaging.simp.broker.DefaultSubscriptionRegistry@de40aa1]]
2025-03-07 22:51:17.612 [SpringApplicationShutdownHook] INFO  o.s.m.s.b.SimpleBrokerMessageHandler - Stopped.
2025-03-07 22:51:17.623 [SpringApplicationShutdownHook] INFO  o.s.o.j.LocalContainerEntityManagerFactoryBean - Closing JPA EntityManagerFactory for persistence unit 'default'
2025-03-07 22:51:17.625 [SpringApplicationShutdownHook] INFO  com.zaxxer.hikari.HikariDataSource - HikariPool-1 - Shutdown initiated...
2025-03-07 22:51:17.627 [SpringApplicationShutdownHook] INFO  com.zaxxer.hikari.HikariDataSource - HikariPool-1 - Shutdown completed.
2025-03-07 22:53:43.731 [MessageBroker-2] INFO  o.s.w.s.c.WebSocketMessageBrokerStats - WebSocketSession[0 current WS(0)-HttpStream(0)-HttpPoll(0), 0 total, 0 closed abnormally (0 connect failure, 0 send limit, 0 transport error)], stompSubProtocol[processed CONNECT(0)-CONNECTED(0)-DISCONNECT(0)], stompBrokerRelay[null], inboundChannel[pool size = 0, active threads = 0, queued tasks = 0, completed tasks = 0], outboundChannel[pool size = 0, active threads = 0, queued tasks = 0, completed tasks = 0], sockJsScheduler[pool size = 6, active threads = 1, queued tasks = 0, completed tasks = 5]
2025-03-07 22:53:51.165 [main] INFO  com.chatapp.RealtimeChatApplication - Starting RealtimeChatApplication using Java 21.0.6 with PID 23548 (D:\Answer\es\backend\target\classes started by lenovo in D:\Answer\es\backend)
2025-03-07 22:53:51.166 [main] DEBUG com.chatapp.RealtimeChatApplication - Running with Spring Boot v3.2.3, Spring v6.1.4
2025-03-07 22:53:51.167 [main] INFO  com.chatapp.RealtimeChatApplication - No active profile set, falling back to 1 default profile: "default"
2025-03-07 22:53:51.562 [main] INFO  o.s.d.r.c.RepositoryConfigurationDelegate - Bootstrapping Spring Data JPA repositories in DEFAULT mode.
2025-03-07 22:53:51.583 [main] INFO  o.s.d.r.c.RepositoryConfigurationDelegate - Finished Spring Data repository scanning in 16 ms. Found 0 JPA repository interfaces.
2025-03-07 22:53:51.911 [main] INFO  o.s.b.w.e.tomcat.TomcatWebServer - Tomcat initialized with port 8082 (http)
2025-03-07 22:53:51.917 [main] INFO  o.a.coyote.http11.Http11NioProtocol - Initializing ProtocolHandler ["http-nio-8082"]
2025-03-07 22:53:51.919 [main] INFO  o.a.catalina.core.StandardService - Starting service [Tomcat]
2025-03-07 22:53:51.920 [main] INFO  o.a.catalina.core.StandardEngine - Starting Servlet engine: [Apache Tomcat/10.1.19]
2025-03-07 22:53:51.965 [main] INFO  o.a.c.c.C.[Tomcat].[localhost].[/] - Initializing Spring embedded WebApplicationContext
2025-03-07 22:53:51.966 [main] INFO  o.s.b.w.s.c.ServletWebServerApplicationContext - Root WebApplicationContext: initialization completed in 771 ms
2025-03-07 22:53:51.985 [main] INFO  com.zaxxer.hikari.HikariDataSource - HikariPool-1 - Starting...
2025-03-07 22:53:52.092 [main] INFO  com.zaxxer.hikari.pool.HikariPool - HikariPool-1 - Added connection conn0: url=jdbc:h2:mem:chatdb user=SA
2025-03-07 22:53:52.093 [main] INFO  com.zaxxer.hikari.HikariDataSource - HikariPool-1 - Start completed.
2025-03-07 22:53:52.100 [main] INFO  o.s.b.a.h.H2ConsoleAutoConfiguration - H2 console available at '/h2-console'. Database available at 'jdbc:h2:mem:chatdb'
2025-03-07 22:53:52.179 [main] INFO  o.h.jpa.internal.util.LogHelper - HHH000204: Processing PersistenceUnitInfo [name: default]
2025-03-07 22:53:52.207 [main] INFO  org.hibernate.Version - HHH000412: Hibernate ORM core version 6.4.4.Final
2025-03-07 22:53:52.224 [main] INFO  o.h.c.i.RegionFactoryInitiator - HHH000026: Second-level cache disabled
2025-03-07 22:53:52.350 [main] INFO  o.s.o.j.p.SpringPersistenceUnitInfo - No LoadTimeWeaver setup: ignoring JPA class transformer
2025-03-07 22:53:52.374 [main] WARN  org.hibernate.orm.deprecation - HHH90000025: H2Dialect does not need to be specified explicitly using 'hibernate.dialect' (remove the property setting and it will be selected by default)
2025-03-07 22:53:52.550 [main] INFO  o.h.e.t.j.p.i.JtaPlatformInitiator - HHH000489: No JTA platform available (set 'hibernate.transaction.jta.platform' to enable JTA platform integration)
2025-03-07 22:53:52.554 [main] INFO  o.s.o.j.LocalContainerEntityManagerFactoryBean - Initialized JPA EntityManagerFactory for persistence unit 'default'
2025-03-07 22:53:52.642 [main] DEBUG o.s.w.s.s.s.WebSocketHandlerMapping - Patterns [/ws/**] in 'stompWebSocketHandlerMapping'
2025-03-07 22:53:52.663 [main] WARN  o.s.b.a.o.j.JpaBaseConfiguration$JpaWebConfiguration - spring.jpa.open-in-view is enabled by default. Therefore, database queries may be performed during view rendering. Explicitly configure spring.jpa.open-in-view to disable this warning
2025-03-07 22:53:52.678 [main] DEBUG o.s.w.s.m.WebSocketAnnotationMethodMessageHandler - 
	c.c.c.LogController:
	
2025-03-07 22:53:52.680 [main] DEBUG o.s.w.s.m.WebSocketAnnotationMethodMessageHandler - 
	c.c.c.WebRTCSignalingController:
	{[MESSAGE],[/webrtc/call]}: call(Map,SimpMessageHeaderAccessor)
	{[MESSAGE],[/webrtc/answer]}: answer(WebRTCSignal,SimpMessageHeaderAccessor)
	{[MESSAGE],[/webrtc/hangup]}: hangup(Map,SimpMessageHeaderAccessor)
	{[MESSAGE],[/webrtc/adjust-bitrate]}: adjustBitrate(WebRTCSignal,SimpMessageHeaderAccessor)
	{[MESSAGE],[/webrtc/ice-candidate]}: iceCandidate(WebRTCSignal,SimpMessageHeaderAccessor)
	{[MESSAGE],[/webrtc/config]}: getWebRTCConfig(SimpMessageHeaderAccessor)
2025-03-07 22:53:52.690 [main] DEBUG o.s.w.s.m.WebSocketAnnotationMethodMessageHandler - 
	o.s.b.a.w.s.e.BasicErrorController:
	
2025-03-07 22:53:52.743 [main] DEBUG o.s.w.s.m.m.a.RequestMappingHandlerMapping - 3 mappings in 'requestMappingHandlerMapping'
2025-03-07 22:53:52.763 [main] DEBUG o.s.w.s.h.SimpleUrlHandlerMapping - Patterns [/webjars/**, /**] in 'resourceHandlerMapping'
2025-03-07 22:53:52.778 [main] DEBUG o.s.w.s.m.m.a.RequestMappingHandlerAdapter - ControllerAdvice beans: 0 @ModelAttribute, 0 @InitBinder, 1 RequestBodyAdvice, 1 ResponseBodyAdvice
2025-03-07 22:53:52.795 [main] DEBUG o.s.w.s.m.m.a.ExceptionHandlerExceptionResolver - ControllerAdvice beans: 0 @ExceptionHandler, 1 ResponseBodyAdvice
2025-03-07 22:53:52.859 [main] WARN  o.s.b.a.s.s.UserDetailsServiceAutoConfiguration - 

Using generated security password: 6370334c-6fbf-41cf-a5ae-9095aebaf0e2

This generated password is for development use only. Your security configuration must be updated before running your application in production.

2025-03-07 22:53:52.932 [main] INFO  o.s.s.web.DefaultSecurityFilterChain - Will secure any request with [org.springframework.security.web.session.DisableEncodeUrlFilter@33a8f553, org.springframework.security.web.context.request.async.WebAsyncManagerIntegrationFilter@61ca5134, org.springframework.security.web.context.SecurityContextHolderFilter@4a86be01, org.springframework.security.web.header.HeaderWriterFilter@3ef914f5, org.springframework.web.filter.CorsFilter@7204d98f, org.springframework.security.web.csrf.CsrfFilter@48d464cf, org.springframework.security.web.authentication.logout.LogoutFilter@31450fc0, org.springframework.security.web.authentication.UsernamePasswordAuthenticationFilter@6244afc4, org.springframework.security.web.authentication.ui.DefaultLoginPageGeneratingFilter@6296e4bf, org.springframework.security.web.authentication.ui.DefaultLogoutPageGeneratingFilter@8636cf4, org.springframework.security.web.authentication.www.BasicAuthenticationFilter@72240290, org.springframework.security.web.savedrequest.RequestCacheAwareFilter@5a654e05, org.springframework.security.web.servletapi.SecurityContextHolderAwareRequestFilter@121dac1a, org.springframework.security.web.authentication.AnonymousAuthenticationFilter@7c9512c6, org.springframework.security.web.access.ExceptionTranslationFilter@2cbc2db2, org.springframework.security.web.access.intercept.AuthorizationFilter@59c38af5]
2025-03-07 22:53:52.961 [main] INFO  o.a.coyote.http11.Http11NioProtocol - Starting ProtocolHandler ["http-nio-8082"]
2025-03-07 22:53:52.976 [main] INFO  o.s.b.w.e.tomcat.TomcatWebServer - Tomcat started on port 8082 (http) with context path ''
2025-03-07 22:53:52.977 [main] DEBUG org.springframework.web.SimpLogging - clientOutboundChannel added SubProtocolWebSocketHandler[StompSubProtocolHandler[v10.stomp, v11.stomp, v12.stomp]]
2025-03-07 22:53:52.978 [main] DEBUG org.springframework.web.SimpLogging - clientInboundChannel added WebSocketAnnotationMethodMessageHandler[prefixes=[/app/]]
2025-03-07 22:53:52.978 [main] INFO  o.s.m.s.b.SimpleBrokerMessageHandler - Starting...
2025-03-07 22:53:52.979 [main] DEBUG org.springframework.web.SimpLogging - clientInboundChannel added SimpleBrokerMessageHandler [org.springframework.messaging.simp.broker.DefaultSubscriptionRegistry@147097ad]
2025-03-07 22:53:52.979 [main] DEBUG org.springframework.web.SimpLogging - brokerChannel added SimpleBrokerMessageHandler [org.springframework.messaging.simp.broker.DefaultSubscriptionRegistry@147097ad]
2025-03-07 22:53:52.979 [main] INFO  o.s.m.s.b.SimpleBrokerMessageHandler - BrokerAvailabilityEvent[available=true, SimpleBrokerMessageHandler [org.springframework.messaging.simp.broker.DefaultSubscriptionRegistry@147097ad]]
2025-03-07 22:53:52.980 [main] INFO  o.s.m.s.b.SimpleBrokerMessageHandler - Started.
2025-03-07 22:53:52.980 [main] DEBUG org.springframework.web.SimpLogging - clientInboundChannel added UserDestinationMessageHandler[DefaultUserDestinationResolver[prefix=/user/]]
2025-03-07 22:53:52.980 [main] DEBUG org.springframework.web.SimpLogging - brokerChannel added UserDestinationMessageHandler[DefaultUserDestinationResolver[prefix=/user/]]
2025-03-07 22:53:52.985 [main] INFO  com.chatapp.RealtimeChatApplication - Started RealtimeChatApplication in 2.158 seconds (process running for 2.4)
2025-03-07 22:53:55.272 [SpringApplicationShutdownHook] DEBUG org.springframework.web.SimpLogging - clientOutboundChannel removed SubProtocolWebSocketHandler[StompSubProtocolHandler[v10.stomp, v11.stomp, v12.stomp]]
2025-03-07 22:53:55.273 [SpringApplicationShutdownHook] DEBUG org.springframework.web.SimpLogging - clientInboundChannel removed WebSocketAnnotationMethodMessageHandler[prefixes=[/app/]]
2025-03-07 22:53:55.273 [SpringApplicationShutdownHook] INFO  o.s.m.s.b.SimpleBrokerMessageHandler - Stopping...
2025-03-07 22:53:55.273 [SpringApplicationShutdownHook] INFO  o.s.m.s.b.SimpleBrokerMessageHandler - BrokerAvailabilityEvent[available=false, SimpleBrokerMessageHandler [org.springframework.messaging.simp.broker.DefaultSubscriptionRegistry@147097ad]]
2025-03-07 22:53:55.274 [SpringApplicationShutdownHook] DEBUG org.springframework.web.SimpLogging - clientInboundChannel removed SimpleBrokerMessageHandler [org.springframework.messaging.simp.broker.DefaultSubscriptionRegistry@147097ad]
2025-03-07 22:53:55.274 [SpringApplicationShutdownHook] DEBUG org.springframework.web.SimpLogging - brokerChannel removed SimpleBrokerMessageHandler [org.springframework.messaging.simp.broker.DefaultSubscriptionRegistry@147097ad]
2025-03-07 22:53:55.274 [SpringApplicationShutdownHook] INFO  o.s.m.s.b.SimpleBrokerMessageHandler - Stopped.
2025-03-07 22:53:55.275 [SpringApplicationShutdownHook] DEBUG org.springframework.web.SimpLogging - clientInboundChannel removed UserDestinationMessageHandler[DefaultUserDestinationResolver[prefix=/user/]]
2025-03-07 22:53:55.275 [SpringApplicationShutdownHook] DEBUG org.springframework.web.SimpLogging - brokerChannel removed UserDestinationMessageHandler[DefaultUserDestinationResolver[prefix=/user/]]
2025-03-07 22:53:55.286 [SpringApplicationShutdownHook] INFO  o.s.o.j.LocalContainerEntityManagerFactoryBean - Closing JPA EntityManagerFactory for persistence unit 'default'
2025-03-07 22:53:55.287 [SpringApplicationShutdownHook] INFO  com.zaxxer.hikari.HikariDataSource - HikariPool-1 - Shutdown initiated...
2025-03-07 22:53:55.289 [SpringApplicationShutdownHook] INFO  com.zaxxer.hikari.HikariDataSource - HikariPool-1 - Shutdown completed.
2025-03-07 22:56:59.281 [main] INFO  com.chatapp.RealtimeChatApplication - Starting RealtimeChatApplication using Java 21.0.6 with PID 2224 (D:\Answer\es\backend\target\classes started by lenovo in D:\Answer\es\backend)
2025-03-07 22:56:59.281 [main] DEBUG com.chatapp.RealtimeChatApplication - Running with Spring Boot v3.2.3, Spring v6.1.4
2025-03-07 22:56:59.282 [main] INFO  com.chatapp.RealtimeChatApplication - No active profile set, falling back to 1 default profile: "default"
2025-03-07 22:56:59.667 [main] INFO  o.s.d.r.c.RepositoryConfigurationDelegate - Bootstrapping Spring Data JPA repositories in DEFAULT mode.
2025-03-07 22:56:59.685 [main] INFO  o.s.d.r.c.RepositoryConfigurationDelegate - Finished Spring Data repository scanning in 11 ms. Found 0 JPA repository interfaces.
2025-03-07 22:57:00.027 [main] INFO  o.s.b.w.e.tomcat.TomcatWebServer - Tomcat initialized with port 8082 (http)
2025-03-07 22:57:00.034 [main] INFO  o.a.coyote.http11.Http11NioProtocol - Initializing ProtocolHandler ["http-nio-8082"]
2025-03-07 22:57:00.035 [main] INFO  o.a.catalina.core.StandardService - Starting service [Tomcat]
2025-03-07 22:57:00.035 [main] INFO  o.a.catalina.core.StandardEngine - Starting Servlet engine: [Apache Tomcat/10.1.19]
2025-03-07 22:57:00.080 [main] INFO  o.a.c.c.C.[Tomcat].[localhost].[/] - Initializing Spring embedded WebApplicationContext
2025-03-07 22:57:00.082 [main] INFO  o.s.b.w.s.c.ServletWebServerApplicationContext - Root WebApplicationContext: initialization completed in 772 ms
2025-03-07 22:57:00.101 [main] INFO  com.zaxxer.hikari.HikariDataSource - HikariPool-1 - Starting...
2025-03-07 22:57:00.199 [main] INFO  com.zaxxer.hikari.pool.HikariPool - HikariPool-1 - Added connection conn0: url=jdbc:h2:mem:chatdb user=SA
2025-03-07 22:57:00.200 [main] INFO  com.zaxxer.hikari.HikariDataSource - HikariPool-1 - Start completed.
2025-03-07 22:57:00.207 [main] INFO  o.s.b.a.h.H2ConsoleAutoConfiguration - H2 console available at '/h2-console'. Database available at 'jdbc:h2:mem:chatdb'
2025-03-07 22:57:00.290 [main] INFO  o.h.jpa.internal.util.LogHelper - HHH000204: Processing PersistenceUnitInfo [name: default]
2025-03-07 22:57:00.317 [main] INFO  org.hibernate.Version - HHH000412: Hibernate ORM core version 6.4.4.Final
2025-03-07 22:57:00.335 [main] INFO  o.h.c.i.RegionFactoryInitiator - HHH000026: Second-level cache disabled
2025-03-07 22:57:00.465 [main] INFO  o.s.o.j.p.SpringPersistenceUnitInfo - No LoadTimeWeaver setup: ignoring JPA class transformer
2025-03-07 22:57:00.490 [main] WARN  org.hibernate.orm.deprecation - HHH90000025: H2Dialect does not need to be specified explicitly using 'hibernate.dialect' (remove the property setting and it will be selected by default)
2025-03-07 22:57:00.665 [main] INFO  o.h.e.t.j.p.i.JtaPlatformInitiator - HHH000489: No JTA platform available (set 'hibernate.transaction.jta.platform' to enable JTA platform integration)
2025-03-07 22:57:00.669 [main] INFO  o.s.o.j.LocalContainerEntityManagerFactoryBean - Initialized JPA EntityManagerFactory for persistence unit 'default'
2025-03-07 22:57:00.755 [main] DEBUG o.s.w.s.s.s.WebSocketHandlerMapping - Patterns [/ws/**] in 'stompWebSocketHandlerMapping'
2025-03-07 22:57:00.776 [main] WARN  o.s.b.a.o.j.JpaBaseConfiguration$JpaWebConfiguration - spring.jpa.open-in-view is enabled by default. Therefore, database queries may be performed during view rendering. Explicitly configure spring.jpa.open-in-view to disable this warning
2025-03-07 22:57:00.792 [main] DEBUG o.s.w.s.m.WebSocketAnnotationMethodMessageHandler - 
	c.c.c.LogController:
	
2025-03-07 22:57:00.794 [main] DEBUG o.s.w.s.m.WebSocketAnnotationMethodMessageHandler - 
	c.c.c.WebRTCSignalingController:
	{[MESSAGE],[/webrtc/call]}: call(Map,SimpMessageHeaderAccessor)
	{[MESSAGE],[/webrtc/answer]}: answer(WebRTCSignal,SimpMessageHeaderAccessor)
	{[MESSAGE],[/webrtc/hangup]}: hangup(Map,SimpMessageHeaderAccessor)
	{[MESSAGE],[/webrtc/config]}: getWebRTCConfig(SimpMessageHeaderAccessor)
	{[MESSAGE],[/webrtc/ice-candidate]}: iceCandidate(WebRTCSignal,SimpMessageHeaderAccessor)
	{[MESSAGE],[/webrtc/adjust-bitrate]}: adjustBitrate(WebRTCSignal,SimpMessageHeaderAccessor)
2025-03-07 22:57:00.798 [main] DEBUG o.s.w.s.m.WebSocketAnnotationMethodMessageHandler - 
	o.s.b.a.w.s.e.BasicErrorController:
	
2025-03-07 22:57:00.851 [main] DEBUG o.s.w.s.m.m.a.RequestMappingHandlerMapping - 3 mappings in 'requestMappingHandlerMapping'
2025-03-07 22:57:00.870 [main] DEBUG o.s.w.s.h.SimpleUrlHandlerMapping - Patterns [/webjars/**, /**] in 'resourceHandlerMapping'
2025-03-07 22:57:00.884 [main] DEBUG o.s.w.s.m.m.a.RequestMappingHandlerAdapter - ControllerAdvice beans: 0 @ModelAttribute, 0 @InitBinder, 1 RequestBodyAdvice, 1 ResponseBodyAdvice
2025-03-07 22:57:00.902 [main] DEBUG o.s.w.s.m.m.a.ExceptionHandlerExceptionResolver - ControllerAdvice beans: 0 @ExceptionHandler, 1 ResponseBodyAdvice
2025-03-07 22:57:00.965 [main] WARN  o.s.b.a.s.s.UserDetailsServiceAutoConfiguration - 

Using generated security password: f214ddb4-533d-405d-bc28-b13df9f9a405

This generated password is for development use only. Your security configuration must be updated before running your application in production.

2025-03-07 22:57:01.039 [main] INFO  o.s.s.web.DefaultSecurityFilterChain - Will secure any request with [org.springframework.security.web.session.DisableEncodeUrlFilter@1bbc1b90, org.springframework.security.web.context.request.async.WebAsyncManagerIntegrationFilter@29e3c28, org.springframework.security.web.context.SecurityContextHolderFilter@1999e1f5, org.springframework.security.web.header.HeaderWriterFilter@7d0df326, org.springframework.web.filter.CorsFilter@480994d3, org.springframework.security.web.csrf.CsrfFilter@21d15932, org.springframework.security.web.authentication.logout.LogoutFilter@3cae4518, org.springframework.security.web.authentication.UsernamePasswordAuthenticationFilter@1ee6434, org.springframework.security.web.authentication.ui.DefaultLoginPageGeneratingFilter@4cefa0be, org.springframework.security.web.authentication.ui.DefaultLogoutPageGeneratingFilter@7146c6ea, org.springframework.security.web.authentication.www.BasicAuthenticationFilter@31450fc0, org.springframework.security.web.savedrequest.RequestCacheAwareFilter@77307b51, org.springframework.security.web.servletapi.SecurityContextHolderAwareRequestFilter@48d464cf, org.springframework.security.web.authentication.AnonymousAuthenticationFilter@a5d23c9, org.springframework.security.web.access.ExceptionTranslationFilter@5c7e55a4, org.springframework.security.web.access.intercept.AuthorizationFilter@6065bcb7]
2025-03-07 22:57:01.069 [main] INFO  o.a.coyote.http11.Http11NioProtocol - Starting ProtocolHandler ["http-nio-8082"]
2025-03-07 22:57:01.083 [main] INFO  o.s.b.w.e.tomcat.TomcatWebServer - Tomcat started on port 8082 (http) with context path ''
2025-03-07 22:57:01.084 [main] DEBUG org.springframework.web.SimpLogging - clientOutboundChannel added SubProtocolWebSocketHandler[StompSubProtocolHandler[v10.stomp, v11.stomp, v12.stomp]]
2025-03-07 22:57:01.085 [main] DEBUG org.springframework.web.SimpLogging - clientInboundChannel added WebSocketAnnotationMethodMessageHandler[prefixes=[/app/]]
2025-03-07 22:57:01.085 [main] INFO  o.s.m.s.b.SimpleBrokerMessageHandler - Starting...
2025-03-07 22:57:01.085 [main] DEBUG org.springframework.web.SimpLogging - clientInboundChannel added SimpleBrokerMessageHandler [org.springframework.messaging.simp.broker.DefaultSubscriptionRegistry@47c356e]
2025-03-07 22:57:01.085 [main] DEBUG org.springframework.web.SimpLogging - brokerChannel added SimpleBrokerMessageHandler [org.springframework.messaging.simp.broker.DefaultSubscriptionRegistry@47c356e]
2025-03-07 22:57:01.085 [main] INFO  o.s.m.s.b.SimpleBrokerMessageHandler - BrokerAvailabilityEvent[available=true, SimpleBrokerMessageHandler [org.springframework.messaging.simp.broker.DefaultSubscriptionRegistry@47c356e]]
2025-03-07 22:57:01.086 [main] INFO  o.s.m.s.b.SimpleBrokerMessageHandler - Started.
2025-03-07 22:57:01.086 [main] DEBUG org.springframework.web.SimpLogging - clientInboundChannel added UserDestinationMessageHandler[DefaultUserDestinationResolver[prefix=/user/]]
2025-03-07 22:57:01.086 [main] DEBUG org.springframework.web.SimpLogging - brokerChannel added UserDestinationMessageHandler[DefaultUserDestinationResolver[prefix=/user/]]
2025-03-07 22:57:01.092 [main] INFO  com.chatapp.RealtimeChatApplication - Started RealtimeChatApplication in 2.151 seconds (process running for 2.406)
2025-03-07 22:58:01.069 [MessageBroker-1] INFO  o.s.w.s.c.WebSocketMessageBrokerStats - WebSocketSession[0 current WS(0)-HttpStream(0)-HttpPoll(0), 0 total, 0 closed abnormally (0 connect failure, 0 send limit, 0 transport error)], stompSubProtocol[processed CONNECT(0)-CONNECTED(0)-DISCONNECT(0)], stompBrokerRelay[null], inboundChannel[pool size = 0, active threads = 0, queued tasks = 0, completed tasks = 0], outboundChannel[pool size = 0, active threads = 0, queued tasks = 0, completed tasks = 0], sockJsScheduler[pool size = 1, active threads = 1, queued tasks = 0, completed tasks = 0]
2025-03-07 22:58:04.296 [main] INFO  com.chatapp.RealtimeChatApplication - Starting RealtimeChatApplication using Java 21.0.6 with PID 5492 (D:\Answer\es\backend\target\classes started by lenovo in D:\Answer\es\backend)
2025-03-07 22:58:04.297 [main] DEBUG com.chatapp.RealtimeChatApplication - Running with Spring Boot v3.2.3, Spring v6.1.4
2025-03-07 22:58:04.297 [main] INFO  com.chatapp.RealtimeChatApplication - No active profile set, falling back to 1 default profile: "default"
2025-03-07 22:58:04.639 [main] INFO  o.s.d.r.c.RepositoryConfigurationDelegate - Bootstrapping Spring Data JPA repositories in DEFAULT mode.
2025-03-07 22:58:04.651 [main] INFO  o.s.d.r.c.RepositoryConfigurationDelegate - Finished Spring Data repository scanning in 7 ms. Found 0 JPA repository interfaces.
2025-03-07 22:58:04.975 [main] INFO  o.s.b.w.e.tomcat.TomcatWebServer - Tomcat initialized with port 8082 (http)
2025-03-07 22:58:04.983 [main] INFO  o.a.coyote.http11.Http11NioProtocol - Initializing ProtocolHandler ["http-nio-8082"]
2025-03-07 22:58:04.984 [main] INFO  o.a.catalina.core.StandardService - Starting service [Tomcat]
2025-03-07 22:58:04.984 [main] INFO  o.a.catalina.core.StandardEngine - Starting Servlet engine: [Apache Tomcat/10.1.19]
2025-03-07 22:58:05.027 [main] INFO  o.a.c.c.C.[Tomcat].[localhost].[/] - Initializing Spring embedded WebApplicationContext
2025-03-07 22:58:05.028 [main] INFO  o.s.b.w.s.c.ServletWebServerApplicationContext - Root WebApplicationContext: initialization completed in 707 ms
2025-03-07 22:58:05.047 [main] INFO  com.zaxxer.hikari.HikariDataSource - HikariPool-1 - Starting...
2025-03-07 22:58:05.159 [main] INFO  com.zaxxer.hikari.pool.HikariPool - HikariPool-1 - Added connection conn0: url=jdbc:h2:mem:chatdb user=SA
2025-03-07 22:58:05.160 [main] INFO  com.zaxxer.hikari.HikariDataSource - HikariPool-1 - Start completed.
2025-03-07 22:58:05.168 [main] INFO  o.s.b.a.h.H2ConsoleAutoConfiguration - H2 console available at '/h2-console'. Database available at 'jdbc:h2:mem:chatdb'
2025-03-07 22:58:05.240 [main] INFO  o.h.jpa.internal.util.LogHelper - HHH000204: Processing PersistenceUnitInfo [name: default]
2025-03-07 22:58:05.270 [main] INFO  org.hibernate.Version - HHH000412: Hibernate ORM core version 6.4.4.Final
2025-03-07 22:58:05.287 [main] INFO  o.h.c.i.RegionFactoryInitiator - HHH000026: Second-level cache disabled
2025-03-07 22:58:05.403 [main] INFO  o.s.o.j.p.SpringPersistenceUnitInfo - No LoadTimeWeaver setup: ignoring JPA class transformer
2025-03-07 22:58:05.426 [main] WARN  org.hibernate.orm.deprecation - HHH90000025: H2Dialect does not need to be specified explicitly using 'hibernate.dialect' (remove the property setting and it will be selected by default)
2025-03-07 22:58:05.593 [main] INFO  o.h.e.t.j.p.i.JtaPlatformInitiator - HHH000489: No JTA platform available (set 'hibernate.transaction.jta.platform' to enable JTA platform integration)
2025-03-07 22:58:05.595 [main] INFO  o.s.o.j.LocalContainerEntityManagerFactoryBean - Initialized JPA EntityManagerFactory for persistence unit 'default'
2025-03-07 22:58:05.678 [main] DEBUG o.s.w.s.s.s.WebSocketHandlerMapping - Patterns [/ws/**] in 'stompWebSocketHandlerMapping'
2025-03-07 22:58:05.699 [main] WARN  o.s.b.a.o.j.JpaBaseConfiguration$JpaWebConfiguration - spring.jpa.open-in-view is enabled by default. Therefore, database queries may be performed during view rendering. Explicitly configure spring.jpa.open-in-view to disable this warning
2025-03-07 22:58:05.712 [main] DEBUG o.s.w.s.m.WebSocketAnnotationMethodMessageHandler - 
	c.c.c.LogController:
	
2025-03-07 22:58:05.714 [main] DEBUG o.s.w.s.m.WebSocketAnnotationMethodMessageHandler - 
	c.c.c.WebRTCSignalingController:
	{[MESSAGE],[/webrtc/call]}: call(Map,SimpMessageHeaderAccessor)
	{[MESSAGE],[/webrtc/answer]}: answer(WebRTCSignal,SimpMessageHeaderAccessor)
	{[MESSAGE],[/webrtc/config]}: getWebRTCConfig(SimpMessageHeaderAccessor)
	{[MESSAGE],[/webrtc/ice-candidate]}: iceCandidate(WebRTCSignal,SimpMessageHeaderAccessor)
	{[MESSAGE],[/webrtc/adjust-bitrate]}: adjustBitrate(WebRTCSignal,SimpMessageHeaderAccessor)
	{[MESSAGE],[/webrtc/hangup]}: hangup(Map,SimpMessageHeaderAccessor)
2025-03-07 22:58:05.718 [main] DEBUG o.s.w.s.m.WebSocketAnnotationMethodMessageHandler - 
	o.s.b.a.w.s.e.BasicErrorController:
	
2025-03-07 22:58:05.773 [main] DEBUG o.s.w.s.m.m.a.RequestMappingHandlerMapping - 3 mappings in 'requestMappingHandlerMapping'
2025-03-07 22:58:05.790 [main] DEBUG o.s.w.s.h.SimpleUrlHandlerMapping - Patterns [/webjars/**, /**] in 'resourceHandlerMapping'
2025-03-07 22:58:05.807 [main] DEBUG o.s.w.s.m.m.a.RequestMappingHandlerAdapter - ControllerAdvice beans: 0 @ModelAttribute, 0 @InitBinder, 1 RequestBodyAdvice, 1 ResponseBodyAdvice
2025-03-07 22:58:05.821 [main] DEBUG o.s.w.s.m.m.a.ExceptionHandlerExceptionResolver - ControllerAdvice beans: 0 @ExceptionHandler, 1 ResponseBodyAdvice
2025-03-07 22:58:05.883 [main] WARN  o.s.b.a.s.s.UserDetailsServiceAutoConfiguration - 

Using generated security password: 1f33290d-ec9d-4df3-98af-52491c3a286c

This generated password is for development use only. Your security configuration must be updated before running your application in production.

2025-03-07 22:58:05.948 [main] INFO  o.s.s.web.DefaultSecurityFilterChain - Will secure any request with [org.springframework.security.web.session.DisableEncodeUrlFilter@534d0cfa, org.springframework.security.web.context.request.async.WebAsyncManagerIntegrationFilter@1f1ffc18, org.springframework.security.web.context.SecurityContextHolderFilter@8e00c02, org.springframework.security.web.header.HeaderWriterFilter@4850d66b, org.springframework.web.filter.CorsFilter@5a4e492c, org.springframework.security.web.csrf.CsrfFilter@65c689e7, org.springframework.security.web.authentication.logout.LogoutFilter@61d8a491, org.springframework.security.web.authentication.UsernamePasswordAuthenticationFilter@1bbc1b90, org.springframework.security.web.authentication.ui.DefaultLoginPageGeneratingFilter@2de96eba, org.springframework.security.web.authentication.ui.DefaultLogoutPageGeneratingFilter@1d33e72e, org.springframework.security.web.authentication.www.BasicAuthenticationFilter@f98cff, org.springframework.security.web.savedrequest.RequestCacheAwareFilter@447543ee, org.springframework.security.web.servletapi.SecurityContextHolderAwareRequestFilter@2a0ce342, org.springframework.security.web.authentication.AnonymousAuthenticationFilter@26a202ae, org.springframework.security.web.access.ExceptionTranslationFilter@4cefa0be, org.springframework.security.web.access.intercept.AuthorizationFilter@49de1505]
2025-03-07 22:58:05.975 [main] INFO  o.a.coyote.http11.Http11NioProtocol - Starting ProtocolHandler ["http-nio-8082"]
2025-03-07 22:58:05.982 [main] WARN  o.s.b.w.s.c.AnnotationConfigServletWebServerApplicationContext - Exception encountered during context initialization - cancelling refresh attempt: org.springframework.context.ApplicationContextException: Failed to start bean 'webServerStartStop'
2025-03-07 22:58:05.984 [main] INFO  o.s.o.j.LocalContainerEntityManagerFactoryBean - Closing JPA EntityManagerFactory for persistence unit 'default'
2025-03-07 22:58:05.985 [main] INFO  com.zaxxer.hikari.HikariDataSource - HikariPool-1 - Shutdown initiated...
2025-03-07 22:58:05.986 [main] INFO  com.zaxxer.hikari.HikariDataSource - HikariPool-1 - Shutdown completed.
2025-03-07 22:58:05.993 [main] INFO  o.s.b.a.l.ConditionEvaluationReportLogger - 

Error starting ApplicationContext. To display the condition evaluation report re-run your application with 'debug' enabled.
2025-03-07 22:58:06.002 [main] ERROR o.s.b.d.LoggingFailureAnalysisReporter - 

***************************
APPLICATION FAILED TO START
***************************

Description:

Web server failed to start. Port 8082 was already in use.

Action:

Identify and stop the process that's listening on port 8082 or configure this application to listen on another port.

2025-03-07 22:59:09.369 [main] INFO  com.chatapp.RealtimeChatApplication - Starting RealtimeChatApplication using Java 21.0.6 with PID 12440 (D:\Answer\es\backend\target\classes started by lenovo in D:\Answer\es\backend)
2025-03-07 22:59:09.370 [main] DEBUG com.chatapp.RealtimeChatApplication - Running with Spring Boot v3.2.3, Spring v6.1.4
2025-03-07 22:59:09.371 [main] INFO  com.chatapp.RealtimeChatApplication - No active profile set, falling back to 1 default profile: "default"
2025-03-07 22:59:09.715 [main] INFO  o.s.d.r.c.RepositoryConfigurationDelegate - Bootstrapping Spring Data JPA repositories in DEFAULT mode.
2025-03-07 22:59:09.727 [main] INFO  o.s.d.r.c.RepositoryConfigurationDelegate - Finished Spring Data repository scanning in 7 ms. Found 0 JPA repository interfaces.
2025-03-07 22:59:10.049 [main] INFO  o.s.b.w.e.tomcat.TomcatWebServer - Tomcat initialized with port 8082 (http)
2025-03-07 22:59:10.055 [main] INFO  o.a.coyote.http11.Http11NioProtocol - Initializing ProtocolHandler ["http-nio-8082"]
2025-03-07 22:59:10.057 [main] INFO  o.a.catalina.core.StandardService - Starting service [Tomcat]
2025-03-07 22:59:10.058 [main] INFO  o.a.catalina.core.StandardEngine - Starting Servlet engine: [Apache Tomcat/10.1.19]
2025-03-07 22:59:10.110 [main] INFO  o.a.c.c.C.[Tomcat].[localhost].[/] - Initializing Spring embedded WebApplicationContext
2025-03-07 22:59:10.111 [main] INFO  o.s.b.w.s.c.ServletWebServerApplicationContext - Root WebApplicationContext: initialization completed in 713 ms
2025-03-07 22:59:10.135 [main] INFO  com.zaxxer.hikari.HikariDataSource - HikariPool-1 - Starting...
2025-03-07 22:59:10.238 [main] INFO  com.zaxxer.hikari.pool.HikariPool - HikariPool-1 - Added connection conn0: url=jdbc:h2:mem:chatdb user=SA
2025-03-07 22:59:10.239 [main] INFO  com.zaxxer.hikari.HikariDataSource - HikariPool-1 - Start completed.
2025-03-07 22:59:10.248 [main] INFO  o.s.b.a.h.H2ConsoleAutoConfiguration - H2 console available at '/h2-console'. Database available at 'jdbc:h2:mem:chatdb'
2025-03-07 22:59:10.321 [main] INFO  o.h.jpa.internal.util.LogHelper - HHH000204: Processing PersistenceUnitInfo [name: default]
2025-03-07 22:59:10.349 [main] INFO  org.hibernate.Version - HHH000412: Hibernate ORM core version 6.4.4.Final
2025-03-07 22:59:10.365 [main] INFO  o.h.c.i.RegionFactoryInitiator - HHH000026: Second-level cache disabled
2025-03-07 22:59:10.483 [main] INFO  o.s.o.j.p.SpringPersistenceUnitInfo - No LoadTimeWeaver setup: ignoring JPA class transformer
2025-03-07 22:59:10.507 [main] WARN  org.hibernate.orm.deprecation - HHH90000025: H2Dialect does not need to be specified explicitly using 'hibernate.dialect' (remove the property setting and it will be selected by default)
2025-03-07 22:59:10.684 [main] INFO  o.h.e.t.j.p.i.JtaPlatformInitiator - HHH000489: No JTA platform available (set 'hibernate.transaction.jta.platform' to enable JTA platform integration)
2025-03-07 22:59:10.687 [main] INFO  o.s.o.j.LocalContainerEntityManagerFactoryBean - Initialized JPA EntityManagerFactory for persistence unit 'default'
2025-03-07 22:59:10.768 [main] DEBUG o.s.w.s.s.s.WebSocketHandlerMapping - Patterns [/ws/**] in 'stompWebSocketHandlerMapping'
2025-03-07 22:59:10.789 [main] WARN  o.s.b.a.o.j.JpaBaseConfiguration$JpaWebConfiguration - spring.jpa.open-in-view is enabled by default. Therefore, database queries may be performed during view rendering. Explicitly configure spring.jpa.open-in-view to disable this warning
2025-03-07 22:59:10.806 [main] DEBUG o.s.w.s.m.WebSocketAnnotationMethodMessageHandler - 
	c.c.c.LogController:
	
2025-03-07 22:59:10.808 [main] DEBUG o.s.w.s.m.WebSocketAnnotationMethodMessageHandler - 
	c.c.c.WebRTCSignalingController:
	{[MESSAGE],[/webrtc/call]}: call(Map,SimpMessageHeaderAccessor)
	{[MESSAGE],[/webrtc/answer]}: answer(WebRTCSignal,SimpMessageHeaderAccessor)
	{[MESSAGE],[/webrtc/hangup]}: hangup(Map,SimpMessageHeaderAccessor)
	{[MESSAGE],[/webrtc/config]}: getWebRTCConfig(SimpMessageHeaderAccessor)
	{[MESSAGE],[/webrtc/adjust-bitrate]}: adjustBitrate(WebRTCSignal,SimpMessageHeaderAccessor)
	{[MESSAGE],[/webrtc/ice-candidate]}: iceCandidate(WebRTCSignal,SimpMessageHeaderAccessor)
2025-03-07 22:59:10.813 [main] DEBUG o.s.w.s.m.WebSocketAnnotationMethodMessageHandler - 
	o.s.b.a.w.s.e.BasicErrorController:
	
2025-03-07 22:59:10.872 [main] DEBUG o.s.w.s.m.m.a.RequestMappingHandlerMapping - 3 mappings in 'requestMappingHandlerMapping'
2025-03-07 22:59:10.891 [main] DEBUG o.s.w.s.h.SimpleUrlHandlerMapping - Patterns [/webjars/**, /**] in 'resourceHandlerMapping'
2025-03-07 22:59:10.904 [main] DEBUG o.s.w.s.m.m.a.RequestMappingHandlerAdapter - ControllerAdvice beans: 0 @ModelAttribute, 0 @InitBinder, 1 RequestBodyAdvice, 1 ResponseBodyAdvice
2025-03-07 22:59:10.923 [main] DEBUG o.s.w.s.m.m.a.ExceptionHandlerExceptionResolver - ControllerAdvice beans: 0 @ExceptionHandler, 1 ResponseBodyAdvice
2025-03-07 22:59:10.984 [main] WARN  o.s.b.a.s.s.UserDetailsServiceAutoConfiguration - 

Using generated security password: c181acd0-cd2a-4c24-9d5f-2a32dfb6b762

This generated password is for development use only. Your security configuration must be updated before running your application in production.

2025-03-07 22:59:11.050 [main] INFO  o.s.s.web.DefaultSecurityFilterChain - Will secure any request with [org.springframework.security.web.session.DisableEncodeUrlFilter@4d3990a5, org.springframework.security.web.context.request.async.WebAsyncManagerIntegrationFilter@18df26a1, org.springframework.security.web.context.SecurityContextHolderFilter@12765ebd, org.springframework.security.web.header.HeaderWriterFilter@3966c679, org.springframework.web.filter.CorsFilter@5c459194, org.springframework.security.web.csrf.CsrfFilter@6c8672b9, org.springframework.security.web.authentication.logout.LogoutFilter@4cefa0be, org.springframework.security.web.authentication.UsernamePasswordAuthenticationFilter@61e0f9b9, org.springframework.security.web.authentication.ui.DefaultLoginPageGeneratingFilter@6c4786af, org.springframework.security.web.authentication.ui.DefaultLogoutPageGeneratingFilter@61d8a491, org.springframework.security.web.authentication.www.BasicAuthenticationFilter@6296e4bf, org.springframework.security.web.savedrequest.RequestCacheAwareFilter@3703a400, org.springframework.security.web.servletapi.SecurityContextHolderAwareRequestFilter@22105c76, org.springframework.security.web.authentication.AnonymousAuthenticationFilter@6065bcb7, org.springframework.security.web.access.ExceptionTranslationFilter@45e35a0d, org.springframework.security.web.access.intercept.AuthorizationFilter@3ef914f5]
2025-03-07 22:59:11.078 [main] INFO  o.a.coyote.http11.Http11NioProtocol - Starting ProtocolHandler ["http-nio-8082"]
2025-03-07 22:59:11.084 [main] WARN  o.s.b.w.s.c.AnnotationConfigServletWebServerApplicationContext - Exception encountered during context initialization - cancelling refresh attempt: org.springframework.context.ApplicationContextException: Failed to start bean 'webServerStartStop'
2025-03-07 22:59:11.085 [main] INFO  o.s.o.j.LocalContainerEntityManagerFactoryBean - Closing JPA EntityManagerFactory for persistence unit 'default'
2025-03-07 22:59:11.087 [main] INFO  com.zaxxer.hikari.HikariDataSource - HikariPool-1 - Shutdown initiated...
2025-03-07 22:59:11.089 [main] INFO  com.zaxxer.hikari.HikariDataSource - HikariPool-1 - Shutdown completed.
2025-03-07 22:59:11.094 [main] INFO  o.s.b.a.l.ConditionEvaluationReportLogger - 

Error starting ApplicationContext. To display the condition evaluation report re-run your application with 'debug' enabled.
2025-03-07 22:59:11.103 [main] ERROR o.s.b.d.LoggingFailureAnalysisReporter - 

***************************
APPLICATION FAILED TO START
***************************

Description:

Web server failed to start. Port 8082 was already in use.

Action:

Identify and stop the process that's listening on port 8082 or configure this application to listen on another port.

2025-03-07 22:59:19.613 [SpringApplicationShutdownHook] DEBUG org.springframework.web.SimpLogging - clientOutboundChannel removed SubProtocolWebSocketHandler[StompSubProtocolHandler[v10.stomp, v11.stomp, v12.stomp]]
2025-03-07 22:59:19.613 [SpringApplicationShutdownHook] DEBUG org.springframework.web.SimpLogging - clientInboundChannel removed WebSocketAnnotationMethodMessageHandler[prefixes=[/app/]]
2025-03-07 22:59:19.613 [SpringApplicationShutdownHook] INFO  o.s.m.s.b.SimpleBrokerMessageHandler - Stopping...
2025-03-07 22:59:19.613 [SpringApplicationShutdownHook] INFO  o.s.m.s.b.SimpleBrokerMessageHandler - BrokerAvailabilityEvent[available=false, SimpleBrokerMessageHandler [org.springframework.messaging.simp.broker.DefaultSubscriptionRegistry@47c356e]]
2025-03-07 22:59:19.613 [SpringApplicationShutdownHook] DEBUG org.springframework.web.SimpLogging - clientInboundChannel removed SimpleBrokerMessageHandler [org.springframework.messaging.simp.broker.DefaultSubscriptionRegistry@47c356e]
2025-03-07 22:59:19.613 [SpringApplicationShutdownHook] DEBUG org.springframework.web.SimpLogging - brokerChannel removed SimpleBrokerMessageHandler [org.springframework.messaging.simp.broker.DefaultSubscriptionRegistry@47c356e]
2025-03-07 22:59:19.613 [SpringApplicationShutdownHook] INFO  o.s.m.s.b.SimpleBrokerMessageHandler - Stopped.
2025-03-07 22:59:19.613 [SpringApplicationShutdownHook] DEBUG org.springframework.web.SimpLogging - clientInboundChannel removed UserDestinationMessageHandler[DefaultUserDestinationResolver[prefix=/user/]]
2025-03-07 22:59:19.613 [SpringApplicationShutdownHook] DEBUG org.springframework.web.SimpLogging - brokerChannel removed UserDestinationMessageHandler[DefaultUserDestinationResolver[prefix=/user/]]
2025-03-07 22:59:19.624 [SpringApplicationShutdownHook] INFO  o.s.o.j.LocalContainerEntityManagerFactoryBean - Closing JPA EntityManagerFactory for persistence unit 'default'
2025-03-07 22:59:19.625 [SpringApplicationShutdownHook] INFO  com.zaxxer.hikari.HikariDataSource - HikariPool-1 - Shutdown initiated...
2025-03-07 22:59:19.627 [SpringApplicationShutdownHook] INFO  com.zaxxer.hikari.HikariDataSource - HikariPool-1 - Shutdown completed.
2025-03-07 23:00:19.881 [main] INFO  com.chatapp.RealtimeChatApplication - Starting RealtimeChatApplication using Java 21.0.6 with PID 5860 (D:\Answer\es\backend\target\classes started by lenovo in D:\Answer\es\backend)
2025-03-07 23:00:19.884 [main] DEBUG com.chatapp.RealtimeChatApplication - Running with Spring Boot v3.2.3, Spring v6.1.4
2025-03-07 23:00:19.884 [main] INFO  com.chatapp.RealtimeChatApplication - No active profile set, falling back to 1 default profile: "default"
2025-03-07 23:00:20.233 [main] INFO  o.s.d.r.c.RepositoryConfigurationDelegate - Bootstrapping Spring Data JPA repositories in DEFAULT mode.
2025-03-07 23:00:20.246 [main] INFO  o.s.d.r.c.RepositoryConfigurationDelegate - Finished Spring Data repository scanning in 7 ms. Found 0 JPA repository interfaces.
2025-03-07 23:00:20.568 [main] INFO  o.s.b.w.e.tomcat.TomcatWebServer - Tomcat initialized with port 8082 (http)
2025-03-07 23:00:20.574 [main] INFO  o.a.coyote.http11.Http11NioProtocol - Initializing ProtocolHandler ["http-nio-8082"]
2025-03-07 23:00:20.576 [main] INFO  o.a.catalina.core.StandardService - Starting service [Tomcat]
2025-03-07 23:00:20.576 [main] INFO  o.a.catalina.core.StandardEngine - Starting Servlet engine: [Apache Tomcat/10.1.19]
2025-03-07 23:00:20.618 [main] INFO  o.a.c.c.C.[Tomcat].[localhost].[/] - Initializing Spring embedded WebApplicationContext
2025-03-07 23:00:20.619 [main] INFO  o.s.b.w.s.c.ServletWebServerApplicationContext - Root WebApplicationContext: initialization completed in 711 ms
2025-03-07 23:00:20.637 [main] INFO  com.zaxxer.hikari.HikariDataSource - HikariPool-1 - Starting...
2025-03-07 23:00:20.748 [main] INFO  com.zaxxer.hikari.pool.HikariPool - HikariPool-1 - Added connection conn0: url=jdbc:h2:mem:chatdb user=SA
2025-03-07 23:00:20.749 [main] INFO  com.zaxxer.hikari.HikariDataSource - HikariPool-1 - Start completed.
2025-03-07 23:00:20.757 [main] INFO  o.s.b.a.h.H2ConsoleAutoConfiguration - H2 console available at '/h2-console'. Database available at 'jdbc:h2:mem:chatdb'
2025-03-07 23:00:20.828 [main] INFO  o.h.jpa.internal.util.LogHelper - HHH000204: Processing PersistenceUnitInfo [name: default]
2025-03-07 23:00:20.856 [main] INFO  org.hibernate.Version - HHH000412: Hibernate ORM core version 6.4.4.Final
2025-03-07 23:00:20.872 [main] INFO  o.h.c.i.RegionFactoryInitiator - HHH000026: Second-level cache disabled
2025-03-07 23:00:20.990 [main] INFO  o.s.o.j.p.SpringPersistenceUnitInfo - No LoadTimeWeaver setup: ignoring JPA class transformer
2025-03-07 23:00:21.012 [main] WARN  org.hibernate.orm.deprecation - HHH90000025: H2Dialect does not need to be specified explicitly using 'hibernate.dialect' (remove the property setting and it will be selected by default)
2025-03-07 23:00:21.183 [main] INFO  o.h.e.t.j.p.i.JtaPlatformInitiator - HHH000489: No JTA platform available (set 'hibernate.transaction.jta.platform' to enable JTA platform integration)
2025-03-07 23:00:21.185 [main] INFO  o.s.o.j.LocalContainerEntityManagerFactoryBean - Initialized JPA EntityManagerFactory for persistence unit 'default'
2025-03-07 23:00:21.271 [main] DEBUG o.s.w.s.s.s.WebSocketHandlerMapping - Patterns [/ws/**] in 'stompWebSocketHandlerMapping'
2025-03-07 23:00:21.292 [main] WARN  o.s.b.a.o.j.JpaBaseConfiguration$JpaWebConfiguration - spring.jpa.open-in-view is enabled by default. Therefore, database queries may be performed during view rendering. Explicitly configure spring.jpa.open-in-view to disable this warning
2025-03-07 23:00:21.306 [main] DEBUG o.s.w.s.m.WebSocketAnnotationMethodMessageHandler - 
	c.c.c.LogController:
	
2025-03-07 23:00:21.308 [main] DEBUG o.s.w.s.m.WebSocketAnnotationMethodMessageHandler - 
	c.c.c.WebRTCSignalingController:
	{[MESSAGE],[/webrtc/call]}: call(Map,SimpMessageHeaderAccessor)
	{[MESSAGE],[/webrtc/answer]}: answer(WebRTCSignal,SimpMessageHeaderAccessor)
	{[MESSAGE],[/webrtc/config]}: getWebRTCConfig(SimpMessageHeaderAccessor)
	{[MESSAGE],[/webrtc/ice-candidate]}: iceCandidate(WebRTCSignal,SimpMessageHeaderAccessor)
	{[MESSAGE],[/webrtc/adjust-bitrate]}: adjustBitrate(WebRTCSignal,SimpMessageHeaderAccessor)
	{[MESSAGE],[/webrtc/hangup]}: hangup(Map,SimpMessageHeaderAccessor)
2025-03-07 23:00:21.312 [main] DEBUG o.s.w.s.m.WebSocketAnnotationMethodMessageHandler - 
	o.s.b.a.w.s.e.BasicErrorController:
	
2025-03-07 23:00:21.366 [main] DEBUG o.s.w.s.m.m.a.RequestMappingHandlerMapping - 3 mappings in 'requestMappingHandlerMapping'
2025-03-07 23:00:21.384 [main] DEBUG o.s.w.s.h.SimpleUrlHandlerMapping - Patterns [/webjars/**, /**] in 'resourceHandlerMapping'
2025-03-07 23:00:21.398 [main] DEBUG o.s.w.s.m.m.a.RequestMappingHandlerAdapter - ControllerAdvice beans: 0 @ModelAttribute, 0 @InitBinder, 1 RequestBodyAdvice, 1 ResponseBodyAdvice
2025-03-07 23:00:21.415 [main] DEBUG o.s.w.s.m.m.a.ExceptionHandlerExceptionResolver - ControllerAdvice beans: 0 @ExceptionHandler, 1 ResponseBodyAdvice
2025-03-07 23:00:21.481 [main] WARN  o.s.b.a.s.s.UserDetailsServiceAutoConfiguration - 

Using generated security password: fc8c075d-0d5d-415b-a140-1034bb6102be

This generated password is for development use only. Your security configuration must be updated before running your application in production.

2025-03-07 23:00:21.550 [main] INFO  o.s.s.web.DefaultSecurityFilterChain - Will secure any request with [org.springframework.security.web.session.DisableEncodeUrlFilter@7d7a8d23, org.springframework.security.web.context.request.async.WebAsyncManagerIntegrationFilter@3acc65f0, org.springframework.security.web.context.SecurityContextHolderFilter@1cca2e9d, org.springframework.security.web.header.HeaderWriterFilter@48d464cf, org.springframework.web.filter.CorsFilter@59ec5a0b, org.springframework.security.web.csrf.CsrfFilter@3703a400, org.springframework.security.web.authentication.logout.LogoutFilter@2c3b0cc8, org.springframework.security.web.authentication.UsernamePasswordAuthenticationFilter@8b1170f, org.springframework.security.web.authentication.ui.DefaultLoginPageGeneratingFilter@464d60fb, org.springframework.security.web.authentication.ui.DefaultLogoutPageGeneratingFilter@29431f61, org.springframework.security.web.authentication.www.BasicAuthenticationFilter@7146c6ea, org.springframework.security.web.savedrequest.RequestCacheAwareFilter@4cefa0be, org.springframework.security.web.servletapi.SecurityContextHolderAwareRequestFilter@5a3be84, org.springframework.security.web.authentication.AnonymousAuthenticationFilter@f98cff, org.springframework.security.web.access.ExceptionTranslationFilter@b1fa523, org.springframework.security.web.access.intercept.AuthorizationFilter@270097ce]
2025-03-07 23:00:21.578 [main] INFO  o.a.coyote.http11.Http11NioProtocol - Starting ProtocolHandler ["http-nio-8082"]
2025-03-07 23:00:21.593 [main] INFO  o.s.b.w.e.tomcat.TomcatWebServer - Tomcat started on port 8082 (http) with context path ''
2025-03-07 23:00:21.594 [main] DEBUG org.springframework.web.SimpLogging - clientOutboundChannel added SubProtocolWebSocketHandler[StompSubProtocolHandler[v10.stomp, v11.stomp, v12.stomp]]
2025-03-07 23:00:21.594 [main] DEBUG org.springframework.web.SimpLogging - clientInboundChannel added WebSocketAnnotationMethodMessageHandler[prefixes=[/app/]]
2025-03-07 23:00:21.595 [main] INFO  o.s.m.s.b.SimpleBrokerMessageHandler - Starting...
2025-03-07 23:00:21.595 [main] DEBUG org.springframework.web.SimpLogging - clientInboundChannel added SimpleBrokerMessageHandler [org.springframework.messaging.simp.broker.DefaultSubscriptionRegistry@478fe415]
2025-03-07 23:00:21.595 [main] DEBUG org.springframework.web.SimpLogging - brokerChannel added SimpleBrokerMessageHandler [org.springframework.messaging.simp.broker.DefaultSubscriptionRegistry@478fe415]
2025-03-07 23:00:21.595 [main] INFO  o.s.m.s.b.SimpleBrokerMessageHandler - BrokerAvailabilityEvent[available=true, SimpleBrokerMessageHandler [org.springframework.messaging.simp.broker.DefaultSubscriptionRegistry@478fe415]]
2025-03-07 23:00:21.595 [main] INFO  o.s.m.s.b.SimpleBrokerMessageHandler - Started.
2025-03-07 23:00:21.595 [main] DEBUG org.springframework.web.SimpLogging - clientInboundChannel added UserDestinationMessageHandler[DefaultUserDestinationResolver[prefix=/user/]]
2025-03-07 23:00:21.595 [main] DEBUG org.springframework.web.SimpLogging - brokerChannel added UserDestinationMessageHandler[DefaultUserDestinationResolver[prefix=/user/]]
2025-03-07 23:00:21.599 [main] INFO  com.chatapp.RealtimeChatApplication - Started RealtimeChatApplication in 2.033 seconds (process running for 2.28)
2025-03-07 23:01:21.592 [MessageBroker-1] INFO  o.s.w.s.c.WebSocketMessageBrokerStats - WebSocketSession[0 current WS(0)-HttpStream(0)-HttpPoll(0), 0 total, 0 closed abnormally (0 connect failure, 0 send limit, 0 transport error)], stompSubProtocol[processed CONNECT(0)-CONNECTED(0)-DISCONNECT(0)], stompBrokerRelay[null], inboundChannel[pool size = 0, active threads = 0, queued tasks = 0, completed tasks = 0], outboundChannel[pool size = 0, active threads = 0, queued tasks = 0, completed tasks = 0], sockJsScheduler[pool size = 1, active threads = 1, queued tasks = 0, completed tasks = 0]
2025-03-07 23:01:24.938 [main] INFO  com.chatapp.RealtimeChatApplication - Starting RealtimeChatApplication using Java 21.0.6 with PID 7820 (D:\Answer\es\backend\target\classes started by lenovo in D:\Answer\es\backend)
2025-03-07 23:01:24.939 [main] DEBUG com.chatapp.RealtimeChatApplication - Running with Spring Boot v3.2.3, Spring v6.1.4
2025-03-07 23:01:24.939 [main] INFO  com.chatapp.RealtimeChatApplication - No active profile set, falling back to 1 default profile: "default"
2025-03-07 23:01:25.292 [main] INFO  o.s.d.r.c.RepositoryConfigurationDelegate - Bootstrapping Spring Data JPA repositories in DEFAULT mode.
2025-03-07 23:01:25.304 [main] INFO  o.s.d.r.c.RepositoryConfigurationDelegate - Finished Spring Data repository scanning in 7 ms. Found 0 JPA repository interfaces.
2025-03-07 23:01:25.635 [main] INFO  o.s.b.w.e.tomcat.TomcatWebServer - Tomcat initialized with port 8082 (http)
2025-03-07 23:01:25.641 [main] INFO  o.a.coyote.http11.Http11NioProtocol - Initializing ProtocolHandler ["http-nio-8082"]
2025-03-07 23:01:25.643 [main] INFO  o.a.catalina.core.StandardService - Starting service [Tomcat]
2025-03-07 23:01:25.643 [main] INFO  o.a.catalina.core.StandardEngine - Starting Servlet engine: [Apache Tomcat/10.1.19]
2025-03-07 23:01:25.690 [main] INFO  o.a.c.c.C.[Tomcat].[localhost].[/] - Initializing Spring embedded WebApplicationContext
2025-03-07 23:01:25.691 [main] INFO  o.s.b.w.s.c.ServletWebServerApplicationContext - Root WebApplicationContext: initialization completed in 727 ms
2025-03-07 23:01:25.707 [main] INFO  com.zaxxer.hikari.HikariDataSource - HikariPool-1 - Starting...
2025-03-07 23:01:25.823 [main] INFO  com.zaxxer.hikari.pool.HikariPool - HikariPool-1 - Added connection conn0: url=jdbc:h2:mem:chatdb user=SA
2025-03-07 23:01:25.824 [main] INFO  com.zaxxer.hikari.HikariDataSource - HikariPool-1 - Start completed.
2025-03-07 23:01:25.831 [main] INFO  o.s.b.a.h.H2ConsoleAutoConfiguration - H2 console available at '/h2-console'. Database available at 'jdbc:h2:mem:chatdb'
2025-03-07 23:01:25.905 [main] INFO  o.h.jpa.internal.util.LogHelper - HHH000204: Processing PersistenceUnitInfo [name: default]
2025-03-07 23:01:25.935 [main] INFO  org.hibernate.Version - HHH000412: Hibernate ORM core version 6.4.4.Final
2025-03-07 23:01:25.952 [main] INFO  o.h.c.i.RegionFactoryInitiator - HHH000026: Second-level cache disabled
2025-03-07 23:01:26.069 [main] INFO  o.s.o.j.p.SpringPersistenceUnitInfo - No LoadTimeWeaver setup: ignoring JPA class transformer
2025-03-07 23:01:26.093 [main] WARN  org.hibernate.orm.deprecation - HHH90000025: H2Dialect does not need to be specified explicitly using 'hibernate.dialect' (remove the property setting and it will be selected by default)
2025-03-07 23:01:26.272 [main] INFO  o.h.e.t.j.p.i.JtaPlatformInitiator - HHH000489: No JTA platform available (set 'hibernate.transaction.jta.platform' to enable JTA platform integration)
2025-03-07 23:01:26.274 [main] INFO  o.s.o.j.LocalContainerEntityManagerFactoryBean - Initialized JPA EntityManagerFactory for persistence unit 'default'
2025-03-07 23:01:26.357 [main] DEBUG o.s.w.s.s.s.WebSocketHandlerMapping - Patterns [/ws/**] in 'stompWebSocketHandlerMapping'
2025-03-07 23:01:26.377 [main] WARN  o.s.b.a.o.j.JpaBaseConfiguration$JpaWebConfiguration - spring.jpa.open-in-view is enabled by default. Therefore, database queries may be performed during view rendering. Explicitly configure spring.jpa.open-in-view to disable this warning
2025-03-07 23:01:26.393 [main] DEBUG o.s.w.s.m.WebSocketAnnotationMethodMessageHandler - 
	c.c.c.LogController:
	
2025-03-07 23:01:26.396 [main] DEBUG o.s.w.s.m.WebSocketAnnotationMethodMessageHandler - 
	c.c.c.WebRTCSignalingController:
	{[MESSAGE],[/webrtc/call]}: call(Map,SimpMessageHeaderAccessor)
	{[MESSAGE],[/webrtc/answer]}: answer(WebRTCSignal,SimpMessageHeaderAccessor)
	{[MESSAGE],[/webrtc/config]}: getWebRTCConfig(SimpMessageHeaderAccessor)
	{[MESSAGE],[/webrtc/adjust-bitrate]}: adjustBitrate(WebRTCSignal,SimpMessageHeaderAccessor)
	{[MESSAGE],[/webrtc/ice-candidate]}: iceCandidate(WebRTCSignal,SimpMessageHeaderAccessor)
	{[MESSAGE],[/webrtc/hangup]}: hangup(Map,SimpMessageHeaderAccessor)
2025-03-07 23:01:26.399 [main] DEBUG o.s.w.s.m.WebSocketAnnotationMethodMessageHandler - 
	o.s.b.a.w.s.e.BasicErrorController:
	
2025-03-07 23:01:26.451 [main] DEBUG o.s.w.s.m.m.a.RequestMappingHandlerMapping - 3 mappings in 'requestMappingHandlerMapping'
2025-03-07 23:01:26.468 [main] DEBUG o.s.w.s.h.SimpleUrlHandlerMapping - Patterns [/webjars/**, /**] in 'resourceHandlerMapping'
2025-03-07 23:01:26.483 [main] DEBUG o.s.w.s.m.m.a.RequestMappingHandlerAdapter - ControllerAdvice beans: 0 @ModelAttribute, 0 @InitBinder, 1 RequestBodyAdvice, 1 ResponseBodyAdvice
2025-03-07 23:01:26.509 [main] DEBUG o.s.w.s.m.m.a.ExceptionHandlerExceptionResolver - ControllerAdvice beans: 0 @ExceptionHandler, 1 ResponseBodyAdvice
2025-03-07 23:01:26.575 [main] WARN  o.s.b.a.s.s.UserDetailsServiceAutoConfiguration - 

Using generated security password: cbe4397e-6956-455f-82c1-0728e3781c68

This generated password is for development use only. Your security configuration must be updated before running your application in production.

2025-03-07 23:01:26.640 [main] INFO  o.s.s.web.DefaultSecurityFilterChain - Will secure any request with [org.springframework.security.web.session.DisableEncodeUrlFilter@52b30dcd, org.springframework.security.web.context.request.async.WebAsyncManagerIntegrationFilter@49de1505, org.springframework.security.web.context.SecurityContextHolderFilter@43f7f48d, org.springframework.security.web.header.HeaderWriterFilter@5c7e55a4, org.springframework.web.filter.CorsFilter@1bbc1b90, org.springframework.security.web.csrf.CsrfFilter@5870fc05, org.springframework.security.web.authentication.logout.LogoutFilter@2c7c898a, org.springframework.security.web.authentication.UsernamePasswordAuthenticationFilter@61d8a491, org.springframework.security.web.authentication.ui.DefaultLoginPageGeneratingFilter@1cca2e9d, org.springframework.security.web.authentication.ui.DefaultLogoutPageGeneratingFilter@29e3c28, org.springframework.security.web.authentication.www.BasicAuthenticationFilter@125124ea, org.springframework.security.web.savedrequest.RequestCacheAwareFilter@1999e1f5, org.springframework.security.web.servletapi.SecurityContextHolderAwareRequestFilter@b1fa523, org.springframework.security.web.authentication.AnonymousAuthenticationFilter@480994d3, org.springframework.security.web.access.ExceptionTranslationFilter@5d04fbb7, org.springframework.security.web.access.intercept.AuthorizationFilter@5c459194]
2025-03-07 23:01:26.669 [main] INFO  o.a.coyote.http11.Http11NioProtocol - Starting ProtocolHandler ["http-nio-8082"]
2025-03-07 23:01:26.673 [main] WARN  o.s.b.w.s.c.AnnotationConfigServletWebServerApplicationContext - Exception encountered during context initialization - cancelling refresh attempt: org.springframework.context.ApplicationContextException: Failed to start bean 'webServerStartStop'
2025-03-07 23:01:26.677 [main] INFO  o.s.o.j.LocalContainerEntityManagerFactoryBean - Closing JPA EntityManagerFactory for persistence unit 'default'
2025-03-07 23:01:26.678 [main] INFO  com.zaxxer.hikari.HikariDataSource - HikariPool-1 - Shutdown initiated...
2025-03-07 23:01:26.680 [main] INFO  com.zaxxer.hikari.HikariDataSource - HikariPool-1 - Shutdown completed.
2025-03-07 23:01:26.687 [main] INFO  o.s.b.a.l.ConditionEvaluationReportLogger - 

Error starting ApplicationContext. To display the condition evaluation report re-run your application with 'debug' enabled.
2025-03-07 23:01:26.696 [main] ERROR o.s.b.d.LoggingFailureAnalysisReporter - 

***************************
APPLICATION FAILED TO START
***************************

Description:

Web server failed to start. Port 8082 was already in use.

Action:

Identify and stop the process that's listening on port 8082 or configure this application to listen on another port.

2025-03-07 23:02:30.006 [main] INFO  com.chatapp.RealtimeChatApplication - Starting RealtimeChatApplication using Java 21.0.6 with PID 2068 (D:\Answer\es\backend\target\classes started by lenovo in D:\Answer\es\backend)
2025-03-07 23:02:30.007 [main] DEBUG com.chatapp.RealtimeChatApplication - Running with Spring Boot v3.2.3, Spring v6.1.4
2025-03-07 23:02:30.008 [main] INFO  com.chatapp.RealtimeChatApplication - No active profile set, falling back to 1 default profile: "default"
2025-03-07 23:02:30.383 [main] INFO  o.s.d.r.c.RepositoryConfigurationDelegate - Bootstrapping Spring Data JPA repositories in DEFAULT mode.
2025-03-07 23:02:30.402 [main] INFO  o.s.d.r.c.RepositoryConfigurationDelegate - Finished Spring Data repository scanning in 12 ms. Found 0 JPA repository interfaces.
2025-03-07 23:02:30.724 [main] INFO  o.s.b.w.e.tomcat.TomcatWebServer - Tomcat initialized with port 8082 (http)
2025-03-07 23:02:30.729 [main] INFO  o.a.coyote.http11.Http11NioProtocol - Initializing ProtocolHandler ["http-nio-8082"]
2025-03-07 23:02:30.731 [main] INFO  o.a.catalina.core.StandardService - Starting service [Tomcat]
2025-03-07 23:02:30.731 [main] INFO  o.a.catalina.core.StandardEngine - Starting Servlet engine: [Apache Tomcat/10.1.19]
2025-03-07 23:02:30.779 [main] INFO  o.a.c.c.C.[Tomcat].[localhost].[/] - Initializing Spring embedded WebApplicationContext
2025-03-07 23:02:30.779 [main] INFO  o.s.b.w.s.c.ServletWebServerApplicationContext - Root WebApplicationContext: initialization completed in 745 ms
2025-03-07 23:02:30.797 [main] INFO  com.zaxxer.hikari.HikariDataSource - HikariPool-1 - Starting...
2025-03-07 23:02:30.903 [main] INFO  com.zaxxer.hikari.pool.HikariPool - HikariPool-1 - Added connection conn0: url=jdbc:h2:mem:chatdb user=SA
2025-03-07 23:02:30.904 [main] INFO  com.zaxxer.hikari.HikariDataSource - HikariPool-1 - Start completed.
2025-03-07 23:02:30.911 [main] INFO  o.s.b.a.h.H2ConsoleAutoConfiguration - H2 console available at '/h2-console'. Database available at 'jdbc:h2:mem:chatdb'
2025-03-07 23:02:30.983 [main] INFO  o.h.jpa.internal.util.LogHelper - HHH000204: Processing PersistenceUnitInfo [name: default]
2025-03-07 23:02:31.011 [main] INFO  org.hibernate.Version - HHH000412: Hibernate ORM core version 6.4.4.Final
2025-03-07 23:02:31.026 [main] INFO  o.h.c.i.RegionFactoryInitiator - HHH000026: Second-level cache disabled
2025-03-07 23:02:31.153 [main] INFO  o.s.o.j.p.SpringPersistenceUnitInfo - No LoadTimeWeaver setup: ignoring JPA class transformer
2025-03-07 23:02:31.178 [main] WARN  org.hibernate.orm.deprecation - HHH90000025: H2Dialect does not need to be specified explicitly using 'hibernate.dialect' (remove the property setting and it will be selected by default)
2025-03-07 23:02:31.347 [main] INFO  o.h.e.t.j.p.i.JtaPlatformInitiator - HHH000489: No JTA platform available (set 'hibernate.transaction.jta.platform' to enable JTA platform integration)
2025-03-07 23:02:31.350 [main] INFO  o.s.o.j.LocalContainerEntityManagerFactoryBean - Initialized JPA EntityManagerFactory for persistence unit 'default'
2025-03-07 23:02:31.436 [main] DEBUG o.s.w.s.s.s.WebSocketHandlerMapping - Patterns [/ws/**] in 'stompWebSocketHandlerMapping'
2025-03-07 23:02:31.457 [main] WARN  o.s.b.a.o.j.JpaBaseConfiguration$JpaWebConfiguration - spring.jpa.open-in-view is enabled by default. Therefore, database queries may be performed during view rendering. Explicitly configure spring.jpa.open-in-view to disable this warning
2025-03-07 23:02:31.473 [main] DEBUG o.s.w.s.m.WebSocketAnnotationMethodMessageHandler - 
	c.c.c.LogController:
	
2025-03-07 23:02:31.475 [main] DEBUG o.s.w.s.m.WebSocketAnnotationMethodMessageHandler - 
	c.c.c.WebRTCSignalingController:
	{[MESSAGE],[/webrtc/call]}: call(Map,SimpMessageHeaderAccessor)
	{[MESSAGE],[/webrtc/answer]}: answer(WebRTCSignal,SimpMessageHeaderAccessor)
	{[MESSAGE],[/webrtc/ice-candidate]}: iceCandidate(WebRTCSignal,SimpMessageHeaderAccessor)
	{[MESSAGE],[/webrtc/config]}: getWebRTCConfig(SimpMessageHeaderAccessor)
	{[MESSAGE],[/webrtc/adjust-bitrate]}: adjustBitrate(WebRTCSignal,SimpMessageHeaderAccessor)
	{[MESSAGE],[/webrtc/hangup]}: hangup(Map,SimpMessageHeaderAccessor)
2025-03-07 23:02:31.478 [main] DEBUG o.s.w.s.m.WebSocketAnnotationMethodMessageHandler - 
	o.s.b.a.w.s.e.BasicErrorController:
	
2025-03-07 23:02:31.530 [main] DEBUG o.s.w.s.m.m.a.RequestMappingHandlerMapping - 3 mappings in 'requestMappingHandlerMapping'
2025-03-07 23:02:31.550 [main] DEBUG o.s.w.s.h.SimpleUrlHandlerMapping - Patterns [/webjars/**, /**] in 'resourceHandlerMapping'
2025-03-07 23:02:31.563 [main] DEBUG o.s.w.s.m.m.a.RequestMappingHandlerAdapter - ControllerAdvice beans: 0 @ModelAttribute, 0 @InitBinder, 1 RequestBodyAdvice, 1 ResponseBodyAdvice
2025-03-07 23:02:31.582 [main] DEBUG o.s.w.s.m.m.a.ExceptionHandlerExceptionResolver - ControllerAdvice beans: 0 @ExceptionHandler, 1 ResponseBodyAdvice
2025-03-07 23:02:31.643 [main] WARN  o.s.b.a.s.s.UserDetailsServiceAutoConfiguration - 

Using generated security password: 89e3d310-2b87-47bf-8a62-6c45c64a9594

This generated password is for development use only. Your security configuration must be updated before running your application in production.

2025-03-07 23:02:31.709 [main] INFO  o.s.s.web.DefaultSecurityFilterChain - Will secure any request with [org.springframework.security.web.session.DisableEncodeUrlFilter@69cb134, org.springframework.security.web.context.request.async.WebAsyncManagerIntegrationFilter@125124ea, org.springframework.security.web.context.SecurityContextHolderFilter@da67c46, org.springframework.security.web.header.HeaderWriterFilter@65c689e7, org.springframework.web.filter.CorsFilter@314c6f89, org.springframework.security.web.csrf.CsrfFilter@4eec5fa6, org.springframework.security.web.authentication.logout.LogoutFilter@2cbc2db2, org.springframework.security.web.authentication.UsernamePasswordAuthenticationFilter@39109603, org.springframework.security.web.authentication.ui.DefaultLoginPageGeneratingFilter@77307b51, org.springframework.security.web.authentication.ui.DefaultLogoutPageGeneratingFilter@31450fc0, org.springframework.security.web.authentication.www.BasicAuthenticationFilter@6a7fc4c1, org.springframework.security.web.savedrequest.RequestCacheAwareFilter@7ae6927, org.springframework.security.web.servletapi.SecurityContextHolderAwareRequestFilter@7d0df326, org.springframework.security.web.authentication.AnonymousAuthenticationFilter@52b30dcd, org.springframework.security.web.access.ExceptionTranslationFilter@750457a5, org.springframework.security.web.access.intercept.AuthorizationFilter@220cda54]
2025-03-07 23:02:31.743 [main] INFO  o.a.coyote.http11.Http11NioProtocol - Starting ProtocolHandler ["http-nio-8082"]
2025-03-07 23:02:31.748 [main] WARN  o.s.b.w.s.c.AnnotationConfigServletWebServerApplicationContext - Exception encountered during context initialization - cancelling refresh attempt: org.springframework.context.ApplicationContextException: Failed to start bean 'webServerStartStop'
2025-03-07 23:02:31.750 [main] INFO  o.s.o.j.LocalContainerEntityManagerFactoryBean - Closing JPA EntityManagerFactory for persistence unit 'default'
2025-03-07 23:02:31.751 [main] INFO  com.zaxxer.hikari.HikariDataSource - HikariPool-1 - Shutdown initiated...
2025-03-07 23:02:31.752 [main] INFO  com.zaxxer.hikari.HikariDataSource - HikariPool-1 - Shutdown completed.
2025-03-07 23:02:31.759 [main] INFO  o.s.b.a.l.ConditionEvaluationReportLogger - 

Error starting ApplicationContext. To display the condition evaluation report re-run your application with 'debug' enabled.
2025-03-07 23:02:31.768 [main] ERROR o.s.b.d.LoggingFailureAnalysisReporter - 

***************************
APPLICATION FAILED TO START
***************************

Description:

Web server failed to start. Port 8082 was already in use.

Action:

Identify and stop the process that's listening on port 8082 or configure this application to listen on another port.

2025-03-07 23:03:54.704 [main] INFO  com.chatapp.RealtimeChatApplication - Starting RealtimeChatApplication using Java 21.0.6 with PID 17464 (D:\Answer\es\backend\target\classes started by lenovo in D:\Answer\es\backend)
2025-03-07 23:03:54.705 [main] DEBUG com.chatapp.RealtimeChatApplication - Running with Spring Boot v3.2.3, Spring v6.1.4
2025-03-07 23:03:54.705 [main] INFO  com.chatapp.RealtimeChatApplication - No active profile set, falling back to 1 default profile: "default"
2025-03-07 23:03:55.036 [main] INFO  o.s.d.r.c.RepositoryConfigurationDelegate - Bootstrapping Spring Data JPA repositories in DEFAULT mode.
2025-03-07 23:03:55.048 [main] INFO  o.s.d.r.c.RepositoryConfigurationDelegate - Finished Spring Data repository scanning in 7 ms. Found 0 JPA repository interfaces.
2025-03-07 23:03:55.358 [main] INFO  o.s.b.w.e.tomcat.TomcatWebServer - Tomcat initialized with port 8083 (http)
2025-03-07 23:03:55.365 [main] INFO  o.a.coyote.http11.Http11NioProtocol - Initializing ProtocolHandler ["http-nio-8083"]
2025-03-07 23:03:55.367 [main] INFO  o.a.catalina.core.StandardService - Starting service [Tomcat]
2025-03-07 23:03:55.368 [main] INFO  o.a.catalina.core.StandardEngine - Starting Servlet engine: [Apache Tomcat/10.1.19]
2025-03-07 23:03:55.410 [main] INFO  o.a.c.c.C.[Tomcat].[localhost].[/] - Initializing Spring embedded WebApplicationContext
2025-03-07 23:03:55.411 [main] INFO  o.s.b.w.s.c.ServletWebServerApplicationContext - Root WebApplicationContext: initialization completed in 684 ms
2025-03-07 23:03:55.429 [main] INFO  com.zaxxer.hikari.HikariDataSource - HikariPool-1 - Starting...
2025-03-07 23:03:55.540 [main] INFO  com.zaxxer.hikari.pool.HikariPool - HikariPool-1 - Added connection conn0: url=jdbc:h2:mem:chatdb user=SA
2025-03-07 23:03:55.541 [main] INFO  com.zaxxer.hikari.HikariDataSource - HikariPool-1 - Start completed.
2025-03-07 23:03:55.548 [main] INFO  o.s.b.a.h.H2ConsoleAutoConfiguration - H2 console available at '/h2-console'. Database available at 'jdbc:h2:mem:chatdb'
2025-03-07 23:03:55.618 [main] INFO  o.h.jpa.internal.util.LogHelper - HHH000204: Processing PersistenceUnitInfo [name: default]
2025-03-07 23:03:55.646 [main] INFO  org.hibernate.Version - HHH000412: Hibernate ORM core version 6.4.4.Final
2025-03-07 23:03:55.661 [main] INFO  o.h.c.i.RegionFactoryInitiator - HHH000026: Second-level cache disabled
2025-03-07 23:03:55.776 [main] INFO  o.s.o.j.p.SpringPersistenceUnitInfo - No LoadTimeWeaver setup: ignoring JPA class transformer
2025-03-07 23:03:55.800 [main] WARN  org.hibernate.orm.deprecation - HHH90000025: H2Dialect does not need to be specified explicitly using 'hibernate.dialect' (remove the property setting and it will be selected by default)
2025-03-07 23:03:55.965 [main] INFO  o.h.e.t.j.p.i.JtaPlatformInitiator - HHH000489: No JTA platform available (set 'hibernate.transaction.jta.platform' to enable JTA platform integration)
2025-03-07 23:03:55.967 [main] INFO  o.s.o.j.LocalContainerEntityManagerFactoryBean - Initialized JPA EntityManagerFactory for persistence unit 'default'
2025-03-07 23:03:56.045 [main] DEBUG o.s.w.s.s.s.WebSocketHandlerMapping - Patterns [/ws/**] in 'stompWebSocketHandlerMapping'
2025-03-07 23:03:56.063 [main] WARN  o.s.b.a.o.j.JpaBaseConfiguration$JpaWebConfiguration - spring.jpa.open-in-view is enabled by default. Therefore, database queries may be performed during view rendering. Explicitly configure spring.jpa.open-in-view to disable this warning
2025-03-07 23:03:56.077 [main] DEBUG o.s.w.s.m.WebSocketAnnotationMethodMessageHandler - 
	c.c.c.LogController:
	
2025-03-07 23:03:56.080 [main] DEBUG o.s.w.s.m.WebSocketAnnotationMethodMessageHandler - 
	c.c.c.WebRTCSignalingController:
	{[MESSAGE],[/webrtc/call]}: call(Map,SimpMessageHeaderAccessor)
	{[MESSAGE],[/webrtc/answer]}: answer(WebRTCSignal,SimpMessageHeaderAccessor)
	{[MESSAGE],[/webrtc/hangup]}: hangup(Map,SimpMessageHeaderAccessor)
	{[MESSAGE],[/webrtc/config]}: getWebRTCConfig(SimpMessageHeaderAccessor)
	{[MESSAGE],[/webrtc/adjust-bitrate]}: adjustBitrate(WebRTCSignal,SimpMessageHeaderAccessor)
	{[MESSAGE],[/webrtc/ice-candidate]}: iceCandidate(WebRTCSignal,SimpMessageHeaderAccessor)
2025-03-07 23:03:56.083 [main] DEBUG o.s.w.s.m.WebSocketAnnotationMethodMessageHandler - 
	o.s.b.a.w.s.e.BasicErrorController:
	
2025-03-07 23:03:56.133 [main] DEBUG o.s.w.s.m.m.a.RequestMappingHandlerMapping - 3 mappings in 'requestMappingHandlerMapping'
2025-03-07 23:03:56.150 [main] DEBUG o.s.w.s.h.SimpleUrlHandlerMapping - Patterns [/webjars/**, /**] in 'resourceHandlerMapping'
2025-03-07 23:03:56.164 [main] DEBUG o.s.w.s.m.m.a.RequestMappingHandlerAdapter - ControllerAdvice beans: 0 @ModelAttribute, 0 @InitBinder, 1 RequestBodyAdvice, 1 ResponseBodyAdvice
2025-03-07 23:03:56.180 [main] DEBUG o.s.w.s.m.m.a.ExceptionHandlerExceptionResolver - ControllerAdvice beans: 0 @ExceptionHandler, 1 ResponseBodyAdvice
2025-03-07 23:03:56.248 [main] WARN  o.s.b.a.s.s.UserDetailsServiceAutoConfiguration - 

Using generated security password: 8e7ba37e-593f-4996-8a32-ed2231daac02

This generated password is for development use only. Your security configuration must be updated before running your application in production.

2025-03-07 23:03:56.313 [main] INFO  o.s.s.web.DefaultSecurityFilterChain - Will secure any request with [org.springframework.security.web.session.DisableEncodeUrlFilter@7146c6ea, org.springframework.security.web.context.request.async.WebAsyncManagerIntegrationFilter@a5d23c9, org.springframework.security.web.context.SecurityContextHolderFilter@48d464cf, org.springframework.security.web.header.HeaderWriterFilter@1999e1f5, org.springframework.web.filter.CorsFilter@795131d6, org.springframework.security.web.csrf.CsrfFilter@3945886e, org.springframework.security.web.authentication.logout.LogoutFilter@6d946eee, org.springframework.security.web.authentication.UsernamePasswordAuthenticationFilter@1842dc39, org.springframework.security.web.authentication.ui.DefaultLoginPageGeneratingFilter@21f479cd, org.springframework.security.web.authentication.ui.DefaultLogoutPageGeneratingFilter@7d7a8d23, org.springframework.security.web.authentication.www.BasicAuthenticationFilter@1bbc1b90, org.springframework.security.web.savedrequest.RequestCacheAwareFilter@68543a35, org.springframework.security.web.servletapi.SecurityContextHolderAwareRequestFilter@1cca2e9d, org.springframework.security.web.authentication.AnonymousAuthenticationFilter@3acc65f0, org.springframework.security.web.access.ExceptionTranslationFilter@43f7f48d, org.springframework.security.web.access.intercept.AuthorizationFilter@550f522b]
2025-03-07 23:03:56.342 [main] INFO  o.a.coyote.http11.Http11NioProtocol - Starting ProtocolHandler ["http-nio-8083"]
2025-03-07 23:03:56.356 [main] INFO  o.s.b.w.e.tomcat.TomcatWebServer - Tomcat started on port 8083 (http) with context path ''
2025-03-07 23:03:56.357 [main] DEBUG org.springframework.web.SimpLogging - clientOutboundChannel added SubProtocolWebSocketHandler[StompSubProtocolHandler[v10.stomp, v11.stomp, v12.stomp]]
2025-03-07 23:03:56.357 [main] DEBUG org.springframework.web.SimpLogging - clientInboundChannel added WebSocketAnnotationMethodMessageHandler[prefixes=[/app/]]
2025-03-07 23:03:56.358 [main] INFO  o.s.m.s.b.SimpleBrokerMessageHandler - Starting...
2025-03-07 23:03:56.358 [main] DEBUG org.springframework.web.SimpLogging - clientInboundChannel added SimpleBrokerMessageHandler [org.springframework.messaging.simp.broker.DefaultSubscriptionRegistry@54ef9698]
2025-03-07 23:03:56.358 [main] DEBUG org.springframework.web.SimpLogging - brokerChannel added SimpleBrokerMessageHandler [org.springframework.messaging.simp.broker.DefaultSubscriptionRegistry@54ef9698]
2025-03-07 23:03:56.358 [main] INFO  o.s.m.s.b.SimpleBrokerMessageHandler - BrokerAvailabilityEvent[available=true, SimpleBrokerMessageHandler [org.springframework.messaging.simp.broker.DefaultSubscriptionRegistry@54ef9698]]
2025-03-07 23:03:56.359 [main] INFO  o.s.m.s.b.SimpleBrokerMessageHandler - Started.
2025-03-07 23:03:56.359 [main] DEBUG org.springframework.web.SimpLogging - clientInboundChannel added UserDestinationMessageHandler[DefaultUserDestinationResolver[prefix=/user/]]
2025-03-07 23:03:56.359 [main] DEBUG org.springframework.web.SimpLogging - brokerChannel added UserDestinationMessageHandler[DefaultUserDestinationResolver[prefix=/user/]]
2025-03-07 23:03:56.363 [main] INFO  com.chatapp.RealtimeChatApplication - Started RealtimeChatApplication in 1.998 seconds (process running for 2.222)
2025-03-07 23:03:59.090 [SpringApplicationShutdownHook] DEBUG org.springframework.web.SimpLogging - clientOutboundChannel removed SubProtocolWebSocketHandler[StompSubProtocolHandler[v10.stomp, v11.stomp, v12.stomp]]
2025-03-07 23:03:59.091 [SpringApplicationShutdownHook] DEBUG org.springframework.web.SimpLogging - clientInboundChannel removed WebSocketAnnotationMethodMessageHandler[prefixes=[/app/]]
2025-03-07 23:03:59.091 [SpringApplicationShutdownHook] INFO  o.s.m.s.b.SimpleBrokerMessageHandler - Stopping...
2025-03-07 23:03:59.091 [SpringApplicationShutdownHook] INFO  o.s.m.s.b.SimpleBrokerMessageHandler - BrokerAvailabilityEvent[available=false, SimpleBrokerMessageHandler [org.springframework.messaging.simp.broker.DefaultSubscriptionRegistry@54ef9698]]
2025-03-07 23:03:59.091 [SpringApplicationShutdownHook] DEBUG org.springframework.web.SimpLogging - clientInboundChannel removed SimpleBrokerMessageHandler [org.springframework.messaging.simp.broker.DefaultSubscriptionRegistry@54ef9698]
2025-03-07 23:03:59.092 [SpringApplicationShutdownHook] DEBUG org.springframework.web.SimpLogging - brokerChannel removed SimpleBrokerMessageHandler [org.springframework.messaging.simp.broker.DefaultSubscriptionRegistry@54ef9698]
2025-03-07 23:03:59.092 [SpringApplicationShutdownHook] INFO  o.s.m.s.b.SimpleBrokerMessageHandler - Stopped.
2025-03-07 23:03:59.092 [SpringApplicationShutdownHook] DEBUG org.springframework.web.SimpLogging - clientInboundChannel removed UserDestinationMessageHandler[DefaultUserDestinationResolver[prefix=/user/]]
2025-03-07 23:03:59.092 [SpringApplicationShutdownHook] DEBUG org.springframework.web.SimpLogging - brokerChannel removed UserDestinationMessageHandler[DefaultUserDestinationResolver[prefix=/user/]]
2025-03-07 23:03:59.103 [SpringApplicationShutdownHook] INFO  o.s.o.j.LocalContainerEntityManagerFactoryBean - Closing JPA EntityManagerFactory for persistence unit 'default'
2025-03-07 23:03:59.105 [SpringApplicationShutdownHook] INFO  com.zaxxer.hikari.HikariDataSource - HikariPool-1 - Shutdown initiated...
2025-03-07 23:03:59.107 [SpringApplicationShutdownHook] INFO  com.zaxxer.hikari.HikariDataSource - HikariPool-1 - Shutdown completed.
2025-03-07 23:07:03.694 [main] INFO  com.chatapp.RealtimeChatApplication - Starting RealtimeChatApplication using Java 21.0.6 with PID 4228 (D:\Answer\es\backend\target\classes started by lenovo in D:\Answer\es\backend)
2025-03-07 23:07:03.695 [main] DEBUG com.chatapp.RealtimeChatApplication - Running with Spring Boot v3.2.3, Spring v6.1.4
2025-03-07 23:07:03.696 [main] INFO  com.chatapp.RealtimeChatApplication - No active profile set, falling back to 1 default profile: "default"
2025-03-07 23:07:04.060 [main] INFO  o.s.d.r.c.RepositoryConfigurationDelegate - Bootstrapping Spring Data JPA repositories in DEFAULT mode.
2025-03-07 23:07:04.078 [main] INFO  o.s.d.r.c.RepositoryConfigurationDelegate - Finished Spring Data repository scanning in 13 ms. Found 0 JPA repository interfaces.
2025-03-07 23:07:04.405 [main] INFO  o.s.b.w.e.tomcat.TomcatWebServer - Tomcat initialized with port 8083 (http)
2025-03-07 23:07:04.412 [main] INFO  o.a.coyote.http11.Http11NioProtocol - Initializing ProtocolHandler ["http-nio-8083"]
2025-03-07 23:07:04.414 [main] INFO  o.a.catalina.core.StandardService - Starting service [Tomcat]
2025-03-07 23:07:04.414 [main] INFO  o.a.catalina.core.StandardEngine - Starting Servlet engine: [Apache Tomcat/10.1.19]
2025-03-07 23:07:04.459 [main] INFO  o.a.c.c.C.[Tomcat].[localhost].[/] - Initializing Spring embedded WebApplicationContext
2025-03-07 23:07:04.460 [main] INFO  o.s.b.w.s.c.ServletWebServerApplicationContext - Root WebApplicationContext: initialization completed in 738 ms
2025-03-07 23:07:04.479 [main] INFO  com.zaxxer.hikari.HikariDataSource - HikariPool-1 - Starting...
2025-03-07 23:07:04.584 [main] INFO  com.zaxxer.hikari.pool.HikariPool - HikariPool-1 - Added connection conn0: url=jdbc:h2:mem:chatdb user=SA
2025-03-07 23:07:04.586 [main] INFO  com.zaxxer.hikari.HikariDataSource - HikariPool-1 - Start completed.
2025-03-07 23:07:04.592 [main] INFO  o.s.b.a.h.H2ConsoleAutoConfiguration - H2 console available at '/h2-console'. Database available at 'jdbc:h2:mem:chatdb'
2025-03-07 23:07:04.667 [main] INFO  o.h.jpa.internal.util.LogHelper - HHH000204: Processing PersistenceUnitInfo [name: default]
2025-03-07 23:07:04.695 [main] INFO  org.hibernate.Version - HHH000412: Hibernate ORM core version 6.4.4.Final
2025-03-07 23:07:04.713 [main] INFO  o.h.c.i.RegionFactoryInitiator - HHH000026: Second-level cache disabled
2025-03-07 23:07:04.838 [main] INFO  o.s.o.j.p.SpringPersistenceUnitInfo - No LoadTimeWeaver setup: ignoring JPA class transformer
2025-03-07 23:07:04.861 [main] WARN  org.hibernate.orm.deprecation - HHH90000025: H2Dialect does not need to be specified explicitly using 'hibernate.dialect' (remove the property setting and it will be selected by default)
2025-03-07 23:07:05.030 [main] INFO  o.h.e.t.j.p.i.JtaPlatformInitiator - HHH000489: No JTA platform available (set 'hibernate.transaction.jta.platform' to enable JTA platform integration)
2025-03-07 23:07:05.033 [main] INFO  o.s.o.j.LocalContainerEntityManagerFactoryBean - Initialized JPA EntityManagerFactory for persistence unit 'default'
2025-03-07 23:07:05.125 [main] DEBUG o.s.w.s.s.s.WebSocketHandlerMapping - Patterns [/ws/**] in 'stompWebSocketHandlerMapping'
2025-03-07 23:07:05.146 [main] WARN  o.s.b.a.o.j.JpaBaseConfiguration$JpaWebConfiguration - spring.jpa.open-in-view is enabled by default. Therefore, database queries may be performed during view rendering. Explicitly configure spring.jpa.open-in-view to disable this warning
2025-03-07 23:07:05.161 [main] DEBUG o.s.w.s.m.WebSocketAnnotationMethodMessageHandler - 
	c.c.c.LogController:
	
2025-03-07 23:07:05.164 [main] DEBUG o.s.w.s.m.WebSocketAnnotationMethodMessageHandler - 
	c.c.c.WebRTCSignalingController:
	{[MESSAGE],[/webrtc/call]}: call(Map,SimpMessageHeaderAccessor)
	{[MESSAGE],[/webrtc/answer]}: answer(WebRTCSignal,SimpMessageHeaderAccessor)
	{[MESSAGE],[/webrtc/hangup]}: hangup(Map,SimpMessageHeaderAccessor)
	{[MESSAGE],[/webrtc/config]}: getWebRTCConfig(SimpMessageHeaderAccessor)
	{[MESSAGE],[/webrtc/adjust-bitrate]}: adjustBitrate(WebRTCSignal,SimpMessageHeaderAccessor)
	{[MESSAGE],[/webrtc/ice-candidate]}: iceCandidate(WebRTCSignal,SimpMessageHeaderAccessor)
2025-03-07 23:07:05.167 [main] DEBUG o.s.w.s.m.WebSocketAnnotationMethodMessageHandler - 
	o.s.b.a.w.s.e.BasicErrorController:
	
2025-03-07 23:07:05.220 [main] DEBUG o.s.w.s.m.m.a.RequestMappingHandlerMapping - 3 mappings in 'requestMappingHandlerMapping'
2025-03-07 23:07:05.239 [main] DEBUG o.s.w.s.h.SimpleUrlHandlerMapping - Patterns [/webjars/**, /**] in 'resourceHandlerMapping'
2025-03-07 23:07:05.253 [main] DEBUG o.s.w.s.m.m.a.RequestMappingHandlerAdapter - ControllerAdvice beans: 0 @ModelAttribute, 0 @InitBinder, 1 RequestBodyAdvice, 1 ResponseBodyAdvice
2025-03-07 23:07:05.270 [main] DEBUG o.s.w.s.m.m.a.ExceptionHandlerExceptionResolver - ControllerAdvice beans: 0 @ExceptionHandler, 1 ResponseBodyAdvice
2025-03-07 23:07:05.334 [main] WARN  o.s.b.a.s.s.UserDetailsServiceAutoConfiguration - 

Using generated security password: 0b20c6ba-3609-44e6-b552-e081ee5cf023

This generated password is for development use only. Your security configuration must be updated before running your application in production.

2025-03-07 23:07:05.398 [main] INFO  o.s.s.web.DefaultSecurityFilterChain - Will secure any request with [org.springframework.security.web.session.DisableEncodeUrlFilter@795131d6, org.springframework.security.web.context.request.async.WebAsyncManagerIntegrationFilter@7d7a8d23, org.springframework.security.web.context.SecurityContextHolderFilter@68543a35, org.springframework.security.web.header.HeaderWriterFilter@77307b51, org.springframework.web.filter.CorsFilter@3acc65f0, org.springframework.security.web.csrf.CsrfFilter@1dac0784, org.springframework.security.web.authentication.logout.LogoutFilter@53b907d9, org.springframework.security.web.authentication.UsernamePasswordAuthenticationFilter@270097ce, org.springframework.security.web.authentication.ui.DefaultLoginPageGeneratingFilter@8e00c02, org.springframework.security.web.authentication.ui.DefaultLogoutPageGeneratingFilter@59ec5a0b, org.springframework.security.web.authentication.www.BasicAuthenticationFilter@480994d3, org.springframework.security.web.savedrequest.RequestCacheAwareFilter@77d3c3d7, org.springframework.security.web.servletapi.SecurityContextHolderAwareRequestFilter@4cefa0be, org.springframework.security.web.authentication.AnonymousAuthenticationFilter@29431f61, org.springframework.security.web.access.ExceptionTranslationFilter@1999e1f5, org.springframework.security.web.access.intercept.AuthorizationFilter@6a7fc4c1]
2025-03-07 23:07:05.431 [main] INFO  o.a.coyote.http11.Http11NioProtocol - Starting ProtocolHandler ["http-nio-8083"]
2025-03-07 23:07:05.445 [main] INFO  o.s.b.w.e.tomcat.TomcatWebServer - Tomcat started on port 8083 (http) with context path ''
2025-03-07 23:07:05.447 [main] DEBUG org.springframework.web.SimpLogging - clientOutboundChannel added SubProtocolWebSocketHandler[StompSubProtocolHandler[v10.stomp, v11.stomp, v12.stomp]]
2025-03-07 23:07:05.447 [main] DEBUG org.springframework.web.SimpLogging - clientInboundChannel added WebSocketAnnotationMethodMessageHandler[prefixes=[/app/]]
2025-03-07 23:07:05.447 [main] INFO  o.s.m.s.b.SimpleBrokerMessageHandler - Starting...
2025-03-07 23:07:05.448 [main] DEBUG org.springframework.web.SimpLogging - clientInboundChannel added SimpleBrokerMessageHandler [org.springframework.messaging.simp.broker.DefaultSubscriptionRegistry@31dd0e2e]
2025-03-07 23:07:05.448 [main] DEBUG org.springframework.web.SimpLogging - brokerChannel added SimpleBrokerMessageHandler [org.springframework.messaging.simp.broker.DefaultSubscriptionRegistry@31dd0e2e]
2025-03-07 23:07:05.448 [main] INFO  o.s.m.s.b.SimpleBrokerMessageHandler - BrokerAvailabilityEvent[available=true, SimpleBrokerMessageHandler [org.springframework.messaging.simp.broker.DefaultSubscriptionRegistry@31dd0e2e]]
2025-03-07 23:07:05.449 [main] INFO  o.s.m.s.b.SimpleBrokerMessageHandler - Started.
2025-03-07 23:07:05.449 [main] DEBUG org.springframework.web.SimpLogging - clientInboundChannel added UserDestinationMessageHandler[DefaultUserDestinationResolver[prefix=/user/]]
2025-03-07 23:07:05.449 [main] DEBUG org.springframework.web.SimpLogging - brokerChannel added UserDestinationMessageHandler[DefaultUserDestinationResolver[prefix=/user/]]
2025-03-07 23:07:05.454 [main] INFO  com.chatapp.RealtimeChatApplication - Started RealtimeChatApplication in 2.095 seconds (process running for 2.319)
2025-03-07 23:07:10.778 [SpringApplicationShutdownHook] DEBUG org.springframework.web.SimpLogging - clientOutboundChannel removed SubProtocolWebSocketHandler[StompSubProtocolHandler[v10.stomp, v11.stomp, v12.stomp]]
2025-03-07 23:07:10.779 [SpringApplicationShutdownHook] DEBUG org.springframework.web.SimpLogging - clientInboundChannel removed WebSocketAnnotationMethodMessageHandler[prefixes=[/app/]]
2025-03-07 23:07:10.779 [SpringApplicationShutdownHook] INFO  o.s.m.s.b.SimpleBrokerMessageHandler - Stopping...
2025-03-07 23:07:10.779 [SpringApplicationShutdownHook] INFO  o.s.m.s.b.SimpleBrokerMessageHandler - BrokerAvailabilityEvent[available=false, SimpleBrokerMessageHandler [org.springframework.messaging.simp.broker.DefaultSubscriptionRegistry@31dd0e2e]]
2025-03-07 23:07:10.779 [SpringApplicationShutdownHook] DEBUG org.springframework.web.SimpLogging - clientInboundChannel removed SimpleBrokerMessageHandler [org.springframework.messaging.simp.broker.DefaultSubscriptionRegistry@31dd0e2e]
2025-03-07 23:07:10.780 [SpringApplicationShutdownHook] DEBUG org.springframework.web.SimpLogging - brokerChannel removed SimpleBrokerMessageHandler [org.springframework.messaging.simp.broker.DefaultSubscriptionRegistry@31dd0e2e]
2025-03-07 23:07:10.780 [SpringApplicationShutdownHook] INFO  o.s.m.s.b.SimpleBrokerMessageHandler - Stopped.
2025-03-07 23:07:10.780 [SpringApplicationShutdownHook] DEBUG org.springframework.web.SimpLogging - clientInboundChannel removed UserDestinationMessageHandler[DefaultUserDestinationResolver[prefix=/user/]]
2025-03-07 23:07:10.780 [SpringApplicationShutdownHook] DEBUG org.springframework.web.SimpLogging - brokerChannel removed UserDestinationMessageHandler[DefaultUserDestinationResolver[prefix=/user/]]
2025-03-07 23:07:10.791 [SpringApplicationShutdownHook] INFO  o.s.o.j.LocalContainerEntityManagerFactoryBean - Closing JPA EntityManagerFactory for persistence unit 'default'
2025-03-07 23:07:10.793 [SpringApplicationShutdownHook] INFO  com.zaxxer.hikari.HikariDataSource - HikariPool-1 - Shutdown initiated...
2025-03-07 23:07:10.794 [SpringApplicationShutdownHook] INFO  com.zaxxer.hikari.HikariDataSource - HikariPool-1 - Shutdown completed.
2025-03-07 23:18:53.563 [main] INFO  com.chatapp.RealtimeChatApplication - Starting RealtimeChatApplication using Java 21.0.6 with PID 11064 (D:\Answer\es\backend\target\classes started by lenovo in D:\Answer\es\backend)
2025-03-07 23:18:53.564 [main] DEBUG com.chatapp.RealtimeChatApplication - Running with Spring Boot v3.2.3, Spring v6.1.4
2025-03-07 23:18:53.564 [main] INFO  com.chatapp.RealtimeChatApplication - No active profile set, falling back to 1 default profile: "default"
2025-03-07 23:18:53.905 [main] INFO  o.s.d.r.c.RepositoryConfigurationDelegate - Bootstrapping Spring Data JPA repositories in DEFAULT mode.
2025-03-07 23:18:53.917 [main] INFO  o.s.d.r.c.RepositoryConfigurationDelegate - Finished Spring Data repository scanning in 7 ms. Found 0 JPA repository interfaces.
2025-03-07 23:18:54.227 [main] INFO  o.s.b.w.e.tomcat.TomcatWebServer - Tomcat initialized with port 8083 (http)
2025-03-07 23:18:54.233 [main] INFO  o.a.coyote.http11.Http11NioProtocol - Initializing ProtocolHandler ["http-nio-8083"]
2025-03-07 23:18:54.235 [main] INFO  o.a.catalina.core.StandardService - Starting service [Tomcat]
2025-03-07 23:18:54.235 [main] INFO  o.a.catalina.core.StandardEngine - Starting Servlet engine: [Apache Tomcat/10.1.19]
2025-03-07 23:18:54.285 [main] INFO  o.a.c.c.C.[Tomcat].[localhost].[/] - Initializing Spring embedded WebApplicationContext
2025-03-07 23:18:54.286 [main] INFO  o.s.b.w.s.c.ServletWebServerApplicationContext - Root WebApplicationContext: initialization completed in 699 ms
2025-03-07 23:18:54.304 [main] INFO  com.zaxxer.hikari.HikariDataSource - HikariPool-1 - Starting...
2025-03-07 23:18:54.412 [main] INFO  com.zaxxer.hikari.pool.HikariPool - HikariPool-1 - Added connection conn0: url=jdbc:h2:mem:chatdb user=SA
2025-03-07 23:18:54.413 [main] INFO  com.zaxxer.hikari.HikariDataSource - HikariPool-1 - Start completed.
2025-03-07 23:18:54.420 [main] INFO  o.s.b.a.h.H2ConsoleAutoConfiguration - H2 console available at '/h2-console'. Database available at 'jdbc:h2:mem:chatdb'
2025-03-07 23:18:54.495 [main] INFO  o.h.jpa.internal.util.LogHelper - HHH000204: Processing PersistenceUnitInfo [name: default]
2025-03-07 23:18:54.523 [main] INFO  org.hibernate.Version - HHH000412: Hibernate ORM core version 6.4.4.Final
2025-03-07 23:18:54.540 [main] INFO  o.h.c.i.RegionFactoryInitiator - HHH000026: Second-level cache disabled
2025-03-07 23:18:54.653 [main] INFO  o.s.o.j.p.SpringPersistenceUnitInfo - No LoadTimeWeaver setup: ignoring JPA class transformer
2025-03-07 23:18:54.677 [main] WARN  org.hibernate.orm.deprecation - HHH90000025: H2Dialect does not need to be specified explicitly using 'hibernate.dialect' (remove the property setting and it will be selected by default)
2025-03-07 23:18:54.844 [main] INFO  o.h.e.t.j.p.i.JtaPlatformInitiator - HHH000489: No JTA platform available (set 'hibernate.transaction.jta.platform' to enable JTA platform integration)
2025-03-07 23:18:54.847 [main] INFO  o.s.o.j.LocalContainerEntityManagerFactoryBean - Initialized JPA EntityManagerFactory for persistence unit 'default'
2025-03-07 23:18:54.925 [main] DEBUG o.s.w.s.s.s.WebSocketHandlerMapping - Patterns [/ws/**] in 'stompWebSocketHandlerMapping'
2025-03-07 23:18:54.946 [main] WARN  o.s.b.a.o.j.JpaBaseConfiguration$JpaWebConfiguration - spring.jpa.open-in-view is enabled by default. Therefore, database queries may be performed during view rendering. Explicitly configure spring.jpa.open-in-view to disable this warning
2025-03-07 23:18:54.959 [main] DEBUG o.s.w.s.m.WebSocketAnnotationMethodMessageHandler - 
	c.c.c.LogController:
	
2025-03-07 23:18:54.961 [main] DEBUG o.s.w.s.m.WebSocketAnnotationMethodMessageHandler - 
	c.c.c.WebRTCSignalingController:
	{[MESSAGE],[/webrtc/call]}: call(Map,SimpMessageHeaderAccessor)
	{[MESSAGE],[/webrtc/answer]}: answer(WebRTCSignal,SimpMessageHeaderAccessor)
	{[MESSAGE],[/webrtc/hangup]}: hangup(Map,SimpMessageHeaderAccessor)
	{[MESSAGE],[/webrtc/config]}: getWebRTCConfig(SimpMessageHeaderAccessor)
	{[MESSAGE],[/webrtc/adjust-bitrate]}: adjustBitrate(WebRTCSignal,SimpMessageHeaderAccessor)
	{[MESSAGE],[/webrtc/ice-candidate]}: iceCandidate(WebRTCSignal,SimpMessageHeaderAccessor)
2025-03-07 23:18:54.965 [main] DEBUG o.s.w.s.m.WebSocketAnnotationMethodMessageHandler - 
	o.s.b.a.w.s.e.BasicErrorController:
	
2025-03-07 23:18:55.015 [main] DEBUG o.s.w.s.m.m.a.RequestMappingHandlerMapping - 3 mappings in 'requestMappingHandlerMapping'
2025-03-07 23:18:55.032 [main] DEBUG o.s.w.s.h.SimpleUrlHandlerMapping - Patterns [/webjars/**, /**] in 'resourceHandlerMapping'
2025-03-07 23:18:55.051 [main] DEBUG o.s.w.s.m.m.a.RequestMappingHandlerAdapter - ControllerAdvice beans: 0 @ModelAttribute, 0 @InitBinder, 1 RequestBodyAdvice, 1 ResponseBodyAdvice
2025-03-07 23:18:55.073 [main] DEBUG o.s.w.s.m.m.a.ExceptionHandlerExceptionResolver - ControllerAdvice beans: 0 @ExceptionHandler, 1 ResponseBodyAdvice
2025-03-07 23:18:55.132 [main] WARN  o.s.b.a.s.s.UserDetailsServiceAutoConfiguration - 

Using generated security password: 309928f5-5092-47f0-8a68-b3b27c21c77d

This generated password is for development use only. Your security configuration must be updated before running your application in production.

2025-03-07 23:18:55.194 [main] INFO  o.s.s.web.DefaultSecurityFilterChain - Will secure any request with [org.springframework.security.web.session.DisableEncodeUrlFilter@7d7a8d23, org.springframework.security.web.context.request.async.WebAsyncManagerIntegrationFilter@3acc65f0, org.springframework.security.web.context.SecurityContextHolderFilter@1cca2e9d, org.springframework.security.web.header.HeaderWriterFilter@48d464cf, org.springframework.web.filter.CorsFilter@59ec5a0b, org.springframework.security.web.csrf.CsrfFilter@3703a400, org.springframework.security.web.authentication.logout.LogoutFilter@2c3b0cc8, org.springframework.security.web.authentication.UsernamePasswordAuthenticationFilter@8b1170f, org.springframework.security.web.authentication.ui.DefaultLoginPageGeneratingFilter@464d60fb, org.springframework.security.web.authentication.ui.DefaultLogoutPageGeneratingFilter@29431f61, org.springframework.security.web.authentication.www.BasicAuthenticationFilter@7146c6ea, org.springframework.security.web.savedrequest.RequestCacheAwareFilter@4cefa0be, org.springframework.security.web.servletapi.SecurityContextHolderAwareRequestFilter@5a3be84, org.springframework.security.web.authentication.AnonymousAuthenticationFilter@f98cff, org.springframework.security.web.access.ExceptionTranslationFilter@b1fa523, org.springframework.security.web.access.intercept.AuthorizationFilter@270097ce]
2025-03-07 23:18:55.221 [main] INFO  o.a.coyote.http11.Http11NioProtocol - Starting ProtocolHandler ["http-nio-8083"]
2025-03-07 23:18:55.235 [main] INFO  o.s.b.w.e.tomcat.TomcatWebServer - Tomcat started on port 8083 (http) with context path ''
2025-03-07 23:18:55.236 [main] DEBUG org.springframework.web.SimpLogging - clientOutboundChannel added SubProtocolWebSocketHandler[StompSubProtocolHandler[v10.stomp, v11.stomp, v12.stomp]]
2025-03-07 23:18:55.237 [main] DEBUG org.springframework.web.SimpLogging - clientInboundChannel added WebSocketAnnotationMethodMessageHandler[prefixes=[/app/]]
2025-03-07 23:18:55.237 [main] INFO  o.s.m.s.b.SimpleBrokerMessageHandler - Starting...
2025-03-07 23:18:55.237 [main] DEBUG org.springframework.web.SimpLogging - clientInboundChannel added SimpleBrokerMessageHandler [org.springframework.messaging.simp.broker.DefaultSubscriptionRegistry@197180a5]
2025-03-07 23:18:55.237 [main] DEBUG org.springframework.web.SimpLogging - brokerChannel added SimpleBrokerMessageHandler [org.springframework.messaging.simp.broker.DefaultSubscriptionRegistry@197180a5]
2025-03-07 23:18:55.237 [main] INFO  o.s.m.s.b.SimpleBrokerMessageHandler - BrokerAvailabilityEvent[available=true, SimpleBrokerMessageHandler [org.springframework.messaging.simp.broker.DefaultSubscriptionRegistry@197180a5]]
2025-03-07 23:18:55.238 [main] INFO  o.s.m.s.b.SimpleBrokerMessageHandler - Started.
2025-03-07 23:18:55.238 [main] DEBUG org.springframework.web.SimpLogging - clientInboundChannel added UserDestinationMessageHandler[DefaultUserDestinationResolver[prefix=/user/]]
2025-03-07 23:18:55.238 [main] DEBUG org.springframework.web.SimpLogging - brokerChannel added UserDestinationMessageHandler[DefaultUserDestinationResolver[prefix=/user/]]
2025-03-07 23:18:55.242 [main] INFO  com.chatapp.RealtimeChatApplication - Started RealtimeChatApplication in 1.986 seconds (process running for 2.209)
2025-03-07 23:18:58.048 [SpringApplicationShutdownHook] DEBUG org.springframework.web.SimpLogging - clientOutboundChannel removed SubProtocolWebSocketHandler[StompSubProtocolHandler[v10.stomp, v11.stomp, v12.stomp]]
2025-03-07 23:18:58.048 [SpringApplicationShutdownHook] DEBUG org.springframework.web.SimpLogging - clientInboundChannel removed WebSocketAnnotationMethodMessageHandler[prefixes=[/app/]]
2025-03-07 23:18:58.048 [SpringApplicationShutdownHook] INFO  o.s.m.s.b.SimpleBrokerMessageHandler - Stopping...
2025-03-07 23:18:58.048 [SpringApplicationShutdownHook] INFO  o.s.m.s.b.SimpleBrokerMessageHandler - BrokerAvailabilityEvent[available=false, SimpleBrokerMessageHandler [org.springframework.messaging.simp.broker.DefaultSubscriptionRegistry@197180a5]]
2025-03-07 23:18:58.048 [SpringApplicationShutdownHook] DEBUG org.springframework.web.SimpLogging - clientInboundChannel removed SimpleBrokerMessageHandler [org.springframework.messaging.simp.broker.DefaultSubscriptionRegistry@197180a5]
2025-03-07 23:18:58.048 [SpringApplicationShutdownHook] DEBUG org.springframework.web.SimpLogging - brokerChannel removed SimpleBrokerMessageHandler [org.springframework.messaging.simp.broker.DefaultSubscriptionRegistry@197180a5]
2025-03-07 23:18:58.048 [SpringApplicationShutdownHook] INFO  o.s.m.s.b.SimpleBrokerMessageHandler - Stopped.
2025-03-07 23:18:58.048 [SpringApplicationShutdownHook] DEBUG org.springframework.web.SimpLogging - clientInboundChannel removed UserDestinationMessageHandler[DefaultUserDestinationResolver[prefix=/user/]]
2025-03-07 23:18:58.048 [SpringApplicationShutdownHook] DEBUG org.springframework.web.SimpLogging - brokerChannel removed UserDestinationMessageHandler[DefaultUserDestinationResolver[prefix=/user/]]
2025-03-07 23:18:58.060 [SpringApplicationShutdownHook] INFO  o.s.o.j.LocalContainerEntityManagerFactoryBean - Closing JPA EntityManagerFactory for persistence unit 'default'
2025-03-07 23:18:58.062 [SpringApplicationShutdownHook] INFO  com.zaxxer.hikari.HikariDataSource - HikariPool-1 - Shutdown initiated...
2025-03-07 23:18:58.063 [SpringApplicationShutdownHook] INFO  com.zaxxer.hikari.HikariDataSource - HikariPool-1 - Shutdown completed.
2025-03-07 23:25:07.829 [main] INFO  com.chatapp.RealtimeChatApplication - Starting RealtimeChatApplication using Java 21.0.6 with PID 15392 (D:\Answer\es\backend\target\classes started by lenovo in D:\Answer\es\backend)
2025-03-07 23:25:07.830 [main] DEBUG com.chatapp.RealtimeChatApplication - Running with Spring Boot v3.2.3, Spring v6.1.4
2025-03-07 23:25:07.830 [main] INFO  com.chatapp.RealtimeChatApplication - No active profile set, falling back to 1 default profile: "default"
2025-03-07 23:25:08.183 [main] INFO  o.s.d.r.c.RepositoryConfigurationDelegate - Bootstrapping Spring Data JPA repositories in DEFAULT mode.
2025-03-07 23:25:08.198 [main] INFO  o.s.d.r.c.RepositoryConfigurationDelegate - Finished Spring Data repository scanning in 10 ms. Found 0 JPA repository interfaces.
2025-03-07 23:25:08.518 [main] INFO  o.s.b.w.e.tomcat.TomcatWebServer - Tomcat initialized with port 8083 (http)
2025-03-07 23:25:08.524 [main] INFO  o.a.coyote.http11.Http11NioProtocol - Initializing ProtocolHandler ["http-nio-8083"]
2025-03-07 23:25:08.526 [main] INFO  o.a.catalina.core.StandardService - Starting service [Tomcat]
2025-03-07 23:25:08.526 [main] INFO  o.a.catalina.core.StandardEngine - Starting Servlet engine: [Apache Tomcat/10.1.19]
2025-03-07 23:25:08.573 [main] INFO  o.a.c.c.C.[Tomcat].[localhost].[/] - Initializing Spring embedded WebApplicationContext
2025-03-07 23:25:08.574 [main] INFO  o.s.b.w.s.c.ServletWebServerApplicationContext - Root WebApplicationContext: initialization completed in 718 ms
2025-03-07 23:25:08.592 [main] INFO  com.zaxxer.hikari.HikariDataSource - HikariPool-1 - Starting...
2025-03-07 23:25:08.694 [main] INFO  com.zaxxer.hikari.pool.HikariPool - HikariPool-1 - Added connection conn0: url=jdbc:h2:mem:chatdb user=SA
2025-03-07 23:25:08.695 [main] INFO  com.zaxxer.hikari.HikariDataSource - HikariPool-1 - Start completed.
2025-03-07 23:25:08.701 [main] INFO  o.s.b.a.h.H2ConsoleAutoConfiguration - H2 console available at '/h2-console'. Database available at 'jdbc:h2:mem:chatdb'
2025-03-07 23:25:08.775 [main] INFO  o.h.jpa.internal.util.LogHelper - HHH000204: Processing PersistenceUnitInfo [name: default]
2025-03-07 23:25:08.803 [main] INFO  org.hibernate.Version - HHH000412: Hibernate ORM core version 6.4.4.Final
2025-03-07 23:25:08.820 [main] INFO  o.h.c.i.RegionFactoryInitiator - HHH000026: Second-level cache disabled
2025-03-07 23:25:08.944 [main] INFO  o.s.o.j.p.SpringPersistenceUnitInfo - No LoadTimeWeaver setup: ignoring JPA class transformer
2025-03-07 23:25:08.968 [main] WARN  org.hibernate.orm.deprecation - HHH90000025: H2Dialect does not need to be specified explicitly using 'hibernate.dialect' (remove the property setting and it will be selected by default)
2025-03-07 23:25:09.137 [main] INFO  o.h.e.t.j.p.i.JtaPlatformInitiator - HHH000489: No JTA platform available (set 'hibernate.transaction.jta.platform' to enable JTA platform integration)
2025-03-07 23:25:09.139 [main] INFO  o.s.o.j.LocalContainerEntityManagerFactoryBean - Initialized JPA EntityManagerFactory for persistence unit 'default'
2025-03-07 23:25:09.225 [main] DEBUG o.s.w.s.s.s.WebSocketHandlerMapping - Patterns [/ws/**] in 'stompWebSocketHandlerMapping'
2025-03-07 23:25:09.247 [main] WARN  o.s.b.a.o.j.JpaBaseConfiguration$JpaWebConfiguration - spring.jpa.open-in-view is enabled by default. Therefore, database queries may be performed during view rendering. Explicitly configure spring.jpa.open-in-view to disable this warning
2025-03-07 23:25:09.261 [main] DEBUG o.s.w.s.m.WebSocketAnnotationMethodMessageHandler - 
	c.c.c.LogController:
	
2025-03-07 23:25:09.264 [main] DEBUG o.s.w.s.m.WebSocketAnnotationMethodMessageHandler - 
	c.c.c.WebRTCSignalingController:
	{[MESSAGE],[/webrtc/call]}: call(Map,SimpMessageHeaderAccessor)
	{[MESSAGE],[/webrtc/answer]}: answer(WebRTCSignal,SimpMessageHeaderAccessor)
	{[MESSAGE],[/webrtc/hangup]}: hangup(Map,SimpMessageHeaderAccessor)
	{[MESSAGE],[/webrtc/adjust-bitrate]}: adjustBitrate(WebRTCSignal,SimpMessageHeaderAccessor)
	{[MESSAGE],[/webrtc/config]}: getWebRTCConfig(SimpMessageHeaderAccessor)
	{[MESSAGE],[/webrtc/ice-candidate]}: iceCandidate(WebRTCSignal,SimpMessageHeaderAccessor)
2025-03-07 23:25:09.267 [main] DEBUG o.s.w.s.m.WebSocketAnnotationMethodMessageHandler - 
	o.s.b.a.w.s.e.BasicErrorController:
	
2025-03-07 23:25:09.319 [main] DEBUG o.s.w.s.m.m.a.RequestMappingHandlerMapping - 3 mappings in 'requestMappingHandlerMapping'
2025-03-07 23:25:09.338 [main] DEBUG o.s.w.s.h.SimpleUrlHandlerMapping - Patterns [/webjars/**, /**] in 'resourceHandlerMapping'
2025-03-07 23:25:09.353 [main] DEBUG o.s.w.s.m.m.a.RequestMappingHandlerAdapter - ControllerAdvice beans: 0 @ModelAttribute, 0 @InitBinder, 1 RequestBodyAdvice, 1 ResponseBodyAdvice
2025-03-07 23:25:09.371 [main] DEBUG o.s.w.s.m.m.a.ExceptionHandlerExceptionResolver - ControllerAdvice beans: 0 @ExceptionHandler, 1 ResponseBodyAdvice
2025-03-07 23:25:09.432 [main] WARN  o.s.b.a.s.s.UserDetailsServiceAutoConfiguration - 

Using generated security password: d13ea024-c233-494c-b723-27561f3d21b5

This generated password is for development use only. Your security configuration must be updated before running your application in production.

2025-03-07 23:25:09.497 [main] INFO  o.s.s.web.DefaultSecurityFilterChain - Will secure any request with [org.springframework.security.web.session.DisableEncodeUrlFilter@49de1505, org.springframework.security.web.context.request.async.WebAsyncManagerIntegrationFilter@1bbc1b90, org.springframework.security.web.context.SecurityContextHolderFilter@6d0a4a22, org.springframework.security.web.header.HeaderWriterFilter@7ae6927, org.springframework.web.filter.CorsFilter@29e3c28, org.springframework.security.web.csrf.CsrfFilter@45e35a0d, org.springframework.security.web.authentication.logout.LogoutFilter@4a86be01, org.springframework.security.web.authentication.UsernamePasswordAuthenticationFilter@6065bcb7, org.springframework.security.web.authentication.ui.DefaultLoginPageGeneratingFilter@77d3c3d7, org.springframework.security.web.authentication.ui.DefaultLogoutPageGeneratingFilter@480994d3, org.springframework.security.web.authentication.www.BasicAuthenticationFilter@314c6f89, org.springframework.security.web.savedrequest.RequestCacheAwareFilter@b1fa523, org.springframework.security.web.servletapi.SecurityContextHolderAwareRequestFilter@77307b51, org.springframework.security.web.authentication.AnonymousAuthenticationFilter@7146c6ea, org.springframework.security.web.access.ExceptionTranslationFilter@da67c46, org.springframework.security.web.access.intercept.AuthorizationFilter@61d8a491]
2025-03-07 23:25:09.530 [main] INFO  o.a.coyote.http11.Http11NioProtocol - Starting ProtocolHandler ["http-nio-8083"]
2025-03-07 23:25:09.544 [main] INFO  o.s.b.w.e.tomcat.TomcatWebServer - Tomcat started on port 8083 (http) with context path ''
2025-03-07 23:25:09.545 [main] DEBUG org.springframework.web.SimpLogging - clientOutboundChannel added SubProtocolWebSocketHandler[StompSubProtocolHandler[v10.stomp, v11.stomp, v12.stomp]]
2025-03-07 23:25:09.546 [main] DEBUG org.springframework.web.SimpLogging - clientInboundChannel added WebSocketAnnotationMethodMessageHandler[prefixes=[/app/]]
2025-03-07 23:25:09.546 [main] INFO  o.s.m.s.b.SimpleBrokerMessageHandler - Starting...
2025-03-07 23:25:09.546 [main] DEBUG org.springframework.web.SimpLogging - clientInboundChannel added SimpleBrokerMessageHandler [org.springframework.messaging.simp.broker.DefaultSubscriptionRegistry@4229b92c]
2025-03-07 23:25:09.546 [main] DEBUG org.springframework.web.SimpLogging - brokerChannel added SimpleBrokerMessageHandler [org.springframework.messaging.simp.broker.DefaultSubscriptionRegistry@4229b92c]
2025-03-07 23:25:09.546 [main] INFO  o.s.m.s.b.SimpleBrokerMessageHandler - BrokerAvailabilityEvent[available=true, SimpleBrokerMessageHandler [org.springframework.messaging.simp.broker.DefaultSubscriptionRegistry@4229b92c]]
2025-03-07 23:25:09.547 [main] INFO  o.s.m.s.b.SimpleBrokerMessageHandler - Started.
2025-03-07 23:25:09.547 [main] DEBUG org.springframework.web.SimpLogging - clientInboundChannel added UserDestinationMessageHandler[DefaultUserDestinationResolver[prefix=/user/]]
2025-03-07 23:25:09.547 [main] DEBUG org.springframework.web.SimpLogging - brokerChannel added UserDestinationMessageHandler[DefaultUserDestinationResolver[prefix=/user/]]
2025-03-07 23:25:09.552 [main] INFO  com.chatapp.RealtimeChatApplication - Started RealtimeChatApplication in 2.035 seconds (process running for 2.259)
2025-03-07 23:25:12.068 [SpringApplicationShutdownHook] DEBUG org.springframework.web.SimpLogging - clientOutboundChannel removed SubProtocolWebSocketHandler[StompSubProtocolHandler[v10.stomp, v11.stomp, v12.stomp]]
2025-03-07 23:25:12.068 [SpringApplicationShutdownHook] DEBUG org.springframework.web.SimpLogging - clientInboundChannel removed WebSocketAnnotationMethodMessageHandler[prefixes=[/app/]]
2025-03-07 23:25:12.069 [SpringApplicationShutdownHook] INFO  o.s.m.s.b.SimpleBrokerMessageHandler - Stopping...
2025-03-07 23:25:12.069 [SpringApplicationShutdownHook] INFO  o.s.m.s.b.SimpleBrokerMessageHandler - BrokerAvailabilityEvent[available=false, SimpleBrokerMessageHandler [org.springframework.messaging.simp.broker.DefaultSubscriptionRegistry@4229b92c]]
2025-03-07 23:25:12.069 [SpringApplicationShutdownHook] DEBUG org.springframework.web.SimpLogging - clientInboundChannel removed SimpleBrokerMessageHandler [org.springframework.messaging.simp.broker.DefaultSubscriptionRegistry@4229b92c]
2025-03-07 23:25:12.069 [SpringApplicationShutdownHook] DEBUG org.springframework.web.SimpLogging - brokerChannel removed SimpleBrokerMessageHandler [org.springframework.messaging.simp.broker.DefaultSubscriptionRegistry@4229b92c]
2025-03-07 23:25:12.069 [SpringApplicationShutdownHook] INFO  o.s.m.s.b.SimpleBrokerMessageHandler - Stopped.
2025-03-07 23:25:12.069 [SpringApplicationShutdownHook] DEBUG org.springframework.web.SimpLogging - clientInboundChannel removed UserDestinationMessageHandler[DefaultUserDestinationResolver[prefix=/user/]]
2025-03-07 23:25:12.069 [SpringApplicationShutdownHook] DEBUG org.springframework.web.SimpLogging - brokerChannel removed UserDestinationMessageHandler[DefaultUserDestinationResolver[prefix=/user/]]
2025-03-07 23:25:12.080 [SpringApplicationShutdownHook] INFO  o.s.o.j.LocalContainerEntityManagerFactoryBean - Closing JPA EntityManagerFactory for persistence unit 'default'
2025-03-07 23:25:12.081 [SpringApplicationShutdownHook] INFO  com.zaxxer.hikari.HikariDataSource - HikariPool-1 - Shutdown initiated...
2025-03-07 23:25:12.084 [SpringApplicationShutdownHook] INFO  com.zaxxer.hikari.HikariDataSource - HikariPool-1 - Shutdown completed.
2025-03-07 23:30:03.762 [main] INFO  com.chatapp.RealtimeChatApplication - Starting RealtimeChatApplication using Java 21.0.6 with PID 14004 (D:\Answer\es\backend\target\classes started by lenovo in D:\Answer\es\backend)
2025-03-07 23:30:03.763 [main] DEBUG com.chatapp.RealtimeChatApplication - Running with Spring Boot v3.2.3, Spring v6.1.4
2025-03-07 23:30:03.764 [main] INFO  com.chatapp.RealtimeChatApplication - No active profile set, falling back to 1 default profile: "default"
2025-03-07 23:30:04.119 [main] INFO  o.s.d.r.c.RepositoryConfigurationDelegate - Bootstrapping Spring Data JPA repositories in DEFAULT mode.
2025-03-07 23:30:04.134 [main] INFO  o.s.d.r.c.RepositoryConfigurationDelegate - Finished Spring Data repository scanning in 11 ms. Found 0 JPA repository interfaces.
2025-03-07 23:30:04.448 [main] INFO  o.s.b.w.e.tomcat.TomcatWebServer - Tomcat initialized with port 8083 (http)
2025-03-07 23:30:04.454 [main] INFO  o.a.coyote.http11.Http11NioProtocol - Initializing ProtocolHandler ["http-nio-8083"]
2025-03-07 23:30:04.455 [main] INFO  o.a.catalina.core.StandardService - Starting service [Tomcat]
2025-03-07 23:30:04.456 [main] INFO  o.a.catalina.core.StandardEngine - Starting Servlet engine: [Apache Tomcat/10.1.19]
2025-03-07 23:30:04.501 [main] INFO  o.a.c.c.C.[Tomcat].[localhost].[/] - Initializing Spring embedded WebApplicationContext
2025-03-07 23:30:04.502 [main] INFO  o.s.b.w.s.c.ServletWebServerApplicationContext - Root WebApplicationContext: initialization completed in 712 ms
2025-03-07 23:30:04.522 [main] INFO  com.zaxxer.hikari.HikariDataSource - HikariPool-1 - Starting...
2025-03-07 23:30:04.628 [main] INFO  com.zaxxer.hikari.pool.HikariPool - HikariPool-1 - Added connection conn0: url=jdbc:h2:mem:chatdb user=SA
2025-03-07 23:30:04.629 [main] INFO  com.zaxxer.hikari.HikariDataSource - HikariPool-1 - Start completed.
2025-03-07 23:30:04.636 [main] INFO  o.s.b.a.h.H2ConsoleAutoConfiguration - H2 console available at '/h2-console'. Database available at 'jdbc:h2:mem:chatdb'
2025-03-07 23:30:04.710 [main] INFO  o.h.jpa.internal.util.LogHelper - HHH000204: Processing PersistenceUnitInfo [name: default]
2025-03-07 23:30:04.737 [main] INFO  org.hibernate.Version - HHH000412: Hibernate ORM core version 6.4.4.Final
2025-03-07 23:30:04.753 [main] INFO  o.h.c.i.RegionFactoryInitiator - HHH000026: Second-level cache disabled
2025-03-07 23:30:04.879 [main] INFO  o.s.o.j.p.SpringPersistenceUnitInfo - No LoadTimeWeaver setup: ignoring JPA class transformer
2025-03-07 23:30:04.903 [main] WARN  org.hibernate.orm.deprecation - HHH90000025: H2Dialect does not need to be specified explicitly using 'hibernate.dialect' (remove the property setting and it will be selected by default)
2025-03-07 23:30:05.068 [main] INFO  o.h.e.t.j.p.i.JtaPlatformInitiator - HHH000489: No JTA platform available (set 'hibernate.transaction.jta.platform' to enable JTA platform integration)
2025-03-07 23:30:05.071 [main] INFO  o.s.o.j.LocalContainerEntityManagerFactoryBean - Initialized JPA EntityManagerFactory for persistence unit 'default'
2025-03-07 23:30:05.154 [main] DEBUG o.s.w.s.s.s.WebSocketHandlerMapping - Patterns [/ws/**] in 'stompWebSocketHandlerMapping'
2025-03-07 23:30:05.175 [main] WARN  o.s.b.a.o.j.JpaBaseConfiguration$JpaWebConfiguration - spring.jpa.open-in-view is enabled by default. Therefore, database queries may be performed during view rendering. Explicitly configure spring.jpa.open-in-view to disable this warning
2025-03-07 23:30:05.189 [main] DEBUG o.s.w.s.m.WebSocketAnnotationMethodMessageHandler - 
	c.c.c.LogController:
	
2025-03-07 23:30:05.191 [main] DEBUG o.s.w.s.m.WebSocketAnnotationMethodMessageHandler - 
	c.c.c.WebRTCSignalingController:
	{[MESSAGE],[/webrtc/call]}: call(Map,SimpMessageHeaderAccessor)
	{[MESSAGE],[/webrtc/answer]}: answer(WebRTCSignal,SimpMessageHeaderAccessor)
	{[MESSAGE],[/webrtc/hangup]}: hangup(Map,SimpMessageHeaderAccessor)
	{[MESSAGE],[/webrtc/adjust-bitrate]}: adjustBitrate(WebRTCSignal,SimpMessageHeaderAccessor)
	{[MESSAGE],[/webrtc/ice-candidate]}: iceCandidate(WebRTCSignal,SimpMessageHeaderAccessor)
	{[MESSAGE],[/webrtc/config]}: getWebRTCConfig(SimpMessageHeaderAccessor)
2025-03-07 23:30:05.195 [main] DEBUG o.s.w.s.m.WebSocketAnnotationMethodMessageHandler - 
	o.s.b.a.w.s.e.BasicErrorController:
	
2025-03-07 23:30:05.246 [main] DEBUG o.s.w.s.m.m.a.RequestMappingHandlerMapping - 3 mappings in 'requestMappingHandlerMapping'
2025-03-07 23:30:05.265 [main] DEBUG o.s.w.s.h.SimpleUrlHandlerMapping - Patterns [/webjars/**, /**] in 'resourceHandlerMapping'
2025-03-07 23:30:05.279 [main] DEBUG o.s.w.s.m.m.a.RequestMappingHandlerAdapter - ControllerAdvice beans: 0 @ModelAttribute, 0 @InitBinder, 1 RequestBodyAdvice, 1 ResponseBodyAdvice
2025-03-07 23:30:05.295 [main] DEBUG o.s.w.s.m.m.a.ExceptionHandlerExceptionResolver - ControllerAdvice beans: 0 @ExceptionHandler, 1 ResponseBodyAdvice
2025-03-07 23:30:05.357 [main] WARN  o.s.b.a.s.s.UserDetailsServiceAutoConfiguration - 

Using generated security password: ceda9e2c-d9fc-4fb8-ba46-a9b4c43785bc

This generated password is for development use only. Your security configuration must be updated before running your application in production.

2025-03-07 23:30:05.422 [main] INFO  o.s.s.web.DefaultSecurityFilterChain - Will secure any request with [org.springframework.security.web.session.DisableEncodeUrlFilter@69cb134, org.springframework.security.web.context.request.async.WebAsyncManagerIntegrationFilter@125124ea, org.springframework.security.web.context.SecurityContextHolderFilter@da67c46, org.springframework.security.web.header.HeaderWriterFilter@65c689e7, org.springframework.web.filter.CorsFilter@314c6f89, org.springframework.security.web.csrf.CsrfFilter@4eec5fa6, org.springframework.security.web.authentication.logout.LogoutFilter@2cbc2db2, org.springframework.security.web.authentication.UsernamePasswordAuthenticationFilter@39109603, org.springframework.security.web.authentication.ui.DefaultLoginPageGeneratingFilter@77307b51, org.springframework.security.web.authentication.ui.DefaultLogoutPageGeneratingFilter@31450fc0, org.springframework.security.web.authentication.www.BasicAuthenticationFilter@6a7fc4c1, org.springframework.security.web.savedrequest.RequestCacheAwareFilter@7ae6927, org.springframework.security.web.servletapi.SecurityContextHolderAwareRequestFilter@7d0df326, org.springframework.security.web.authentication.AnonymousAuthenticationFilter@52b30dcd, org.springframework.security.web.access.ExceptionTranslationFilter@750457a5, org.springframework.security.web.access.intercept.AuthorizationFilter@220cda54]
2025-03-07 23:30:05.455 [main] INFO  o.a.coyote.http11.Http11NioProtocol - Starting ProtocolHandler ["http-nio-8083"]
2025-03-07 23:30:05.468 [main] INFO  o.s.b.w.e.tomcat.TomcatWebServer - Tomcat started on port 8083 (http) with context path ''
2025-03-07 23:30:05.469 [main] DEBUG org.springframework.web.SimpLogging - clientOutboundChannel added SubProtocolWebSocketHandler[StompSubProtocolHandler[v10.stomp, v11.stomp, v12.stomp]]
2025-03-07 23:30:05.470 [main] DEBUG org.springframework.web.SimpLogging - clientInboundChannel added WebSocketAnnotationMethodMessageHandler[prefixes=[/app/]]
2025-03-07 23:30:05.470 [main] INFO  o.s.m.s.b.SimpleBrokerMessageHandler - Starting...
2025-03-07 23:30:05.470 [main] DEBUG org.springframework.web.SimpLogging - clientInboundChannel added SimpleBrokerMessageHandler [org.springframework.messaging.simp.broker.DefaultSubscriptionRegistry@1fe7fa16]
2025-03-07 23:30:05.470 [main] DEBUG org.springframework.web.SimpLogging - brokerChannel added SimpleBrokerMessageHandler [org.springframework.messaging.simp.broker.DefaultSubscriptionRegistry@1fe7fa16]
2025-03-07 23:30:05.471 [main] INFO  o.s.m.s.b.SimpleBrokerMessageHandler - BrokerAvailabilityEvent[available=true, SimpleBrokerMessageHandler [org.springframework.messaging.simp.broker.DefaultSubscriptionRegistry@1fe7fa16]]
2025-03-07 23:30:05.471 [main] INFO  o.s.m.s.b.SimpleBrokerMessageHandler - Started.
2025-03-07 23:30:05.471 [main] DEBUG org.springframework.web.SimpLogging - clientInboundChannel added UserDestinationMessageHandler[DefaultUserDestinationResolver[prefix=/user/]]
2025-03-07 23:30:05.471 [main] DEBUG org.springframework.web.SimpLogging - brokerChannel added UserDestinationMessageHandler[DefaultUserDestinationResolver[prefix=/user/]]
2025-03-07 23:30:05.475 [main] INFO  com.chatapp.RealtimeChatApplication - Started RealtimeChatApplication in 2.02 seconds (process running for 2.244)
2025-03-07 23:30:09.325 [SpringApplicationShutdownHook] DEBUG org.springframework.web.SimpLogging - clientOutboundChannel removed SubProtocolWebSocketHandler[StompSubProtocolHandler[v10.stomp, v11.stomp, v12.stomp]]
2025-03-07 23:30:09.325 [SpringApplicationShutdownHook] DEBUG org.springframework.web.SimpLogging - clientInboundChannel removed WebSocketAnnotationMethodMessageHandler[prefixes=[/app/]]
2025-03-07 23:30:09.325 [SpringApplicationShutdownHook] INFO  o.s.m.s.b.SimpleBrokerMessageHandler - Stopping...
2025-03-07 23:30:09.325 [SpringApplicationShutdownHook] INFO  o.s.m.s.b.SimpleBrokerMessageHandler - BrokerAvailabilityEvent[available=false, SimpleBrokerMessageHandler [org.springframework.messaging.simp.broker.DefaultSubscriptionRegistry@1fe7fa16]]
2025-03-07 23:30:09.326 [SpringApplicationShutdownHook] DEBUG org.springframework.web.SimpLogging - clientInboundChannel removed SimpleBrokerMessageHandler [org.springframework.messaging.simp.broker.DefaultSubscriptionRegistry@1fe7fa16]
2025-03-07 23:30:09.326 [SpringApplicationShutdownHook] DEBUG org.springframework.web.SimpLogging - brokerChannel removed SimpleBrokerMessageHandler [org.springframework.messaging.simp.broker.DefaultSubscriptionRegistry@1fe7fa16]
2025-03-07 23:30:09.326 [SpringApplicationShutdownHook] INFO  o.s.m.s.b.SimpleBrokerMessageHandler - Stopped.
2025-03-07 23:30:09.326 [SpringApplicationShutdownHook] DEBUG org.springframework.web.SimpLogging - clientInboundChannel removed UserDestinationMessageHandler[DefaultUserDestinationResolver[prefix=/user/]]
2025-03-07 23:30:09.326 [SpringApplicationShutdownHook] DEBUG org.springframework.web.SimpLogging - brokerChannel removed UserDestinationMessageHandler[DefaultUserDestinationResolver[prefix=/user/]]
2025-03-07 23:30:09.337 [SpringApplicationShutdownHook] INFO  o.s.o.j.LocalContainerEntityManagerFactoryBean - Closing JPA EntityManagerFactory for persistence unit 'default'
2025-03-07 23:30:09.339 [SpringApplicationShutdownHook] INFO  com.zaxxer.hikari.HikariDataSource - HikariPool-1 - Shutdown initiated...
2025-03-07 23:30:09.340 [SpringApplicationShutdownHook] INFO  com.zaxxer.hikari.HikariDataSource - HikariPool-1 - Shutdown completed.
2025-03-07 23:30:40.193 [main] INFO  com.chatapp.RealtimeChatApplication - Starting RealtimeChatApplication using Java 21.0.6 with PID 8592 (D:\Answer\es\backend\target\classes started by lenovo in D:\Answer\es\backend)
2025-03-07 23:30:40.194 [main] DEBUG com.chatapp.RealtimeChatApplication - Running with Spring Boot v3.2.3, Spring v6.1.4
2025-03-07 23:30:40.195 [main] INFO  com.chatapp.RealtimeChatApplication - No active profile set, falling back to 1 default profile: "default"
2025-03-07 23:30:40.581 [main] INFO  o.s.d.r.c.RepositoryConfigurationDelegate - Bootstrapping Spring Data JPA repositories in DEFAULT mode.
2025-03-07 23:30:40.598 [main] INFO  o.s.d.r.c.RepositoryConfigurationDelegate - Finished Spring Data repository scanning in 12 ms. Found 0 JPA repository interfaces.
2025-03-07 23:30:40.941 [main] INFO  o.s.b.w.e.tomcat.TomcatWebServer - Tomcat initialized with port 8083 (http)
2025-03-07 23:30:40.947 [main] INFO  o.a.coyote.http11.Http11NioProtocol - Initializing ProtocolHandler ["http-nio-8083"]
2025-03-07 23:30:40.949 [main] INFO  o.a.catalina.core.StandardService - Starting service [Tomcat]
2025-03-07 23:30:40.949 [main] INFO  o.a.catalina.core.StandardEngine - Starting Servlet engine: [Apache Tomcat/10.1.19]
2025-03-07 23:30:40.997 [main] INFO  o.a.c.c.C.[Tomcat].[localhost].[/] - Initializing Spring embedded WebApplicationContext
2025-03-07 23:30:40.998 [main] INFO  o.s.b.w.s.c.ServletWebServerApplicationContext - Root WebApplicationContext: initialization completed in 775 ms
2025-03-07 23:30:41.016 [main] INFO  com.zaxxer.hikari.HikariDataSource - HikariPool-1 - Starting...
2025-03-07 23:30:41.125 [main] INFO  com.zaxxer.hikari.pool.HikariPool - HikariPool-1 - Added connection conn0: url=jdbc:h2:mem:chatdb user=SA
2025-03-07 23:30:41.126 [main] INFO  com.zaxxer.hikari.HikariDataSource - HikariPool-1 - Start completed.
2025-03-07 23:30:41.134 [main] INFO  o.s.b.a.h.H2ConsoleAutoConfiguration - H2 console available at '/h2-console'. Database available at 'jdbc:h2:mem:chatdb'
2025-03-07 23:30:41.210 [main] INFO  o.h.jpa.internal.util.LogHelper - HHH000204: Processing PersistenceUnitInfo [name: default]
2025-03-07 23:30:41.238 [main] INFO  org.hibernate.Version - HHH000412: Hibernate ORM core version 6.4.4.Final
2025-03-07 23:30:41.255 [main] INFO  o.h.c.i.RegionFactoryInitiator - HHH000026: Second-level cache disabled
2025-03-07 23:30:41.386 [main] INFO  o.s.o.j.p.SpringPersistenceUnitInfo - No LoadTimeWeaver setup: ignoring JPA class transformer
2025-03-07 23:30:41.412 [main] WARN  org.hibernate.orm.deprecation - HHH90000025: H2Dialect does not need to be specified explicitly using 'hibernate.dialect' (remove the property setting and it will be selected by default)
2025-03-07 23:30:41.585 [main] INFO  o.h.e.t.j.p.i.JtaPlatformInitiator - HHH000489: No JTA platform available (set 'hibernate.transaction.jta.platform' to enable JTA platform integration)
2025-03-07 23:30:41.588 [main] INFO  o.s.o.j.LocalContainerEntityManagerFactoryBean - Initialized JPA EntityManagerFactory for persistence unit 'default'
2025-03-07 23:30:41.676 [main] DEBUG o.s.w.s.s.s.WebSocketHandlerMapping - Patterns [/ws/**] in 'stompWebSocketHandlerMapping'
2025-03-07 23:30:41.699 [main] WARN  o.s.b.a.o.j.JpaBaseConfiguration$JpaWebConfiguration - spring.jpa.open-in-view is enabled by default. Therefore, database queries may be performed during view rendering. Explicitly configure spring.jpa.open-in-view to disable this warning
2025-03-07 23:30:41.713 [main] DEBUG o.s.w.s.m.WebSocketAnnotationMethodMessageHandler - 
	c.c.c.LogController:
	
2025-03-07 23:30:41.716 [main] DEBUG o.s.w.s.m.WebSocketAnnotationMethodMessageHandler - 
	c.c.c.WebRTCSignalingController:
	{[MESSAGE],[/webrtc/call]}: call(Map,SimpMessageHeaderAccessor)
	{[MESSAGE],[/webrtc/answer]}: answer(WebRTCSignal,SimpMessageHeaderAccessor)
	{[MESSAGE],[/webrtc/hangup]}: hangup(Map,SimpMessageHeaderAccessor)
	{[MESSAGE],[/webrtc/ice-candidate]}: iceCandidate(WebRTCSignal,SimpMessageHeaderAccessor)
	{[MESSAGE],[/webrtc/adjust-bitrate]}: adjustBitrate(WebRTCSignal,SimpMessageHeaderAccessor)
	{[MESSAGE],[/webrtc/config]}: getWebRTCConfig(SimpMessageHeaderAccessor)
2025-03-07 23:30:41.720 [main] DEBUG o.s.w.s.m.WebSocketAnnotationMethodMessageHandler - 
	o.s.b.a.w.s.e.BasicErrorController:
	
2025-03-07 23:30:41.773 [main] DEBUG o.s.w.s.m.m.a.RequestMappingHandlerMapping - 3 mappings in 'requestMappingHandlerMapping'
2025-03-07 23:30:41.793 [main] DEBUG o.s.w.s.h.SimpleUrlHandlerMapping - Patterns [/webjars/**, /**] in 'resourceHandlerMapping'
2025-03-07 23:30:41.809 [main] DEBUG o.s.w.s.m.m.a.RequestMappingHandlerAdapter - ControllerAdvice beans: 0 @ModelAttribute, 0 @InitBinder, 1 RequestBodyAdvice, 1 ResponseBodyAdvice
2025-03-07 23:30:41.824 [main] DEBUG o.s.w.s.m.m.a.ExceptionHandlerExceptionResolver - ControllerAdvice beans: 0 @ExceptionHandler, 1 ResponseBodyAdvice
2025-03-07 23:30:41.887 [main] WARN  o.s.b.a.s.s.UserDetailsServiceAutoConfiguration - 

Using generated security password: 195ccfba-bfff-4eaa-ae34-7075e51bebf7

This generated password is for development use only. Your security configuration must be updated before running your application in production.

2025-03-07 23:30:41.954 [main] INFO  o.s.s.web.DefaultSecurityFilterChain - Will secure any request with [org.springframework.security.web.session.DisableEncodeUrlFilter@8b1170f, org.springframework.security.web.context.request.async.WebAsyncManagerIntegrationFilter@69cb134, org.springframework.security.web.context.SecurityContextHolderFilter@5d04fbb7, org.springframework.security.web.header.HeaderWriterFilter@6c4786af, org.springframework.web.filter.CorsFilter@125124ea, org.springframework.security.web.csrf.CsrfFilter@3aed692d, org.springframework.security.web.authentication.logout.LogoutFilter@6167c42f, org.springframework.security.web.authentication.UsernamePasswordAuthenticationFilter@220cda54, org.springframework.security.web.authentication.ui.DefaultLoginPageGeneratingFilter@b1fa523, org.springframework.security.web.authentication.ui.DefaultLogoutPageGeneratingFilter@314c6f89, org.springframework.security.web.authentication.www.BasicAuthenticationFilter@1842dc39, org.springframework.security.web.savedrequest.RequestCacheAwareFilter@5c7e55a4, org.springframework.security.web.servletapi.SecurityContextHolderAwareRequestFilter@7ae6927, org.springframework.security.web.authentication.AnonymousAuthenticationFilter@31450fc0, org.springframework.security.web.access.ExceptionTranslationFilter@55574295, org.springframework.security.web.access.intercept.AuthorizationFilter@6296e4bf]
2025-03-07 23:30:41.990 [main] INFO  o.a.coyote.http11.Http11NioProtocol - Starting ProtocolHandler ["http-nio-8083"]
2025-03-07 23:30:42.006 [main] INFO  o.s.b.w.e.tomcat.TomcatWebServer - Tomcat started on port 8083 (http) with context path ''
2025-03-07 23:30:42.008 [main] DEBUG org.springframework.web.SimpLogging - clientOutboundChannel added SubProtocolWebSocketHandler[StompSubProtocolHandler[v10.stomp, v11.stomp, v12.stomp]]
2025-03-07 23:30:42.008 [main] DEBUG org.springframework.web.SimpLogging - clientInboundChannel added WebSocketAnnotationMethodMessageHandler[prefixes=[/app/]]
2025-03-07 23:30:42.008 [main] INFO  o.s.m.s.b.SimpleBrokerMessageHandler - Starting...
2025-03-07 23:30:42.008 [main] DEBUG org.springframework.web.SimpLogging - clientInboundChannel added SimpleBrokerMessageHandler [org.springframework.messaging.simp.broker.DefaultSubscriptionRegistry@7fcbc336]
2025-03-07 23:30:42.008 [main] DEBUG org.springframework.web.SimpLogging - brokerChannel added SimpleBrokerMessageHandler [org.springframework.messaging.simp.broker.DefaultSubscriptionRegistry@7fcbc336]
2025-03-07 23:30:42.009 [main] INFO  o.s.m.s.b.SimpleBrokerMessageHandler - BrokerAvailabilityEvent[available=true, SimpleBrokerMessageHandler [org.springframework.messaging.simp.broker.DefaultSubscriptionRegistry@7fcbc336]]
2025-03-07 23:30:42.009 [main] INFO  o.s.m.s.b.SimpleBrokerMessageHandler - Started.
2025-03-07 23:30:42.009 [main] DEBUG org.springframework.web.SimpLogging - clientInboundChannel added UserDestinationMessageHandler[DefaultUserDestinationResolver[prefix=/user/]]
2025-03-07 23:30:42.009 [main] DEBUG org.springframework.web.SimpLogging - brokerChannel added UserDestinationMessageHandler[DefaultUserDestinationResolver[prefix=/user/]]
2025-03-07 23:30:42.013 [main] INFO  com.chatapp.RealtimeChatApplication - Started RealtimeChatApplication in 2.141 seconds (process running for 2.384)
2025-03-07 23:31:42.006 [MessageBroker-1] INFO  o.s.w.s.c.WebSocketMessageBrokerStats - WebSocketSession[0 current WS(0)-HttpStream(0)-HttpPoll(0), 0 total, 0 closed abnormally (0 connect failure, 0 send limit, 0 transport error)], stompSubProtocol[processed CONNECT(0)-CONNECTED(0)-DISCONNECT(0)], stompBrokerRelay[null], inboundChannel[pool size = 0, active threads = 0, queued tasks = 0, completed tasks = 0], outboundChannel[pool size = 0, active threads = 0, queued tasks = 0, completed tasks = 0], sockJsScheduler[pool size = 1, active threads = 1, queued tasks = 0, completed tasks = 0]
