2025-03-08 00:11:23.198 [main] INFO  com.chatapp.RealtimeChatApplication - Starting RealtimeChatApplication v0.0.1-SNAPSHOT using Java 21.0.6 with PID 3204 (D:\Answer\es\backend\target\realtime-chat-0.0.1-SNAPSHOT.jar started by lenovo in D:\Answer\es\backend)
2025-03-08 00:11:23.205 [main] DEBUG com.chatapp.RealtimeChatApplication - Running with Spring Boot v3.2.3, Spring v6.1.4
2025-03-08 00:11:23.205 [main] INFO  com.chatapp.RealtimeChatApplication - No active profile set, falling back to 1 default profile: "default"
2025-03-08 00:11:23.859 [main] INFO  o.s.d.r.c.RepositoryConfigurationDelegate - Bootstrapping Spring Data JPA repositories in DEFAULT mode.
2025-03-08 00:11:23.887 [main] INFO  o.s.d.r.c.RepositoryConfigurationDelegate - Finished Spring Data repository scanning in 13 ms. Found 0 JPA repository interfaces.
2025-03-08 00:11:24.407 [main] INFO  o.s.b.w.e.tomcat.TomcatWebServer - Tomcat initialized with port 8083 (http)
2025-03-08 00:11:24.416 [main] INFO  o.a.coyote.http11.Http11NioProtocol - Initializing ProtocolHandler ["http-nio-8083"]
2025-03-08 00:11:24.418 [main] INFO  o.a.catalina.core.StandardService - Starting service [Tomcat]
2025-03-08 00:11:24.418 [main] INFO  o.a.catalina.core.StandardEngine - Starting Servlet engine: [Apache Tomcat/10.1.19]
2025-03-08 00:11:24.452 [main] INFO  o.a.c.c.C.[Tomcat].[localhost].[/] - Initializing Spring embedded WebApplicationContext
2025-03-08 00:11:24.453 [main] INFO  o.s.b.w.s.c.ServletWebServerApplicationContext - Root WebApplicationContext: initialization completed in 1190 ms
2025-03-08 00:11:24.491 [main] INFO  com.zaxxer.hikari.HikariDataSource - HikariPool-1 - Starting...
2025-03-08 00:11:24.720 [main] INFO  com.zaxxer.hikari.pool.HikariPool - HikariPool-1 - Added connection conn0: url=jdbc:h2:mem:chatdb user=SA
2025-03-08 00:11:24.722 [main] INFO  com.zaxxer.hikari.HikariDataSource - HikariPool-1 - Start completed.
2025-03-08 00:11:24.732 [main] INFO  o.s.b.a.h.H2ConsoleAutoConfiguration - H2 console available at '/h2-console'. Database available at 'jdbc:h2:mem:chatdb'
2025-03-08 00:11:24.903 [main] INFO  o.h.jpa.internal.util.LogHelper - HHH000204: Processing PersistenceUnitInfo [name: default]
2025-03-08 00:11:24.974 [main] INFO  org.hibernate.Version - HHH000412: Hibernate ORM core version 6.4.4.Final
2025-03-08 00:11:25.004 [main] INFO  o.h.c.i.RegionFactoryInitiator - HHH000026: Second-level cache disabled
2025-03-08 00:11:25.168 [main] INFO  o.s.o.j.p.SpringPersistenceUnitInfo - No LoadTimeWeaver setup: ignoring JPA class transformer
2025-03-08 00:11:25.199 [main] WARN  org.hibernate.orm.deprecation - HHH90000025: H2Dialect does not need to be specified explicitly using 'hibernate.dialect' (remove the property setting and it will be selected by default)
2025-03-08 00:11:25.388 [main] INFO  o.h.e.t.j.p.i.JtaPlatformInitiator - HHH000489: No JTA platform available (set 'hibernate.transaction.jta.platform' to enable JTA platform integration)
2025-03-08 00:11:25.391 [main] INFO  o.s.o.j.LocalContainerEntityManagerFactoryBean - Initialized JPA EntityManagerFactory for persistence unit 'default'
2025-03-08 00:11:25.529 [main] DEBUG o.s.w.s.s.s.WebSocketHandlerMapping - Patterns [/ws/**] in 'stompWebSocketHandlerMapping'
2025-03-08 00:11:25.557 [main] WARN  o.s.b.a.o.j.JpaBaseConfiguration$JpaWebConfiguration - spring.jpa.open-in-view is enabled by default. Therefore, database queries may be performed during view rendering. Explicitly configure spring.jpa.open-in-view to disable this warning
2025-03-08 00:11:25.588 [main] DEBUG o.s.w.s.m.WebSocketAnnotationMethodMessageHandler - 
	c.c.c.LogController:
	
2025-03-08 00:11:25.592 [main] DEBUG o.s.w.s.m.WebSocketAnnotationMethodMessageHandler - 
	c.c.c.WebRTCSignalingController:
	{[MESSAGE],[/webrtc/call]}: call(Map,SimpMessageHeaderAccessor)
	{[MESSAGE],[/webrtc/answer]}: answer(WebRTCSignal,SimpMessageHeaderAccessor)
	{[MESSAGE],[/webrtc/hangup]}: hangup(Map,SimpMessageHeaderAccessor)
	{[MESSAGE],[/webrtc/ice-candidate]}: iceCandidate(WebRTCSignal,SimpMessageHeaderAccessor)
	{[MESSAGE],[/webrtc/adjust-bitrate]}: adjustBitrate(WebRTCSignal,SimpMessageHeaderAccessor)
	{[MESSAGE],[/webrtc/config]}: getWebRTCConfig(SimpMessageHeaderAccessor)
2025-03-08 00:11:25.600 [main] DEBUG o.s.w.s.m.WebSocketAnnotationMethodMessageHandler - 
	o.s.b.a.w.s.e.BasicErrorController:
	
2025-03-08 00:11:25.682 [main] DEBUG o.s.w.s.m.m.a.RequestMappingHandlerMapping - 3 mappings in 'requestMappingHandlerMapping'
2025-03-08 00:11:25.719 [main] DEBUG o.s.w.s.h.SimpleUrlHandlerMapping - Patterns [/webjars/**, /**] in 'resourceHandlerMapping'
2025-03-08 00:11:25.754 [main] DEBUG o.s.w.s.m.m.a.RequestMappingHandlerAdapter - ControllerAdvice beans: 0 @ModelAttribute, 0 @InitBinder, 1 RequestBodyAdvice, 1 ResponseBodyAdvice
2025-03-08 00:11:25.791 [main] DEBUG o.s.w.s.m.m.a.ExceptionHandlerExceptionResolver - ControllerAdvice beans: 0 @ExceptionHandler, 1 ResponseBodyAdvice
2025-03-08 00:11:25.920 [main] WARN  o.s.b.a.s.s.UserDetailsServiceAutoConfiguration - 

Using generated security password: 34a733e1-29af-4f46-ad2d-11daf69ae34a

This generated password is for development use only. Your security configuration must be updated before running your application in production.

2025-03-08 00:11:26.057 [main] INFO  o.s.s.web.DefaultSecurityFilterChain - Will secure any request with [org.springframework.security.web.session.DisableEncodeUrlFilter@44c2e8a8, org.springframework.security.web.context.request.async.WebAsyncManagerIntegrationFilter@3340ff7c, org.springframework.security.web.context.SecurityContextHolderFilter@cfc4601, org.springframework.security.web.header.HeaderWriterFilter@291028d7, org.springframework.web.filter.CorsFilter@42e4431, org.springframework.security.web.csrf.CsrfFilter@34e9de8d, org.springframework.security.web.authentication.logout.LogoutFilter@176e839e, org.springframework.security.web.authentication.UsernamePasswordAuthenticationFilter@318511f0, org.springframework.security.web.authentication.ui.DefaultLoginPageGeneratingFilter@49fb693d, org.springframework.security.web.authentication.ui.DefaultLogoutPageGeneratingFilter@5e198c40, org.springframework.security.web.authentication.www.BasicAuthenticationFilter@7120daa6, org.springframework.security.web.savedrequest.RequestCacheAwareFilter@450f0d89, org.springframework.security.web.servletapi.SecurityContextHolderAwareRequestFilter@50a1af86, org.springframework.security.web.authentication.AnonymousAuthenticationFilter@dcdb883, org.springframework.security.web.access.ExceptionTranslationFilter@2e40ea48, org.springframework.security.web.access.intercept.AuthorizationFilter@17e6d07b]
2025-03-08 00:11:26.110 [main] INFO  o.a.coyote.http11.Http11NioProtocol - Starting ProtocolHandler ["http-nio-8083"]
2025-03-08 00:11:26.138 [main] INFO  o.s.b.w.e.tomcat.TomcatWebServer - Tomcat started on port 8083 (http) with context path ''
2025-03-08 00:11:26.140 [main] DEBUG org.springframework.web.SimpLogging - clientOutboundChannel added SubProtocolWebSocketHandler[StompSubProtocolHandler[v10.stomp, v11.stomp, v12.stomp]]
2025-03-08 00:11:26.141 [main] DEBUG org.springframework.web.SimpLogging - clientInboundChannel added WebSocketAnnotationMethodMessageHandler[prefixes=[/app/]]
2025-03-08 00:11:26.141 [main] INFO  o.s.m.s.b.SimpleBrokerMessageHandler - Starting...
2025-03-08 00:11:26.141 [main] DEBUG org.springframework.web.SimpLogging - clientInboundChannel added SimpleBrokerMessageHandler [org.springframework.messaging.simp.broker.DefaultSubscriptionRegistry@4ba1f425]
2025-03-08 00:11:26.141 [main] DEBUG org.springframework.web.SimpLogging - brokerChannel added SimpleBrokerMessageHandler [org.springframework.messaging.simp.broker.DefaultSubscriptionRegistry@4ba1f425]
2025-03-08 00:11:26.141 [main] INFO  o.s.m.s.b.SimpleBrokerMessageHandler - BrokerAvailabilityEvent[available=true, SimpleBrokerMessageHandler [org.springframework.messaging.simp.broker.DefaultSubscriptionRegistry@4ba1f425]]
2025-03-08 00:11:26.141 [main] INFO  o.s.m.s.b.SimpleBrokerMessageHandler - Started.
2025-03-08 00:11:26.141 [main] DEBUG org.springframework.web.SimpLogging - clientInboundChannel added UserDestinationMessageHandler[DefaultUserDestinationResolver[prefix=/user/]]
2025-03-08 00:11:26.141 [main] DEBUG org.springframework.web.SimpLogging - brokerChannel added UserDestinationMessageHandler[DefaultUserDestinationResolver[prefix=/user/]]
2025-03-08 00:11:26.153 [main] INFO  com.chatapp.RealtimeChatApplication - Started RealtimeChatApplication in 3.469 seconds (process running for 3.959)
2025-03-08 00:12:26.152 [MessageBroker-1] INFO  o.s.w.s.c.WebSocketMessageBrokerStats - WebSocketSession[0 current WS(0)-HttpStream(0)-HttpPoll(0), 0 total, 0 closed abnormally (0 connect failure, 0 send limit, 0 transport error)], stompSubProtocol[processed CONNECT(0)-CONNECTED(0)-DISCONNECT(0)], stompBrokerRelay[null], inboundChannel[pool size = 0, active threads = 0, queued tasks = 0, completed tasks = 0], outboundChannel[pool size = 0, active threads = 0, queued tasks = 0, completed tasks = 0], sockJsScheduler[pool size = 1, active threads = 1, queued tasks = 0, completed tasks = 0]
2025-03-08 00:14:16.600 [main] INFO  com.chatapp.RealtimeChatApplication - Starting RealtimeChatApplication v0.0.1-SNAPSHOT using Java 21.0.6 with PID 3344 (D:\Answer\es\backend\target\realtime-chat-0.0.1-SNAPSHOT.jar started by lenovo in D:\Answer\es\backend)
2025-03-08 00:14:16.601 [main] DEBUG com.chatapp.RealtimeChatApplication - Running with Spring Boot v3.2.3, Spring v6.1.4
2025-03-08 00:14:16.602 [main] INFO  com.chatapp.RealtimeChatApplication - No active profile set, falling back to 1 default profile: "default"
2025-03-08 00:14:17.254 [main] INFO  o.s.d.r.c.RepositoryConfigurationDelegate - Bootstrapping Spring Data JPA repositories in DEFAULT mode.
2025-03-08 00:14:17.272 [main] INFO  o.s.d.r.c.RepositoryConfigurationDelegate - Finished Spring Data repository scanning in 10 ms. Found 0 JPA repository interfaces.
2025-03-08 00:14:17.759 [main] INFO  o.s.b.w.e.tomcat.TomcatWebServer - Tomcat initialized with port 8083 (http)
2025-03-08 00:14:17.770 [main] INFO  o.a.coyote.http11.Http11NioProtocol - Initializing ProtocolHandler ["http-nio-8083"]
2025-03-08 00:14:17.772 [main] INFO  o.a.catalina.core.StandardService - Starting service [Tomcat]
2025-03-08 00:14:17.772 [main] INFO  o.a.catalina.core.StandardEngine - Starting Servlet engine: [Apache Tomcat/10.1.19]
2025-03-08 00:14:17.800 [main] INFO  o.a.c.c.C.[Tomcat].[localhost].[/] - Initializing Spring embedded WebApplicationContext
2025-03-08 00:14:17.801 [main] INFO  o.s.b.w.s.c.ServletWebServerApplicationContext - Root WebApplicationContext: initialization completed in 1144 ms
2025-03-08 00:14:17.835 [main] INFO  com.zaxxer.hikari.HikariDataSource - HikariPool-1 - Starting...
2025-03-08 00:14:18.049 [main] INFO  com.zaxxer.hikari.pool.HikariPool - HikariPool-1 - Added connection conn0: url=jdbc:h2:mem:chatdb user=SA
2025-03-08 00:14:18.051 [main] INFO  com.zaxxer.hikari.HikariDataSource - HikariPool-1 - Start completed.
2025-03-08 00:14:18.059 [main] INFO  o.s.b.a.h.H2ConsoleAutoConfiguration - H2 console available at '/h2-console'. Database available at 'jdbc:h2:mem:chatdb'
2025-03-08 00:14:18.229 [main] INFO  o.h.jpa.internal.util.LogHelper - HHH000204: Processing PersistenceUnitInfo [name: default]
2025-03-08 00:14:18.285 [main] INFO  org.hibernate.Version - HHH000412: Hibernate ORM core version 6.4.4.Final
2025-03-08 00:14:18.312 [main] INFO  o.h.c.i.RegionFactoryInitiator - HHH000026: Second-level cache disabled
2025-03-08 00:14:18.486 [main] INFO  o.s.o.j.p.SpringPersistenceUnitInfo - No LoadTimeWeaver setup: ignoring JPA class transformer
2025-03-08 00:14:18.521 [main] WARN  org.hibernate.orm.deprecation - HHH90000025: H2Dialect does not need to be specified explicitly using 'hibernate.dialect' (remove the property setting and it will be selected by default)
2025-03-08 00:14:18.706 [main] INFO  o.h.e.t.j.p.i.JtaPlatformInitiator - HHH000489: No JTA platform available (set 'hibernate.transaction.jta.platform' to enable JTA platform integration)
2025-03-08 00:14:18.709 [main] INFO  o.s.o.j.LocalContainerEntityManagerFactoryBean - Initialized JPA EntityManagerFactory for persistence unit 'default'
2025-03-08 00:14:18.831 [main] DEBUG o.s.w.s.s.s.WebSocketHandlerMapping - Patterns [/ws/**] in 'stompWebSocketHandlerMapping'
2025-03-08 00:14:18.875 [main] WARN  o.s.b.a.o.j.JpaBaseConfiguration$JpaWebConfiguration - spring.jpa.open-in-view is enabled by default. Therefore, database queries may be performed during view rendering. Explicitly configure spring.jpa.open-in-view to disable this warning
2025-03-08 00:14:18.902 [main] DEBUG o.s.w.s.m.WebSocketAnnotationMethodMessageHandler - 
	c.c.c.LogController:
	
2025-03-08 00:14:18.905 [main] DEBUG o.s.w.s.m.WebSocketAnnotationMethodMessageHandler - 
	c.c.c.WebRTCSignalingController:
	{[MESSAGE],[/webrtc/call]}: call(Map,SimpMessageHeaderAccessor)
	{[MESSAGE],[/webrtc/answer]}: answer(WebRTCSignal,SimpMessageHeaderAccessor)
	{[MESSAGE],[/webrtc/hangup]}: hangup(Map,SimpMessageHeaderAccessor)
	{[MESSAGE],[/webrtc/config]}: getWebRTCConfig(SimpMessageHeaderAccessor)
	{[MESSAGE],[/webrtc/ice-candidate]}: iceCandidate(WebRTCSignal,SimpMessageHeaderAccessor)
	{[MESSAGE],[/webrtc/adjust-bitrate]}: adjustBitrate(WebRTCSignal,SimpMessageHeaderAccessor)
2025-03-08 00:14:18.910 [main] DEBUG o.s.w.s.m.WebSocketAnnotationMethodMessageHandler - 
	o.s.b.a.w.s.e.BasicErrorController:
	
2025-03-08 00:14:18.994 [main] DEBUG o.s.w.s.m.m.a.RequestMappingHandlerMapping - 3 mappings in 'requestMappingHandlerMapping'
2025-03-08 00:14:19.027 [main] DEBUG o.s.w.s.h.SimpleUrlHandlerMapping - Patterns [/webjars/**, /**] in 'resourceHandlerMapping'
2025-03-08 00:14:19.055 [main] DEBUG o.s.w.s.m.m.a.RequestMappingHandlerAdapter - ControllerAdvice beans: 0 @ModelAttribute, 0 @InitBinder, 1 RequestBodyAdvice, 1 ResponseBodyAdvice
2025-03-08 00:14:19.088 [main] DEBUG o.s.w.s.m.m.a.ExceptionHandlerExceptionResolver - ControllerAdvice beans: 0 @ExceptionHandler, 1 ResponseBodyAdvice
2025-03-08 00:14:19.218 [main] WARN  o.s.b.a.s.s.UserDetailsServiceAutoConfiguration - 

Using generated security password: 71b55c28-d30f-460a-94d8-bd7a605dfbc9

This generated password is for development use only. Your security configuration must be updated before running your application in production.

2025-03-08 00:14:19.318 [main] INFO  o.s.s.web.DefaultSecurityFilterChain - Will secure any request with [org.springframework.security.web.session.DisableEncodeUrlFilter@450f0d89, org.springframework.security.web.context.request.async.WebAsyncManagerIntegrationFilter@50a1af86, org.springframework.security.web.context.SecurityContextHolderFilter@69cb134, org.springframework.security.web.header.HeaderWriterFilter@6a7fc4c1, org.springframework.web.filter.CorsFilter@3e0327dd, org.springframework.security.web.csrf.CsrfFilter@3cae4518, org.springframework.security.web.authentication.logout.LogoutFilter@6c1a63f7, org.springframework.security.web.authentication.UsernamePasswordAuthenticationFilter@6b94c200, org.springframework.security.web.authentication.ui.DefaultLoginPageGeneratingFilter@480994d3, org.springframework.security.web.authentication.ui.DefaultLogoutPageGeneratingFilter@ebff59d, org.springframework.security.web.authentication.www.BasicAuthenticationFilter@2f2f92f, org.springframework.security.web.savedrequest.RequestCacheAwareFilter@314c6f89, org.springframework.security.web.servletapi.SecurityContextHolderAwareRequestFilter@31450fc0, org.springframework.security.web.authentication.AnonymousAuthenticationFilter@3361d286, org.springframework.security.web.access.ExceptionTranslationFilter@550f522b, org.springframework.security.web.access.intercept.AuthorizationFilter@3ec211cc]
2025-03-08 00:14:19.364 [main] INFO  o.a.coyote.http11.Http11NioProtocol - Starting ProtocolHandler ["http-nio-8083"]
2025-03-08 00:14:19.391 [main] INFO  o.s.b.w.e.tomcat.TomcatWebServer - Tomcat started on port 8083 (http) with context path ''
2025-03-08 00:14:19.393 [main] DEBUG org.springframework.web.SimpLogging - clientOutboundChannel added SubProtocolWebSocketHandler[StompSubProtocolHandler[v10.stomp, v11.stomp, v12.stomp]]
2025-03-08 00:14:19.393 [main] DEBUG org.springframework.web.SimpLogging - clientInboundChannel added WebSocketAnnotationMethodMessageHandler[prefixes=[/app/]]
2025-03-08 00:14:19.393 [main] INFO  o.s.m.s.b.SimpleBrokerMessageHandler - Starting...
2025-03-08 00:14:19.394 [main] DEBUG org.springframework.web.SimpLogging - clientInboundChannel added SimpleBrokerMessageHandler [org.springframework.messaging.simp.broker.DefaultSubscriptionRegistry@52dd1be2]
2025-03-08 00:14:19.394 [main] DEBUG org.springframework.web.SimpLogging - brokerChannel added SimpleBrokerMessageHandler [org.springframework.messaging.simp.broker.DefaultSubscriptionRegistry@52dd1be2]
2025-03-08 00:14:19.394 [main] INFO  o.s.m.s.b.SimpleBrokerMessageHandler - BrokerAvailabilityEvent[available=true, SimpleBrokerMessageHandler [org.springframework.messaging.simp.broker.DefaultSubscriptionRegistry@52dd1be2]]
2025-03-08 00:14:19.394 [main] INFO  o.s.m.s.b.SimpleBrokerMessageHandler - Started.
2025-03-08 00:14:19.394 [main] DEBUG org.springframework.web.SimpLogging - clientInboundChannel added UserDestinationMessageHandler[DefaultUserDestinationResolver[prefix=/user/]]
2025-03-08 00:14:19.394 [main] DEBUG org.springframework.web.SimpLogging - brokerChannel added UserDestinationMessageHandler[DefaultUserDestinationResolver[prefix=/user/]]
2025-03-08 00:14:19.409 [main] INFO  com.chatapp.RealtimeChatApplication - Started RealtimeChatApplication in 3.275 seconds (process running for 3.762)
2025-03-08 00:15:19.378 [MessageBroker-1] INFO  o.s.w.s.c.WebSocketMessageBrokerStats - WebSocketSession[0 current WS(0)-HttpStream(0)-HttpPoll(0), 0 total, 0 closed abnormally (0 connect failure, 0 send limit, 0 transport error)], stompSubProtocol[processed CONNECT(0)-CONNECTED(0)-DISCONNECT(0)], stompBrokerRelay[null], inboundChannel[pool size = 0, active threads = 0, queued tasks = 0, completed tasks = 0], outboundChannel[pool size = 0, active threads = 0, queued tasks = 0, completed tasks = 0], sockJsScheduler[pool size = 1, active threads = 1, queued tasks = 0, completed tasks = 0]
2025-03-08 00:17:32.930 [SpringApplicationShutdownHook] DEBUG org.springframework.web.SimpLogging - clientOutboundChannel removed SubProtocolWebSocketHandler[StompSubProtocolHandler[v10.stomp, v11.stomp, v12.stomp]]
2025-03-08 00:17:32.930 [SpringApplicationShutdownHook] DEBUG org.springframework.web.SimpLogging - clientInboundChannel removed WebSocketAnnotationMethodMessageHandler[prefixes=[/app/]]
2025-03-08 00:17:32.931 [SpringApplicationShutdownHook] INFO  o.s.m.s.b.SimpleBrokerMessageHandler - Stopping...
2025-03-08 00:17:32.931 [SpringApplicationShutdownHook] INFO  o.s.m.s.b.SimpleBrokerMessageHandler - BrokerAvailabilityEvent[available=false, SimpleBrokerMessageHandler [org.springframework.messaging.simp.broker.DefaultSubscriptionRegistry@52dd1be2]]
2025-03-08 00:17:32.931 [SpringApplicationShutdownHook] DEBUG org.springframework.web.SimpLogging - clientInboundChannel removed SimpleBrokerMessageHandler [org.springframework.messaging.simp.broker.DefaultSubscriptionRegistry@52dd1be2]
2025-03-08 00:17:32.931 [SpringApplicationShutdownHook] DEBUG org.springframework.web.SimpLogging - brokerChannel removed SimpleBrokerMessageHandler [org.springframework.messaging.simp.broker.DefaultSubscriptionRegistry@52dd1be2]
2025-03-08 00:17:32.932 [SpringApplicationShutdownHook] INFO  o.s.m.s.b.SimpleBrokerMessageHandler - Stopped.
2025-03-08 00:17:32.932 [SpringApplicationShutdownHook] DEBUG org.springframework.web.SimpLogging - clientInboundChannel removed UserDestinationMessageHandler[DefaultUserDestinationResolver[prefix=/user/]]
2025-03-08 00:17:32.932 [SpringApplicationShutdownHook] DEBUG org.springframework.web.SimpLogging - brokerChannel removed UserDestinationMessageHandler[DefaultUserDestinationResolver[prefix=/user/]]
2025-03-08 00:17:32.962 [SpringApplicationShutdownHook] INFO  o.s.o.j.LocalContainerEntityManagerFactoryBean - Closing JPA EntityManagerFactory for persistence unit 'default'
2025-03-08 00:17:32.968 [SpringApplicationShutdownHook] INFO  com.zaxxer.hikari.HikariDataSource - HikariPool-1 - Shutdown initiated...
2025-03-08 00:17:32.974 [SpringApplicationShutdownHook] INFO  com.zaxxer.hikari.HikariDataSource - HikariPool-1 - Shutdown completed.
2025-03-08 00:17:41.672 [main] INFO  com.chatapp.RealtimeChatApplication - Starting RealtimeChatApplication v0.0.1-SNAPSHOT using Java 21.0.6 with PID 2556 (D:\Answer\es\backend\target\realtime-chat-0.0.1-SNAPSHOT.jar started by lenovo in D:\Answer\es\backend)
2025-03-08 00:17:41.673 [main] DEBUG com.chatapp.RealtimeChatApplication - Running with Spring Boot v3.2.3, Spring v6.1.4
2025-03-08 00:17:41.675 [main] INFO  com.chatapp.RealtimeChatApplication - No active profile set, falling back to 1 default profile: "default"
2025-03-08 00:17:42.339 [main] INFO  o.s.d.r.c.RepositoryConfigurationDelegate - Bootstrapping Spring Data JPA repositories in DEFAULT mode.
2025-03-08 00:17:42.354 [main] INFO  o.s.d.r.c.RepositoryConfigurationDelegate - Finished Spring Data repository scanning in 9 ms. Found 0 JPA repository interfaces.
2025-03-08 00:17:42.846 [main] INFO  o.s.b.w.e.tomcat.TomcatWebServer - Tomcat initialized with port 8083 (http)
2025-03-08 00:17:42.854 [main] INFO  o.a.coyote.http11.Http11NioProtocol - Initializing ProtocolHandler ["http-nio-8083"]
2025-03-08 00:17:42.857 [main] INFO  o.a.catalina.core.StandardService - Starting service [Tomcat]
2025-03-08 00:17:42.857 [main] INFO  o.a.catalina.core.StandardEngine - Starting Servlet engine: [Apache Tomcat/10.1.19]
2025-03-08 00:17:42.892 [main] INFO  o.a.c.c.C.[Tomcat].[localhost].[/] - Initializing Spring embedded WebApplicationContext
2025-03-08 00:17:42.892 [main] INFO  o.s.b.w.s.c.ServletWebServerApplicationContext - Root WebApplicationContext: initialization completed in 1165 ms
2025-03-08 00:17:42.927 [main] INFO  com.zaxxer.hikari.HikariDataSource - HikariPool-1 - Starting...
2025-03-08 00:17:43.159 [main] INFO  com.zaxxer.hikari.pool.HikariPool - HikariPool-1 - Added connection conn0: url=jdbc:h2:mem:chatdb user=SA
2025-03-08 00:17:43.160 [main] INFO  com.zaxxer.hikari.HikariDataSource - HikariPool-1 - Start completed.
2025-03-08 00:17:43.170 [main] INFO  o.s.b.a.h.H2ConsoleAutoConfiguration - H2 console available at '/h2-console'. Database available at 'jdbc:h2:mem:chatdb'
2025-03-08 00:17:43.365 [main] INFO  o.h.jpa.internal.util.LogHelper - HHH000204: Processing PersistenceUnitInfo [name: default]
2025-03-08 00:17:43.466 [main] INFO  org.hibernate.Version - HHH000412: Hibernate ORM core version 6.4.4.Final
2025-03-08 00:17:43.491 [main] INFO  o.h.c.i.RegionFactoryInitiator - HHH000026: Second-level cache disabled
2025-03-08 00:17:43.644 [main] INFO  o.s.o.j.p.SpringPersistenceUnitInfo - No LoadTimeWeaver setup: ignoring JPA class transformer
2025-03-08 00:17:43.672 [main] WARN  org.hibernate.orm.deprecation - HHH90000025: H2Dialect does not need to be specified explicitly using 'hibernate.dialect' (remove the property setting and it will be selected by default)
2025-03-08 00:17:43.856 [main] INFO  o.h.e.t.j.p.i.JtaPlatformInitiator - HHH000489: No JTA platform available (set 'hibernate.transaction.jta.platform' to enable JTA platform integration)
2025-03-08 00:17:43.859 [main] INFO  o.s.o.j.LocalContainerEntityManagerFactoryBean - Initialized JPA EntityManagerFactory for persistence unit 'default'
2025-03-08 00:17:43.982 [main] DEBUG o.s.w.s.s.s.WebSocketHandlerMapping - Patterns [/ws/**] in 'stompWebSocketHandlerMapping'
2025-03-08 00:17:44.034 [main] WARN  o.s.b.a.o.j.JpaBaseConfiguration$JpaWebConfiguration - spring.jpa.open-in-view is enabled by default. Therefore, database queries may be performed during view rendering. Explicitly configure spring.jpa.open-in-view to disable this warning
2025-03-08 00:17:44.059 [main] DEBUG o.s.w.s.m.WebSocketAnnotationMethodMessageHandler - 
	c.c.c.LogController:
	
2025-03-08 00:17:44.064 [main] DEBUG o.s.w.s.m.WebSocketAnnotationMethodMessageHandler - 
	c.c.c.WebRTCSignalingController:
	{[MESSAGE],[/webrtc/call]}: call(Map,SimpMessageHeaderAccessor)
	{[MESSAGE],[/webrtc/answer]}: answer(WebRTCSignal,SimpMessageHeaderAccessor)
	{[MESSAGE],[/webrtc/hangup]}: hangup(Map,SimpMessageHeaderAccessor)
	{[MESSAGE],[/webrtc/ice-candidate]}: iceCandidate(WebRTCSignal,SimpMessageHeaderAccessor)
	{[MESSAGE],[/webrtc/adjust-bitrate]}: adjustBitrate(WebRTCSignal,SimpMessageHeaderAccessor)
	{[MESSAGE],[/webrtc/config]}: getWebRTCConfig(SimpMessageHeaderAccessor)
2025-03-08 00:17:44.069 [main] DEBUG o.s.w.s.m.WebSocketAnnotationMethodMessageHandler - 
	o.s.b.a.w.s.e.BasicErrorController:
	
2025-03-08 00:17:44.167 [main] DEBUG o.s.w.s.m.m.a.RequestMappingHandlerMapping - 3 mappings in 'requestMappingHandlerMapping'
2025-03-08 00:17:44.206 [main] DEBUG o.s.w.s.h.SimpleUrlHandlerMapping - Patterns [/webjars/**, /**] in 'resourceHandlerMapping'
2025-03-08 00:17:44.234 [main] DEBUG o.s.w.s.m.m.a.RequestMappingHandlerAdapter - ControllerAdvice beans: 0 @ModelAttribute, 0 @InitBinder, 1 RequestBodyAdvice, 1 ResponseBodyAdvice
2025-03-08 00:17:44.266 [main] DEBUG o.s.w.s.m.m.a.ExceptionHandlerExceptionResolver - ControllerAdvice beans: 0 @ExceptionHandler, 1 ResponseBodyAdvice
2025-03-08 00:17:44.379 [main] WARN  o.s.b.a.s.s.UserDetailsServiceAutoConfiguration - 

Using generated security password: 1ddc9c40-3d61-48bd-aef6-157712e158d5

This generated password is for development use only. Your security configuration must be updated before running your application in production.

2025-03-08 00:17:44.500 [main] INFO  o.s.s.web.DefaultSecurityFilterChain - Will secure any request with [org.springframework.security.web.session.DisableEncodeUrlFilter@3e0327dd, org.springframework.security.web.context.request.async.WebAsyncManagerIntegrationFilter@ebff59d, org.springframework.security.web.context.SecurityContextHolderFilter@314c6f89, org.springframework.security.web.header.HeaderWriterFilter@8b1170f, org.springframework.web.filter.CorsFilter@3361d286, org.springframework.security.web.csrf.CsrfFilter@121dac1a, org.springframework.security.web.authentication.logout.LogoutFilter@72240290, org.springframework.security.web.authentication.UsernamePasswordAuthenticationFilter@6a97517, org.springframework.security.web.authentication.ui.DefaultLoginPageGeneratingFilter@a5d23c9, org.springframework.security.web.authentication.ui.DefaultLogoutPageGeneratingFilter@6ee186f3, org.springframework.security.web.authentication.www.BasicAuthenticationFilter@240291d9, org.springframework.security.web.savedrequest.RequestCacheAwareFilter@52b30dcd, org.springframework.security.web.servletapi.SecurityContextHolderAwareRequestFilter@49de1505, org.springframework.security.web.authentication.AnonymousAuthenticationFilter@49fb693d, org.springframework.security.web.access.ExceptionTranslationFilter@6a7fc4c1, org.springframework.security.web.access.intercept.AuthorizationFilter@1322b542]
2025-03-08 00:17:44.549 [main] INFO  o.a.coyote.http11.Http11NioProtocol - Starting ProtocolHandler ["http-nio-8083"]
2025-03-08 00:17:44.572 [main] INFO  o.s.b.w.e.tomcat.TomcatWebServer - Tomcat started on port 8083 (http) with context path ''
2025-03-08 00:17:44.574 [main] DEBUG org.springframework.web.SimpLogging - clientOutboundChannel added SubProtocolWebSocketHandler[StompSubProtocolHandler[v10.stomp, v11.stomp, v12.stomp]]
2025-03-08 00:17:44.574 [main] DEBUG org.springframework.web.SimpLogging - clientInboundChannel added WebSocketAnnotationMethodMessageHandler[prefixes=[/app/]]
2025-03-08 00:17:44.574 [main] INFO  o.s.m.s.b.SimpleBrokerMessageHandler - Starting...
2025-03-08 00:17:44.575 [main] DEBUG org.springframework.web.SimpLogging - clientInboundChannel added SimpleBrokerMessageHandler [org.springframework.messaging.simp.broker.DefaultSubscriptionRegistry@2ae88712]
2025-03-08 00:17:44.575 [main] DEBUG org.springframework.web.SimpLogging - brokerChannel added SimpleBrokerMessageHandler [org.springframework.messaging.simp.broker.DefaultSubscriptionRegistry@2ae88712]
2025-03-08 00:17:44.575 [main] INFO  o.s.m.s.b.SimpleBrokerMessageHandler - BrokerAvailabilityEvent[available=true, SimpleBrokerMessageHandler [org.springframework.messaging.simp.broker.DefaultSubscriptionRegistry@2ae88712]]
2025-03-08 00:17:44.575 [main] INFO  o.s.m.s.b.SimpleBrokerMessageHandler - Started.
2025-03-08 00:17:44.576 [main] DEBUG org.springframework.web.SimpLogging - clientInboundChannel added UserDestinationMessageHandler[DefaultUserDestinationResolver[prefix=/user/]]
2025-03-08 00:17:44.576 [main] DEBUG org.springframework.web.SimpLogging - brokerChannel added UserDestinationMessageHandler[DefaultUserDestinationResolver[prefix=/user/]]
2025-03-08 00:17:44.592 [main] INFO  com.chatapp.RealtimeChatApplication - Started RealtimeChatApplication in 3.38 seconds (process running for 3.839)
2025-03-08 00:18:44.576 [MessageBroker-1] INFO  o.s.w.s.c.WebSocketMessageBrokerStats - WebSocketSession[0 current WS(0)-HttpStream(0)-HttpPoll(0), 0 total, 0 closed abnormally (0 connect failure, 0 send limit, 0 transport error)], stompSubProtocol[processed CONNECT(0)-CONNECTED(0)-DISCONNECT(0)], stompBrokerRelay[null], inboundChannel[pool size = 0, active threads = 0, queued tasks = 0, completed tasks = 0], outboundChannel[pool size = 0, active threads = 0, queued tasks = 0, completed tasks = 0], sockJsScheduler[pool size = 1, active threads = 1, queued tasks = 0, completed tasks = 0]
2025-03-08 00:25:58.027 [main] INFO  com.chatapp.RealtimeChatApplication - Starting RealtimeChatApplication v0.0.1-SNAPSHOT using Java 21.0.6 with PID 20156 (D:\Answer\es\backend\target\realtime-chat-0.0.1-SNAPSHOT.jar started by lenovo in D:\Answer\es\backend)
2025-03-08 00:25:58.029 [main] DEBUG com.chatapp.RealtimeChatApplication - Running with Spring Boot v3.2.3, Spring v6.1.4
2025-03-08 00:25:58.030 [main] INFO  com.chatapp.RealtimeChatApplication - No active profile set, falling back to 1 default profile: "default"
2025-03-08 00:25:58.752 [main] INFO  o.s.d.r.c.RepositoryConfigurationDelegate - Bootstrapping Spring Data JPA repositories in DEFAULT mode.
2025-03-08 00:25:58.770 [main] INFO  o.s.d.r.c.RepositoryConfigurationDelegate - Finished Spring Data repository scanning in 11 ms. Found 0 JPA repository interfaces.
2025-03-08 00:25:59.317 [main] INFO  o.s.b.w.e.tomcat.TomcatWebServer - Tomcat initialized with port 8083 (http)
2025-03-08 00:25:59.327 [main] INFO  o.a.coyote.http11.Http11NioProtocol - Initializing ProtocolHandler ["http-nio-8083"]
2025-03-08 00:25:59.331 [main] INFO  o.a.catalina.core.StandardService - Starting service [Tomcat]
2025-03-08 00:25:59.331 [main] INFO  o.a.catalina.core.StandardEngine - Starting Servlet engine: [Apache Tomcat/10.1.19]
2025-03-08 00:25:59.368 [main] INFO  o.a.c.c.C.[Tomcat].[localhost].[/] - Initializing Spring embedded WebApplicationContext
2025-03-08 00:25:59.369 [main] INFO  o.s.b.w.s.c.ServletWebServerApplicationContext - Root WebApplicationContext: initialization completed in 1273 ms
2025-03-08 00:25:59.402 [main] INFO  com.zaxxer.hikari.HikariDataSource - HikariPool-1 - Starting...
2025-03-08 00:25:59.648 [main] INFO  com.zaxxer.hikari.pool.HikariPool - HikariPool-1 - Added connection conn0: url=jdbc:h2:mem:chatdb user=SA
2025-03-08 00:25:59.650 [main] INFO  com.zaxxer.hikari.HikariDataSource - HikariPool-1 - Start completed.
2025-03-08 00:25:59.659 [main] INFO  o.s.b.a.h.H2ConsoleAutoConfiguration - H2 console available at '/h2-console'. Database available at 'jdbc:h2:mem:chatdb'
2025-03-08 00:25:59.927 [main] INFO  o.h.jpa.internal.util.LogHelper - HHH000204: Processing PersistenceUnitInfo [name: default]
2025-03-08 00:26:00.007 [main] INFO  org.hibernate.Version - HHH000412: Hibernate ORM core version 6.4.4.Final
2025-03-08 00:26:00.034 [main] INFO  o.h.c.i.RegionFactoryInitiator - HHH000026: Second-level cache disabled
2025-03-08 00:26:00.308 [main] INFO  o.s.o.j.p.SpringPersistenceUnitInfo - No LoadTimeWeaver setup: ignoring JPA class transformer
2025-03-08 00:26:00.351 [main] WARN  org.hibernate.orm.deprecation - HHH90000025: H2Dialect does not need to be specified explicitly using 'hibernate.dialect' (remove the property setting and it will be selected by default)
2025-03-08 00:26:00.559 [main] INFO  o.h.e.t.j.p.i.JtaPlatformInitiator - HHH000489: No JTA platform available (set 'hibernate.transaction.jta.platform' to enable JTA platform integration)
2025-03-08 00:26:00.563 [main] INFO  o.s.o.j.LocalContainerEntityManagerFactoryBean - Initialized JPA EntityManagerFactory for persistence unit 'default'
2025-03-08 00:26:00.695 [main] DEBUG o.s.w.s.s.s.WebSocketHandlerMapping - Patterns [/ws/**] in 'stompWebSocketHandlerMapping'
2025-03-08 00:26:00.734 [main] WARN  o.s.b.a.o.j.JpaBaseConfiguration$JpaWebConfiguration - spring.jpa.open-in-view is enabled by default. Therefore, database queries may be performed during view rendering. Explicitly configure spring.jpa.open-in-view to disable this warning
2025-03-08 00:26:00.771 [main] DEBUG o.s.w.s.m.WebSocketAnnotationMethodMessageHandler - 
	c.c.c.LogController:
	
2025-03-08 00:26:00.775 [main] DEBUG o.s.w.s.m.WebSocketAnnotationMethodMessageHandler - 
	c.c.c.WebRTCSignalingController:
	{[MESSAGE],[/webrtc/call]}: call(Map,SimpMessageHeaderAccessor)
	{[MESSAGE],[/webrtc/answer]}: answer(WebRTCSignal,SimpMessageHeaderAccessor)
	{[MESSAGE],[/webrtc/config]}: getWebRTCConfig(SimpMessageHeaderAccessor)
	{[MESSAGE],[/webrtc/ice-candidate]}: iceCandidate(WebRTCSignal,SimpMessageHeaderAccessor)
	{[MESSAGE],[/webrtc/adjust-bitrate]}: adjustBitrate(WebRTCSignal,SimpMessageHeaderAccessor)
	{[MESSAGE],[/webrtc/hangup]}: hangup(Map,SimpMessageHeaderAccessor)
2025-03-08 00:26:00.782 [main] DEBUG o.s.w.s.m.WebSocketAnnotationMethodMessageHandler - 
	o.s.b.a.w.s.e.BasicErrorController:
	
2025-03-08 00:26:00.878 [main] DEBUG o.s.w.s.m.m.a.RequestMappingHandlerMapping - 3 mappings in 'requestMappingHandlerMapping'
2025-03-08 00:26:00.915 [main] DEBUG o.s.w.s.h.SimpleUrlHandlerMapping - Patterns [/webjars/**, /**] in 'resourceHandlerMapping'
2025-03-08 00:26:00.956 [main] DEBUG o.s.w.s.m.m.a.RequestMappingHandlerAdapter - ControllerAdvice beans: 0 @ModelAttribute, 0 @InitBinder, 1 RequestBodyAdvice, 1 ResponseBodyAdvice
2025-03-08 00:26:00.992 [main] DEBUG o.s.w.s.m.m.a.ExceptionHandlerExceptionResolver - ControllerAdvice beans: 0 @ExceptionHandler, 1 ResponseBodyAdvice
2025-03-08 00:26:01.148 [main] WARN  o.s.b.a.s.s.UserDetailsServiceAutoConfiguration - 

Using generated security password: ef09022f-8fbc-450a-a303-e72ea02c11a2

This generated password is for development use only. Your security configuration must be updated before running your application in production.

2025-03-08 00:26:01.269 [main] INFO  o.s.s.web.DefaultSecurityFilterChain - Will secure any request with [org.springframework.security.web.session.DisableEncodeUrlFilter@38197e82, org.springframework.security.web.context.request.async.WebAsyncManagerIntegrationFilter@5516ee5, org.springframework.security.web.context.SecurityContextHolderFilter@29e3c28, org.springframework.security.web.header.HeaderWriterFilter@52b30dcd, org.springframework.web.filter.CorsFilter@6765b6a2, org.springframework.security.web.csrf.CsrfFilter@6296e4bf, org.springframework.security.web.authentication.logout.LogoutFilter@7204d98f, org.springframework.security.web.authentication.UsernamePasswordAuthenticationFilter@5cba474f, org.springframework.security.web.authentication.ui.DefaultLoginPageGeneratingFilter@29431f61, org.springframework.security.web.authentication.ui.DefaultLogoutPageGeneratingFilter@75c589f2, org.springframework.security.web.authentication.www.BasicAuthenticationFilter@3361d286, org.springframework.security.web.savedrequest.RequestCacheAwareFilter@7146c6ea, org.springframework.security.web.servletapi.SecurityContextHolderAwareRequestFilter@a5d23c9, org.springframework.security.web.authentication.AnonymousAuthenticationFilter@6db04a6, org.springframework.security.web.access.ExceptionTranslationFilter@314c6f89, org.springframework.security.web.access.intercept.AuthorizationFilter@2e40ea48]
2025-03-08 00:26:01.315 [main] INFO  o.a.coyote.http11.Http11NioProtocol - Starting ProtocolHandler ["http-nio-8083"]
2025-03-08 00:26:01.344 [main] INFO  o.s.b.w.e.tomcat.TomcatWebServer - Tomcat started on port 8083 (http) with context path ''
2025-03-08 00:26:01.345 [main] DEBUG org.springframework.web.SimpLogging - clientOutboundChannel added SubProtocolWebSocketHandler[StompSubProtocolHandler[v10.stomp, v11.stomp, v12.stomp]]
2025-03-08 00:26:01.346 [main] DEBUG org.springframework.web.SimpLogging - clientInboundChannel added WebSocketAnnotationMethodMessageHandler[prefixes=[/app/]]
2025-03-08 00:26:01.346 [main] INFO  o.s.m.s.b.SimpleBrokerMessageHandler - Starting...
2025-03-08 00:26:01.346 [main] DEBUG org.springframework.web.SimpLogging - clientInboundChannel added SimpleBrokerMessageHandler [org.springframework.messaging.simp.broker.DefaultSubscriptionRegistry@46d51d5e]
2025-03-08 00:26:01.346 [main] DEBUG org.springframework.web.SimpLogging - brokerChannel added SimpleBrokerMessageHandler [org.springframework.messaging.simp.broker.DefaultSubscriptionRegistry@46d51d5e]
2025-03-08 00:26:01.347 [main] INFO  o.s.m.s.b.SimpleBrokerMessageHandler - BrokerAvailabilityEvent[available=true, SimpleBrokerMessageHandler [org.springframework.messaging.simp.broker.DefaultSubscriptionRegistry@46d51d5e]]
2025-03-08 00:26:01.347 [main] INFO  o.s.m.s.b.SimpleBrokerMessageHandler - Started.
2025-03-08 00:26:01.347 [main] DEBUG org.springframework.web.SimpLogging - clientInboundChannel added UserDestinationMessageHandler[DefaultUserDestinationResolver[prefix=/user/]]
2025-03-08 00:26:01.347 [main] DEBUG org.springframework.web.SimpLogging - brokerChannel added UserDestinationMessageHandler[DefaultUserDestinationResolver[prefix=/user/]]
2025-03-08 00:26:01.363 [main] INFO  com.chatapp.RealtimeChatApplication - Started RealtimeChatApplication in 3.829 seconds (process running for 4.327)
2025-03-08 00:27:01.332 [MessageBroker-1] INFO  o.s.w.s.c.WebSocketMessageBrokerStats - WebSocketSession[0 current WS(0)-HttpStream(0)-HttpPoll(0), 0 total, 0 closed abnormally (0 connect failure, 0 send limit, 0 transport error)], stompSubProtocol[processed CONNECT(0)-CONNECTED(0)-DISCONNECT(0)], stompBrokerRelay[null], inboundChannel[pool size = 0, active threads = 0, queued tasks = 0, completed tasks = 0], outboundChannel[pool size = 0, active threads = 0, queued tasks = 0, completed tasks = 0], sockJsScheduler[pool size = 1, active threads = 1, queued tasks = 0, completed tasks = 0]
2025-03-08 00:32:34.687 [SpringApplicationShutdownHook] DEBUG org.springframework.web.SimpLogging - clientOutboundChannel removed SubProtocolWebSocketHandler[StompSubProtocolHandler[v10.stomp, v11.stomp, v12.stomp]]
2025-03-08 00:32:34.687 [SpringApplicationShutdownHook] DEBUG org.springframework.web.SimpLogging - clientInboundChannel removed WebSocketAnnotationMethodMessageHandler[prefixes=[/app/]]
2025-03-08 00:32:34.688 [SpringApplicationShutdownHook] INFO  o.s.m.s.b.SimpleBrokerMessageHandler - Stopping...
2025-03-08 00:32:34.688 [SpringApplicationShutdownHook] INFO  o.s.m.s.b.SimpleBrokerMessageHandler - BrokerAvailabilityEvent[available=false, SimpleBrokerMessageHandler [org.springframework.messaging.simp.broker.DefaultSubscriptionRegistry@46d51d5e]]
2025-03-08 00:32:34.688 [SpringApplicationShutdownHook] DEBUG org.springframework.web.SimpLogging - clientInboundChannel removed SimpleBrokerMessageHandler [org.springframework.messaging.simp.broker.DefaultSubscriptionRegistry@46d51d5e]
2025-03-08 00:32:34.689 [SpringApplicationShutdownHook] DEBUG org.springframework.web.SimpLogging - brokerChannel removed SimpleBrokerMessageHandler [org.springframework.messaging.simp.broker.DefaultSubscriptionRegistry@46d51d5e]
2025-03-08 00:32:34.689 [SpringApplicationShutdownHook] INFO  o.s.m.s.b.SimpleBrokerMessageHandler - Stopped.
2025-03-08 00:32:34.689 [SpringApplicationShutdownHook] DEBUG org.springframework.web.SimpLogging - clientInboundChannel removed UserDestinationMessageHandler[DefaultUserDestinationResolver[prefix=/user/]]
2025-03-08 00:32:34.690 [SpringApplicationShutdownHook] DEBUG org.springframework.web.SimpLogging - brokerChannel removed UserDestinationMessageHandler[DefaultUserDestinationResolver[prefix=/user/]]
2025-03-08 00:32:34.717 [SpringApplicationShutdownHook] INFO  o.s.o.j.LocalContainerEntityManagerFactoryBean - Closing JPA EntityManagerFactory for persistence unit 'default'
2025-03-08 00:32:34.723 [SpringApplicationShutdownHook] INFO  com.zaxxer.hikari.HikariDataSource - HikariPool-1 - Shutdown initiated...
2025-03-08 00:32:34.733 [SpringApplicationShutdownHook] INFO  com.zaxxer.hikari.HikariDataSource - HikariPool-1 - Shutdown completed.
2025-03-08 00:32:43.418 [main] INFO  com.chatapp.RealtimeChatApplication - Starting RealtimeChatApplication v0.0.1-SNAPSHOT using Java 21.0.6 with PID 13880 (D:\Answer\es\backend\target\realtime-chat-0.0.1-SNAPSHOT.jar started by lenovo in D:\Answer\es\backend)
2025-03-08 00:32:43.420 [main] DEBUG com.chatapp.RealtimeChatApplication - Running with Spring Boot v3.2.3, Spring v6.1.4
2025-03-08 00:32:43.420 [main] INFO  com.chatapp.RealtimeChatApplication - No active profile set, falling back to 1 default profile: "default"
2025-03-08 00:32:44.092 [main] INFO  o.s.d.r.c.RepositoryConfigurationDelegate - Bootstrapping Spring Data JPA repositories in DEFAULT mode.
2025-03-08 00:32:44.109 [main] INFO  o.s.d.r.c.RepositoryConfigurationDelegate - Finished Spring Data repository scanning in 10 ms. Found 0 JPA repository interfaces.
2025-03-08 00:32:44.573 [main] INFO  o.s.b.w.e.tomcat.TomcatWebServer - Tomcat initialized with port 8083 (http)
2025-03-08 00:32:44.583 [main] INFO  o.a.coyote.http11.Http11NioProtocol - Initializing ProtocolHandler ["http-nio-8083"]
2025-03-08 00:32:44.585 [main] INFO  o.a.catalina.core.StandardService - Starting service [Tomcat]
2025-03-08 00:32:44.585 [main] INFO  o.a.catalina.core.StandardEngine - Starting Servlet engine: [Apache Tomcat/10.1.19]
2025-03-08 00:32:44.617 [main] INFO  o.a.c.c.C.[Tomcat].[localhost].[/] - Initializing Spring embedded WebApplicationContext
2025-03-08 00:32:44.617 [main] INFO  o.s.b.w.s.c.ServletWebServerApplicationContext - Root WebApplicationContext: initialization completed in 1134 ms
2025-03-08 00:32:44.653 [main] INFO  com.zaxxer.hikari.HikariDataSource - HikariPool-1 - Starting...
2025-03-08 00:32:44.853 [main] INFO  com.zaxxer.hikari.pool.HikariPool - HikariPool-1 - Added connection conn0: url=jdbc:h2:mem:chatdb user=SA
2025-03-08 00:32:44.855 [main] INFO  com.zaxxer.hikari.HikariDataSource - HikariPool-1 - Start completed.
2025-03-08 00:32:44.864 [main] INFO  o.s.b.a.h.H2ConsoleAutoConfiguration - H2 console available at '/h2-console'. Database available at 'jdbc:h2:mem:chatdb'
2025-03-08 00:32:45.085 [main] INFO  o.h.jpa.internal.util.LogHelper - HHH000204: Processing PersistenceUnitInfo [name: default]
2025-03-08 00:32:45.160 [main] INFO  org.hibernate.Version - HHH000412: Hibernate ORM core version 6.4.4.Final
2025-03-08 00:32:45.182 [main] INFO  o.h.c.i.RegionFactoryInitiator - HHH000026: Second-level cache disabled
2025-03-08 00:32:45.340 [main] INFO  o.s.o.j.p.SpringPersistenceUnitInfo - No LoadTimeWeaver setup: ignoring JPA class transformer
2025-03-08 00:32:45.367 [main] WARN  org.hibernate.orm.deprecation - HHH90000025: H2Dialect does not need to be specified explicitly using 'hibernate.dialect' (remove the property setting and it will be selected by default)
2025-03-08 00:32:45.557 [main] INFO  o.h.e.t.j.p.i.JtaPlatformInitiator - HHH000489: No JTA platform available (set 'hibernate.transaction.jta.platform' to enable JTA platform integration)
2025-03-08 00:32:45.560 [main] INFO  o.s.o.j.LocalContainerEntityManagerFactoryBean - Initialized JPA EntityManagerFactory for persistence unit 'default'
2025-03-08 00:32:45.723 [main] DEBUG o.s.w.s.s.s.WebSocketHandlerMapping - Patterns [/ws/**] in 'stompWebSocketHandlerMapping'
2025-03-08 00:32:45.759 [main] WARN  o.s.b.a.o.j.JpaBaseConfiguration$JpaWebConfiguration - spring.jpa.open-in-view is enabled by default. Therefore, database queries may be performed during view rendering. Explicitly configure spring.jpa.open-in-view to disable this warning
2025-03-08 00:32:45.797 [main] DEBUG o.s.w.s.m.WebSocketAnnotationMethodMessageHandler - 
	c.c.c.LogController:
	
2025-03-08 00:32:45.804 [main] DEBUG o.s.w.s.m.WebSocketAnnotationMethodMessageHandler - 
	c.c.c.WebRTCSignalingController:
	{[MESSAGE],[/webrtc/call]}: call(Map,SimpMessageHeaderAccessor)
	{[MESSAGE],[/webrtc/answer]}: answer(WebRTCSignal,SimpMessageHeaderAccessor)
	{[MESSAGE],[/webrtc/hangup]}: hangup(Map,SimpMessageHeaderAccessor)
	{[MESSAGE],[/webrtc/ice-candidate]}: iceCandidate(WebRTCSignal,SimpMessageHeaderAccessor)
	{[MESSAGE],[/webrtc/adjust-bitrate]}: adjustBitrate(WebRTCSignal,SimpMessageHeaderAccessor)
	{[MESSAGE],[/webrtc/config]}: getWebRTCConfig(SimpMessageHeaderAccessor)
2025-03-08 00:32:45.809 [main] DEBUG o.s.w.s.m.WebSocketAnnotationMethodMessageHandler - 
	o.s.b.a.w.s.e.BasicErrorController:
	
2025-03-08 00:32:45.889 [main] DEBUG o.s.w.s.m.m.a.RequestMappingHandlerMapping - 3 mappings in 'requestMappingHandlerMapping'
2025-03-08 00:32:45.928 [main] DEBUG o.s.w.s.h.SimpleUrlHandlerMapping - Patterns [/webjars/**, /**] in 'resourceHandlerMapping'
2025-03-08 00:32:45.956 [main] DEBUG o.s.w.s.m.m.a.RequestMappingHandlerAdapter - ControllerAdvice beans: 0 @ModelAttribute, 0 @InitBinder, 1 RequestBodyAdvice, 1 ResponseBodyAdvice
2025-03-08 00:32:45.986 [main] DEBUG o.s.w.s.m.m.a.ExceptionHandlerExceptionResolver - ControllerAdvice beans: 0 @ExceptionHandler, 1 ResponseBodyAdvice
2025-03-08 00:32:46.106 [main] WARN  o.s.b.a.s.s.UserDetailsServiceAutoConfiguration - 

Using generated security password: b3c04cf6-f201-4c7b-85ba-ed0805df313b

This generated password is for development use only. Your security configuration must be updated before running your application in production.

2025-03-08 00:32:46.200 [main] INFO  o.s.s.web.DefaultSecurityFilterChain - Will secure any request with [org.springframework.security.web.session.DisableEncodeUrlFilter@38197e82, org.springframework.security.web.context.request.async.WebAsyncManagerIntegrationFilter@5516ee5, org.springframework.security.web.context.SecurityContextHolderFilter@29e3c28, org.springframework.security.web.header.HeaderWriterFilter@52b30dcd, org.springframework.web.filter.CorsFilter@6765b6a2, org.springframework.security.web.csrf.CsrfFilter@6296e4bf, org.springframework.security.web.authentication.logout.LogoutFilter@7204d98f, org.springframework.security.web.authentication.UsernamePasswordAuthenticationFilter@5cba474f, org.springframework.security.web.authentication.ui.DefaultLoginPageGeneratingFilter@29431f61, org.springframework.security.web.authentication.ui.DefaultLogoutPageGeneratingFilter@75c589f2, org.springframework.security.web.authentication.www.BasicAuthenticationFilter@3361d286, org.springframework.security.web.savedrequest.RequestCacheAwareFilter@7146c6ea, org.springframework.security.web.servletapi.SecurityContextHolderAwareRequestFilter@a5d23c9, org.springframework.security.web.authentication.AnonymousAuthenticationFilter@6db04a6, org.springframework.security.web.access.ExceptionTranslationFilter@314c6f89, org.springframework.security.web.access.intercept.AuthorizationFilter@2e40ea48]
2025-03-08 00:32:46.240 [main] INFO  o.a.coyote.http11.Http11NioProtocol - Starting ProtocolHandler ["http-nio-8083"]
2025-03-08 00:32:46.264 [main] INFO  o.s.b.w.e.tomcat.TomcatWebServer - Tomcat started on port 8083 (http) with context path ''
2025-03-08 00:32:46.267 [main] DEBUG org.springframework.web.SimpLogging - clientOutboundChannel added SubProtocolWebSocketHandler[StompSubProtocolHandler[v10.stomp, v11.stomp, v12.stomp]]
2025-03-08 00:32:46.267 [main] DEBUG org.springframework.web.SimpLogging - clientInboundChannel added WebSocketAnnotationMethodMessageHandler[prefixes=[/app/]]
2025-03-08 00:32:46.267 [main] INFO  o.s.m.s.b.SimpleBrokerMessageHandler - Starting...
2025-03-08 00:32:46.267 [main] DEBUG org.springframework.web.SimpLogging - clientInboundChannel added SimpleBrokerMessageHandler [org.springframework.messaging.simp.broker.DefaultSubscriptionRegistry@46d51d5e]
2025-03-08 00:32:46.267 [main] DEBUG org.springframework.web.SimpLogging - brokerChannel added SimpleBrokerMessageHandler [org.springframework.messaging.simp.broker.DefaultSubscriptionRegistry@46d51d5e]
2025-03-08 00:32:46.268 [main] INFO  o.s.m.s.b.SimpleBrokerMessageHandler - BrokerAvailabilityEvent[available=true, SimpleBrokerMessageHandler [org.springframework.messaging.simp.broker.DefaultSubscriptionRegistry@46d51d5e]]
2025-03-08 00:32:46.268 [main] INFO  o.s.m.s.b.SimpleBrokerMessageHandler - Started.
2025-03-08 00:32:46.268 [main] DEBUG org.springframework.web.SimpLogging - clientInboundChannel added UserDestinationMessageHandler[DefaultUserDestinationResolver[prefix=/user/]]
2025-03-08 00:32:46.268 [main] DEBUG org.springframework.web.SimpLogging - brokerChannel added UserDestinationMessageHandler[DefaultUserDestinationResolver[prefix=/user/]]
2025-03-08 00:32:46.281 [main] INFO  com.chatapp.RealtimeChatApplication - Started RealtimeChatApplication in 3.328 seconds (process running for 3.805)
2025-03-08 00:33:46.267 [MessageBroker-1] INFO  o.s.w.s.c.WebSocketMessageBrokerStats - WebSocketSession[0 current WS(0)-HttpStream(0)-HttpPoll(0), 0 total, 0 closed abnormally (0 connect failure, 0 send limit, 0 transport error)], stompSubProtocol[processed CONNECT(0)-CONNECTED(0)-DISCONNECT(0)], stompBrokerRelay[null], inboundChannel[pool size = 0, active threads = 0, queued tasks = 0, completed tasks = 0], outboundChannel[pool size = 0, active threads = 0, queued tasks = 0, completed tasks = 0], sockJsScheduler[pool size = 1, active threads = 1, queued tasks = 0, completed tasks = 0]
2025-03-08 00:37:00.543 [SpringApplicationShutdownHook] DEBUG org.springframework.web.SimpLogging - clientOutboundChannel removed SubProtocolWebSocketHandler[StompSubProtocolHandler[v10.stomp, v11.stomp, v12.stomp]]
2025-03-08 00:37:00.543 [SpringApplicationShutdownHook] DEBUG org.springframework.web.SimpLogging - clientInboundChannel removed WebSocketAnnotationMethodMessageHandler[prefixes=[/app/]]
2025-03-08 00:37:00.544 [SpringApplicationShutdownHook] INFO  o.s.m.s.b.SimpleBrokerMessageHandler - Stopping...
2025-03-08 00:37:00.545 [SpringApplicationShutdownHook] INFO  o.s.m.s.b.SimpleBrokerMessageHandler - BrokerAvailabilityEvent[available=false, SimpleBrokerMessageHandler [org.springframework.messaging.simp.broker.DefaultSubscriptionRegistry@46d51d5e]]
2025-03-08 00:37:00.545 [SpringApplicationShutdownHook] DEBUG org.springframework.web.SimpLogging - clientInboundChannel removed SimpleBrokerMessageHandler [org.springframework.messaging.simp.broker.DefaultSubscriptionRegistry@46d51d5e]
2025-03-08 00:37:00.545 [SpringApplicationShutdownHook] DEBUG org.springframework.web.SimpLogging - brokerChannel removed SimpleBrokerMessageHandler [org.springframework.messaging.simp.broker.DefaultSubscriptionRegistry@46d51d5e]
2025-03-08 00:37:00.546 [SpringApplicationShutdownHook] INFO  o.s.m.s.b.SimpleBrokerMessageHandler - Stopped.
2025-03-08 00:37:00.546 [SpringApplicationShutdownHook] DEBUG org.springframework.web.SimpLogging - clientInboundChannel removed UserDestinationMessageHandler[DefaultUserDestinationResolver[prefix=/user/]]
2025-03-08 00:37:00.546 [SpringApplicationShutdownHook] DEBUG org.springframework.web.SimpLogging - brokerChannel removed UserDestinationMessageHandler[DefaultUserDestinationResolver[prefix=/user/]]
2025-03-08 00:37:00.575 [SpringApplicationShutdownHook] INFO  o.s.o.j.LocalContainerEntityManagerFactoryBean - Closing JPA EntityManagerFactory for persistence unit 'default'
2025-03-08 00:37:00.581 [SpringApplicationShutdownHook] INFO  com.zaxxer.hikari.HikariDataSource - HikariPool-1 - Shutdown initiated...
2025-03-08 00:37:00.588 [SpringApplicationShutdownHook] INFO  com.zaxxer.hikari.HikariDataSource - HikariPool-1 - Shutdown completed.
2025-03-08 00:37:07.935 [main] INFO  com.chatapp.RealtimeChatApplication - Starting RealtimeChatApplication v0.0.1-SNAPSHOT using Java 21.0.6 with PID 10152 (D:\Answer\es\backend\target\realtime-chat-0.0.1-SNAPSHOT.jar started by lenovo in D:\Answer\es\backend)
2025-03-08 00:37:07.937 [main] DEBUG com.chatapp.RealtimeChatApplication - Running with Spring Boot v3.2.3, Spring v6.1.4
2025-03-08 00:37:07.938 [main] INFO  com.chatapp.RealtimeChatApplication - No active profile set, falling back to 1 default profile: "default"
2025-03-08 00:37:08.571 [main] INFO  o.s.d.r.c.RepositoryConfigurationDelegate - Bootstrapping Spring Data JPA repositories in DEFAULT mode.
2025-03-08 00:37:08.588 [main] INFO  o.s.d.r.c.RepositoryConfigurationDelegate - Finished Spring Data repository scanning in 10 ms. Found 0 JPA repository interfaces.
2025-03-08 00:37:09.099 [main] INFO  o.s.b.w.e.tomcat.TomcatWebServer - Tomcat initialized with port 8083 (http)
2025-03-08 00:37:09.107 [main] INFO  o.a.coyote.http11.Http11NioProtocol - Initializing ProtocolHandler ["http-nio-8083"]
2025-03-08 00:37:09.109 [main] INFO  o.a.catalina.core.StandardService - Starting service [Tomcat]
2025-03-08 00:37:09.110 [main] INFO  o.a.catalina.core.StandardEngine - Starting Servlet engine: [Apache Tomcat/10.1.19]
2025-03-08 00:37:09.142 [main] INFO  o.a.c.c.C.[Tomcat].[localhost].[/] - Initializing Spring embedded WebApplicationContext
2025-03-08 00:37:09.144 [main] INFO  o.s.b.w.s.c.ServletWebServerApplicationContext - Root WebApplicationContext: initialization completed in 1148 ms
2025-03-08 00:37:09.173 [main] INFO  com.zaxxer.hikari.HikariDataSource - HikariPool-1 - Starting...
2025-03-08 00:37:09.413 [main] INFO  com.zaxxer.hikari.pool.HikariPool - HikariPool-1 - Added connection conn0: url=jdbc:h2:mem:chatdb user=SA
2025-03-08 00:37:09.414 [main] INFO  com.zaxxer.hikari.HikariDataSource - HikariPool-1 - Start completed.
2025-03-08 00:37:09.422 [main] INFO  o.s.b.a.h.H2ConsoleAutoConfiguration - H2 console available at '/h2-console'. Database available at 'jdbc:h2:mem:chatdb'
2025-03-08 00:37:09.653 [main] INFO  o.h.jpa.internal.util.LogHelper - HHH000204: Processing PersistenceUnitInfo [name: default]
2025-03-08 00:37:09.738 [main] INFO  org.hibernate.Version - HHH000412: Hibernate ORM core version 6.4.4.Final
2025-03-08 00:37:09.770 [main] INFO  o.h.c.i.RegionFactoryInitiator - HHH000026: Second-level cache disabled
2025-03-08 00:37:09.999 [main] INFO  o.s.o.j.p.SpringPersistenceUnitInfo - No LoadTimeWeaver setup: ignoring JPA class transformer
2025-03-08 00:37:10.029 [main] WARN  org.hibernate.orm.deprecation - HHH90000025: H2Dialect does not need to be specified explicitly using 'hibernate.dialect' (remove the property setting and it will be selected by default)
2025-03-08 00:37:10.217 [main] INFO  o.h.e.t.j.p.i.JtaPlatformInitiator - HHH000489: No JTA platform available (set 'hibernate.transaction.jta.platform' to enable JTA platform integration)
2025-03-08 00:37:10.222 [main] INFO  o.s.o.j.LocalContainerEntityManagerFactoryBean - Initialized JPA EntityManagerFactory for persistence unit 'default'
2025-03-08 00:37:10.375 [main] DEBUG o.s.w.s.s.s.WebSocketHandlerMapping - Patterns [/ws/**] in 'stompWebSocketHandlerMapping'
2025-03-08 00:37:10.414 [main] WARN  o.s.b.a.o.j.JpaBaseConfiguration$JpaWebConfiguration - spring.jpa.open-in-view is enabled by default. Therefore, database queries may be performed during view rendering. Explicitly configure spring.jpa.open-in-view to disable this warning
2025-03-08 00:37:10.457 [main] DEBUG o.s.w.s.m.WebSocketAnnotationMethodMessageHandler - 
	c.c.c.LogController:
	
2025-03-08 00:37:10.466 [main] DEBUG o.s.w.s.m.WebSocketAnnotationMethodMessageHandler - 
	c.c.c.WebRTCSignalingController:
	{[MESSAGE],[/webrtc/call]}: call(Map,SimpMessageHeaderAccessor)
	{[MESSAGE],[/webrtc/answer]}: answer(WebRTCSignal,SimpMessageHeaderAccessor)
	{[MESSAGE],[/webrtc/config]}: getWebRTCConfig(SimpMessageHeaderAccessor)
	{[MESSAGE],[/webrtc/ice-candidate]}: iceCandidate(WebRTCSignal,SimpMessageHeaderAccessor)
	{[MESSAGE],[/webrtc/adjust-bitrate]}: adjustBitrate(WebRTCSignal,SimpMessageHeaderAccessor)
	{[MESSAGE],[/webrtc/hangup]}: hangup(Map,SimpMessageHeaderAccessor)
2025-03-08 00:37:10.476 [main] DEBUG o.s.w.s.m.WebSocketAnnotationMethodMessageHandler - 
	o.s.b.a.w.s.e.BasicErrorController:
	
2025-03-08 00:37:10.597 [main] DEBUG o.s.w.s.m.m.a.RequestMappingHandlerMapping - 3 mappings in 'requestMappingHandlerMapping'
2025-03-08 00:37:10.648 [main] DEBUG o.s.w.s.h.SimpleUrlHandlerMapping - Patterns [/webjars/**, /**] in 'resourceHandlerMapping'
2025-03-08 00:37:10.692 [main] DEBUG o.s.w.s.m.m.a.RequestMappingHandlerAdapter - ControllerAdvice beans: 0 @ModelAttribute, 0 @InitBinder, 1 RequestBodyAdvice, 1 ResponseBodyAdvice
2025-03-08 00:37:10.723 [main] DEBUG o.s.w.s.m.m.a.ExceptionHandlerExceptionResolver - ControllerAdvice beans: 0 @ExceptionHandler, 1 ResponseBodyAdvice
2025-03-08 00:37:10.827 [main] WARN  o.s.b.a.s.s.UserDetailsServiceAutoConfiguration - 

Using generated security password: c825d313-3c72-4ceb-b149-af3da7b435a1

This generated password is for development use only. Your security configuration must be updated before running your application in production.

2025-03-08 00:37:10.933 [main] INFO  o.s.s.web.DefaultSecurityFilterChain - Will secure any request with [org.springframework.security.web.session.DisableEncodeUrlFilter@38197e82, org.springframework.security.web.context.request.async.WebAsyncManagerIntegrationFilter@5516ee5, org.springframework.security.web.context.SecurityContextHolderFilter@29e3c28, org.springframework.security.web.header.HeaderWriterFilter@52b30dcd, org.springframework.web.filter.CorsFilter@6765b6a2, org.springframework.security.web.csrf.CsrfFilter@6296e4bf, org.springframework.security.web.authentication.logout.LogoutFilter@7204d98f, org.springframework.security.web.authentication.UsernamePasswordAuthenticationFilter@5cba474f, org.springframework.security.web.authentication.ui.DefaultLoginPageGeneratingFilter@29431f61, org.springframework.security.web.authentication.ui.DefaultLogoutPageGeneratingFilter@75c589f2, org.springframework.security.web.authentication.www.BasicAuthenticationFilter@3361d286, org.springframework.security.web.savedrequest.RequestCacheAwareFilter@7146c6ea, org.springframework.security.web.servletapi.SecurityContextHolderAwareRequestFilter@a5d23c9, org.springframework.security.web.authentication.AnonymousAuthenticationFilter@6db04a6, org.springframework.security.web.access.ExceptionTranslationFilter@314c6f89, org.springframework.security.web.access.intercept.AuthorizationFilter@2e40ea48]
2025-03-08 00:37:10.987 [main] INFO  o.a.coyote.http11.Http11NioProtocol - Starting ProtocolHandler ["http-nio-8083"]
2025-03-08 00:37:11.011 [main] INFO  o.s.b.w.e.tomcat.TomcatWebServer - Tomcat started on port 8083 (http) with context path ''
2025-03-08 00:37:11.012 [main] DEBUG org.springframework.web.SimpLogging - clientOutboundChannel added SubProtocolWebSocketHandler[StompSubProtocolHandler[v10.stomp, v11.stomp, v12.stomp]]
2025-03-08 00:37:11.012 [main] DEBUG org.springframework.web.SimpLogging - clientInboundChannel added WebSocketAnnotationMethodMessageHandler[prefixes=[/app/]]
2025-03-08 00:37:11.012 [main] INFO  o.s.m.s.b.SimpleBrokerMessageHandler - Starting...
2025-03-08 00:37:11.013 [main] DEBUG org.springframework.web.SimpLogging - clientInboundChannel added SimpleBrokerMessageHandler [org.springframework.messaging.simp.broker.DefaultSubscriptionRegistry@46d51d5e]
2025-03-08 00:37:11.013 [main] DEBUG org.springframework.web.SimpLogging - brokerChannel added SimpleBrokerMessageHandler [org.springframework.messaging.simp.broker.DefaultSubscriptionRegistry@46d51d5e]
2025-03-08 00:37:11.013 [main] INFO  o.s.m.s.b.SimpleBrokerMessageHandler - BrokerAvailabilityEvent[available=true, SimpleBrokerMessageHandler [org.springframework.messaging.simp.broker.DefaultSubscriptionRegistry@46d51d5e]]
2025-03-08 00:37:11.013 [main] INFO  o.s.m.s.b.SimpleBrokerMessageHandler - Started.
2025-03-08 00:37:11.014 [main] DEBUG org.springframework.web.SimpLogging - clientInboundChannel added UserDestinationMessageHandler[DefaultUserDestinationResolver[prefix=/user/]]
2025-03-08 00:37:11.014 [main] DEBUG org.springframework.web.SimpLogging - brokerChannel added UserDestinationMessageHandler[DefaultUserDestinationResolver[prefix=/user/]]
2025-03-08 00:37:11.023 [main] INFO  com.chatapp.RealtimeChatApplication - Started RealtimeChatApplication in 3.568 seconds (process running for 4.065)
2025-03-08 00:46:41.566 [main] INFO  com.chatapp.RealtimeChatApplication - Starting RealtimeChatApplication v0.0.1-SNAPSHOT using Java 21.0.6 with PID 9448 (D:\jetbrains\cursor\es\backend\target\realtime-chat-0.0.1-SNAPSHOT.jar started by lenovo in D:\jetbrains\cursor\es\backend)
2025-03-08 00:46:41.567 [main] DEBUG com.chatapp.RealtimeChatApplication - Running with Spring Boot v3.2.3, Spring v6.1.4
2025-03-08 00:46:41.568 [main] INFO  com.chatapp.RealtimeChatApplication - No active profile set, falling back to 1 default profile: "default"
2025-03-08 00:46:42.211 [main] INFO  o.s.d.r.c.RepositoryConfigurationDelegate - Bootstrapping Spring Data JPA repositories in DEFAULT mode.
2025-03-08 00:46:42.227 [main] INFO  o.s.d.r.c.RepositoryConfigurationDelegate - Finished Spring Data repository scanning in 11 ms. Found 0 JPA repository interfaces.
2025-03-08 00:46:42.714 [main] INFO  o.s.b.w.e.tomcat.TomcatWebServer - Tomcat initialized with port 8083 (http)
2025-03-08 00:46:42.722 [main] INFO  o.a.coyote.http11.Http11NioProtocol - Initializing ProtocolHandler ["http-nio-8083"]
2025-03-08 00:46:42.724 [main] INFO  o.a.catalina.core.StandardService - Starting service [Tomcat]
2025-03-08 00:46:42.725 [main] INFO  o.a.catalina.core.StandardEngine - Starting Servlet engine: [Apache Tomcat/10.1.19]
2025-03-08 00:46:42.754 [main] INFO  o.a.c.c.C.[Tomcat].[localhost].[/] - Initializing Spring embedded WebApplicationContext
2025-03-08 00:46:42.755 [main] INFO  o.s.b.w.s.c.ServletWebServerApplicationContext - Root WebApplicationContext: initialization completed in 1129 ms
2025-03-08 00:46:42.791 [main] INFO  com.zaxxer.hikari.HikariDataSource - HikariPool-1 - Starting...
2025-03-08 00:46:43.047 [main] INFO  com.zaxxer.hikari.pool.HikariPool - HikariPool-1 - Added connection conn0: url=jdbc:h2:mem:chatdb user=SA
2025-03-08 00:46:43.048 [main] INFO  com.zaxxer.hikari.HikariDataSource - HikariPool-1 - Start completed.
2025-03-08 00:46:43.056 [main] INFO  o.s.b.a.h.H2ConsoleAutoConfiguration - H2 console available at '/h2-console'. Database available at 'jdbc:h2:mem:chatdb'
2025-03-08 00:46:43.250 [main] INFO  o.h.jpa.internal.util.LogHelper - HHH000204: Processing PersistenceUnitInfo [name: default]
2025-03-08 00:46:43.307 [main] INFO  org.hibernate.Version - HHH000412: Hibernate ORM core version 6.4.4.Final
2025-03-08 00:46:43.336 [main] INFO  o.h.c.i.RegionFactoryInitiator - HHH000026: Second-level cache disabled
2025-03-08 00:46:43.553 [main] INFO  o.s.o.j.p.SpringPersistenceUnitInfo - No LoadTimeWeaver setup: ignoring JPA class transformer
2025-03-08 00:46:43.583 [main] WARN  org.hibernate.orm.deprecation - HHH90000025: H2Dialect does not need to be specified explicitly using 'hibernate.dialect' (remove the property setting and it will be selected by default)
2025-03-08 00:46:43.764 [main] INFO  o.h.e.t.j.p.i.JtaPlatformInitiator - HHH000489: No JTA platform available (set 'hibernate.transaction.jta.platform' to enable JTA platform integration)
2025-03-08 00:46:43.767 [main] INFO  o.s.o.j.LocalContainerEntityManagerFactoryBean - Initialized JPA EntityManagerFactory for persistence unit 'default'
2025-03-08 00:46:43.892 [main] DEBUG o.s.w.s.s.s.WebSocketHandlerMapping - Patterns [/ws/**] in 'stompWebSocketHandlerMapping'
2025-03-08 00:46:43.924 [main] WARN  o.s.b.a.o.j.JpaBaseConfiguration$JpaWebConfiguration - spring.jpa.open-in-view is enabled by default. Therefore, database queries may be performed during view rendering. Explicitly configure spring.jpa.open-in-view to disable this warning
2025-03-08 00:46:43.949 [main] DEBUG o.s.w.s.m.WebSocketAnnotationMethodMessageHandler - 
	c.c.c.LogController:
	
2025-03-08 00:46:43.956 [main] DEBUG o.s.w.s.m.WebSocketAnnotationMethodMessageHandler - 
	c.c.c.WebRTCSignalingController:
	{[MESSAGE],[/webrtc/call]}: call(Map,SimpMessageHeaderAccessor)
	{[MESSAGE],[/webrtc/answer]}: answer(WebRTCSignal,SimpMessageHeaderAccessor)
	{[MESSAGE],[/webrtc/adjust-bitrate]}: adjustBitrate(WebRTCSignal,SimpMessageHeaderAccessor)
	{[MESSAGE],[/webrtc/ice-candidate]}: iceCandidate(WebRTCSignal,SimpMessageHeaderAccessor)
	{[MESSAGE],[/webrtc/config]}: getWebRTCConfig(SimpMessageHeaderAccessor)
	{[MESSAGE],[/webrtc/hangup]}: hangup(Map,SimpMessageHeaderAccessor)
2025-03-08 00:46:43.963 [main] DEBUG o.s.w.s.m.WebSocketAnnotationMethodMessageHandler - 
	o.s.b.a.w.s.e.BasicErrorController:
	
2025-03-08 00:46:44.049 [main] DEBUG o.s.w.s.m.m.a.RequestMappingHandlerMapping - 3 mappings in 'requestMappingHandlerMapping'
2025-03-08 00:46:44.080 [main] DEBUG o.s.w.s.h.SimpleUrlHandlerMapping - Patterns [/webjars/**, /**] in 'resourceHandlerMapping'
2025-03-08 00:46:44.109 [main] DEBUG o.s.w.s.m.m.a.RequestMappingHandlerAdapter - ControllerAdvice beans: 0 @ModelAttribute, 0 @InitBinder, 1 RequestBodyAdvice, 1 ResponseBodyAdvice
2025-03-08 00:46:44.144 [main] DEBUG o.s.w.s.m.m.a.ExceptionHandlerExceptionResolver - ControllerAdvice beans: 0 @ExceptionHandler, 1 ResponseBodyAdvice
2025-03-08 00:46:44.248 [main] WARN  o.s.b.a.s.s.UserDetailsServiceAutoConfiguration - 

Using generated security password: a9387cbb-8e73-43f9-84f6-97d3fa559529

This generated password is for development use only. Your security configuration must be updated before running your application in production.

2025-03-08 00:46:44.364 [main] INFO  o.s.s.web.DefaultSecurityFilterChain - Will secure any request with [org.springframework.security.web.session.DisableEncodeUrlFilter@38197e82, org.springframework.security.web.context.request.async.WebAsyncManagerIntegrationFilter@5516ee5, org.springframework.security.web.context.SecurityContextHolderFilter@29e3c28, org.springframework.security.web.header.HeaderWriterFilter@52b30dcd, org.springframework.web.filter.CorsFilter@6765b6a2, org.springframework.security.web.csrf.CsrfFilter@6296e4bf, org.springframework.security.web.authentication.logout.LogoutFilter@7204d98f, org.springframework.security.web.authentication.UsernamePasswordAuthenticationFilter@5cba474f, org.springframework.security.web.authentication.ui.DefaultLoginPageGeneratingFilter@29431f61, org.springframework.security.web.authentication.ui.DefaultLogoutPageGeneratingFilter@75c589f2, org.springframework.security.web.authentication.www.BasicAuthenticationFilter@3361d286, org.springframework.security.web.savedrequest.RequestCacheAwareFilter@7146c6ea, org.springframework.security.web.servletapi.SecurityContextHolderAwareRequestFilter@a5d23c9, org.springframework.security.web.authentication.AnonymousAuthenticationFilter@6db04a6, org.springframework.security.web.access.ExceptionTranslationFilter@314c6f89, org.springframework.security.web.access.intercept.AuthorizationFilter@2e40ea48]
2025-03-08 00:46:44.407 [main] INFO  o.a.coyote.http11.Http11NioProtocol - Starting ProtocolHandler ["http-nio-8083"]
2025-03-08 00:46:44.454 [main] INFO  o.s.b.w.e.tomcat.TomcatWebServer - Tomcat started on port 8083 (http) with context path ''
2025-03-08 00:46:44.456 [main] DEBUG org.springframework.web.SimpLogging - clientOutboundChannel added SubProtocolWebSocketHandler[StompSubProtocolHandler[v10.stomp, v11.stomp, v12.stomp]]
2025-03-08 00:46:44.456 [main] DEBUG org.springframework.web.SimpLogging - clientInboundChannel added WebSocketAnnotationMethodMessageHandler[prefixes=[/app/]]
2025-03-08 00:46:44.456 [main] INFO  o.s.m.s.b.SimpleBrokerMessageHandler - Starting...
2025-03-08 00:46:44.456 [main] DEBUG org.springframework.web.SimpLogging - clientInboundChannel added SimpleBrokerMessageHandler [org.springframework.messaging.simp.broker.DefaultSubscriptionRegistry@46d51d5e]
2025-03-08 00:46:44.457 [main] DEBUG org.springframework.web.SimpLogging - brokerChannel added SimpleBrokerMessageHandler [org.springframework.messaging.simp.broker.DefaultSubscriptionRegistry@46d51d5e]
2025-03-08 00:46:44.457 [main] INFO  o.s.m.s.b.SimpleBrokerMessageHandler - BrokerAvailabilityEvent[available=true, SimpleBrokerMessageHandler [org.springframework.messaging.simp.broker.DefaultSubscriptionRegistry@46d51d5e]]
2025-03-08 00:46:44.457 [main] INFO  o.s.m.s.b.SimpleBrokerMessageHandler - Started.
2025-03-08 00:46:44.457 [main] DEBUG org.springframework.web.SimpLogging - clientInboundChannel added UserDestinationMessageHandler[DefaultUserDestinationResolver[prefix=/user/]]
2025-03-08 00:46:44.457 [main] DEBUG org.springframework.web.SimpLogging - brokerChannel added UserDestinationMessageHandler[DefaultUserDestinationResolver[prefix=/user/]]
2025-03-08 00:46:44.498 [main] INFO  com.chatapp.RealtimeChatApplication - Started RealtimeChatApplication in 3.387 seconds (process running for 4.14)
2025-03-08 01:19:33.283 [main] INFO  com.chatapp.RealtimeChatApplication - Starting RealtimeChatApplication v0.0.1-SNAPSHOT using Java 21.0.6 with PID 22676 (D:\jetbrains\cursor\es\backend\target\realtime-chat-0.0.1-SNAPSHOT.jar started by lenovo in D:\jetbrains\cursor\es\backend)
2025-03-08 01:19:33.286 [main] DEBUG com.chatapp.RealtimeChatApplication - Running with Spring Boot v3.2.3, Spring v6.1.4
2025-03-08 01:19:33.287 [main] INFO  com.chatapp.RealtimeChatApplication - No active profile set, falling back to 1 default profile: "default"
2025-03-08 01:19:33.976 [main] INFO  o.s.d.r.c.RepositoryConfigurationDelegate - Bootstrapping Spring Data JPA repositories in DEFAULT mode.
2025-03-08 01:19:33.995 [main] INFO  o.s.d.r.c.RepositoryConfigurationDelegate - Finished Spring Data repository scanning in 11 ms. Found 0 JPA repository interfaces.
2025-03-08 01:19:34.517 [main] INFO  o.s.b.w.e.tomcat.TomcatWebServer - Tomcat initialized with port 8083 (http)
2025-03-08 01:19:34.528 [main] INFO  o.a.coyote.http11.Http11NioProtocol - Initializing ProtocolHandler ["http-nio-8083"]
2025-03-08 01:19:34.530 [main] INFO  o.a.catalina.core.StandardService - Starting service [Tomcat]
2025-03-08 01:19:34.530 [main] INFO  o.a.catalina.core.StandardEngine - Starting Servlet engine: [Apache Tomcat/10.1.19]
2025-03-08 01:19:34.564 [main] INFO  o.a.c.c.C.[Tomcat].[localhost].[/] - Initializing Spring embedded WebApplicationContext
2025-03-08 01:19:34.565 [main] INFO  o.s.b.w.s.c.ServletWebServerApplicationContext - Root WebApplicationContext: initialization completed in 1206 ms
2025-03-08 01:19:34.601 [main] INFO  com.zaxxer.hikari.HikariDataSource - HikariPool-1 - Starting...
2025-03-08 01:19:34.857 [main] INFO  com.zaxxer.hikari.pool.HikariPool - HikariPool-1 - Added connection conn0: url=jdbc:h2:mem:chatdb user=SA
2025-03-08 01:19:34.860 [main] INFO  com.zaxxer.hikari.HikariDataSource - HikariPool-1 - Start completed.
2025-03-08 01:19:34.869 [main] INFO  o.s.b.a.h.H2ConsoleAutoConfiguration - H2 console available at '/h2-console'. Database available at 'jdbc:h2:mem:chatdb'
2025-03-08 01:19:35.055 [main] INFO  o.h.jpa.internal.util.LogHelper - HHH000204: Processing PersistenceUnitInfo [name: default]
2025-03-08 01:19:35.134 [main] INFO  org.hibernate.Version - HHH000412: Hibernate ORM core version 6.4.4.Final
2025-03-08 01:19:35.164 [main] INFO  o.h.c.i.RegionFactoryInitiator - HHH000026: Second-level cache disabled
2025-03-08 01:19:35.337 [main] INFO  o.s.o.j.p.SpringPersistenceUnitInfo - No LoadTimeWeaver setup: ignoring JPA class transformer
2025-03-08 01:19:35.370 [main] WARN  org.hibernate.orm.deprecation - HHH90000025: H2Dialect does not need to be specified explicitly using 'hibernate.dialect' (remove the property setting and it will be selected by default)
2025-03-08 01:19:35.575 [main] INFO  o.h.e.t.j.p.i.JtaPlatformInitiator - HHH000489: No JTA platform available (set 'hibernate.transaction.jta.platform' to enable JTA platform integration)
2025-03-08 01:19:35.578 [main] INFO  o.s.o.j.LocalContainerEntityManagerFactoryBean - Initialized JPA EntityManagerFactory for persistence unit 'default'
2025-03-08 01:19:35.698 [main] DEBUG o.s.w.s.s.s.WebSocketHandlerMapping - Patterns [/ws/**] in 'stompWebSocketHandlerMapping'
2025-03-08 01:19:35.730 [main] WARN  o.s.b.a.o.j.JpaBaseConfiguration$JpaWebConfiguration - spring.jpa.open-in-view is enabled by default. Therefore, database queries may be performed during view rendering. Explicitly configure spring.jpa.open-in-view to disable this warning
2025-03-08 01:19:35.755 [main] DEBUG o.s.w.s.m.WebSocketAnnotationMethodMessageHandler - 
	c.c.c.LogController:
	
2025-03-08 01:19:35.760 [main] DEBUG o.s.w.s.m.WebSocketAnnotationMethodMessageHandler - 
	c.c.c.WebRTCSignalingController:
	{[MESSAGE],[/webrtc/call]}: call(Map,SimpMessageHeaderAccessor)
	{[MESSAGE],[/webrtc/answer]}: answer(WebRTCSignal,SimpMessageHeaderAccessor)
	{[MESSAGE],[/webrtc/hangup]}: hangup(Map,SimpMessageHeaderAccessor)
	{[MESSAGE],[/webrtc/ice-candidate]}: iceCandidate(WebRTCSignal,SimpMessageHeaderAccessor)
	{[MESSAGE],[/webrtc/config]}: getWebRTCConfig(SimpMessageHeaderAccessor)
	{[MESSAGE],[/webrtc/adjust-bitrate]}: adjustBitrate(WebRTCSignal,SimpMessageHeaderAccessor)
2025-03-08 01:19:35.765 [main] DEBUG o.s.w.s.m.WebSocketAnnotationMethodMessageHandler - 
	o.s.b.a.w.s.e.BasicErrorController:
	
2025-03-08 01:19:35.845 [main] DEBUG o.s.w.s.m.m.a.RequestMappingHandlerMapping - 3 mappings in 'requestMappingHandlerMapping'
2025-03-08 01:19:35.873 [main] DEBUG o.s.w.s.h.SimpleUrlHandlerMapping - Patterns [/webjars/**, /**] in 'resourceHandlerMapping'
2025-03-08 01:19:35.897 [main] DEBUG o.s.w.s.m.m.a.RequestMappingHandlerAdapter - ControllerAdvice beans: 0 @ModelAttribute, 0 @InitBinder, 1 RequestBodyAdvice, 1 ResponseBodyAdvice
2025-03-08 01:19:35.924 [main] DEBUG o.s.w.s.m.m.a.ExceptionHandlerExceptionResolver - ControllerAdvice beans: 0 @ExceptionHandler, 1 ResponseBodyAdvice
2025-03-08 01:19:36.026 [main] WARN  o.s.b.a.s.s.UserDetailsServiceAutoConfiguration - 

Using generated security password: 89f7248b-a151-4cf9-9fb9-ee5edbcdc2b1

This generated password is for development use only. Your security configuration must be updated before running your application in production.

2025-03-08 01:19:36.138 [main] INFO  o.s.s.web.DefaultSecurityFilterChain - Will secure any request with [org.springframework.security.web.session.DisableEncodeUrlFilter@3e0327dd, org.springframework.security.web.context.request.async.WebAsyncManagerIntegrationFilter@ebff59d, org.springframework.security.web.context.SecurityContextHolderFilter@314c6f89, org.springframework.security.web.header.HeaderWriterFilter@8b1170f, org.springframework.web.filter.CorsFilter@3361d286, org.springframework.security.web.csrf.CsrfFilter@121dac1a, org.springframework.security.web.authentication.logout.LogoutFilter@72240290, org.springframework.security.web.authentication.UsernamePasswordAuthenticationFilter@6a97517, org.springframework.security.web.authentication.ui.DefaultLoginPageGeneratingFilter@a5d23c9, org.springframework.security.web.authentication.ui.DefaultLogoutPageGeneratingFilter@6ee186f3, org.springframework.security.web.authentication.www.BasicAuthenticationFilter@240291d9, org.springframework.security.web.savedrequest.RequestCacheAwareFilter@52b30dcd, org.springframework.security.web.servletapi.SecurityContextHolderAwareRequestFilter@49de1505, org.springframework.security.web.authentication.AnonymousAuthenticationFilter@49fb693d, org.springframework.security.web.access.ExceptionTranslationFilter@6a7fc4c1, org.springframework.security.web.access.intercept.AuthorizationFilter@1322b542]
2025-03-08 01:19:36.191 [main] INFO  o.a.coyote.http11.Http11NioProtocol - Starting ProtocolHandler ["http-nio-8083"]
2025-03-08 01:19:36.212 [main] INFO  o.s.b.w.e.tomcat.TomcatWebServer - Tomcat started on port 8083 (http) with context path ''
2025-03-08 01:19:36.215 [main] DEBUG org.springframework.web.SimpLogging - clientOutboundChannel added SubProtocolWebSocketHandler[StompSubProtocolHandler[v10.stomp, v11.stomp, v12.stomp]]
2025-03-08 01:19:36.215 [main] DEBUG org.springframework.web.SimpLogging - clientInboundChannel added WebSocketAnnotationMethodMessageHandler[prefixes=[/app/]]
2025-03-08 01:19:36.215 [main] INFO  o.s.m.s.b.SimpleBrokerMessageHandler - Starting...
2025-03-08 01:19:36.216 [main] DEBUG org.springframework.web.SimpLogging - clientInboundChannel added SimpleBrokerMessageHandler [org.springframework.messaging.simp.broker.DefaultSubscriptionRegistry@10508ba6]
2025-03-08 01:19:36.216 [main] DEBUG org.springframework.web.SimpLogging - brokerChannel added SimpleBrokerMessageHandler [org.springframework.messaging.simp.broker.DefaultSubscriptionRegistry@10508ba6]
2025-03-08 01:19:36.217 [main] INFO  o.s.m.s.b.SimpleBrokerMessageHandler - BrokerAvailabilityEvent[available=true, SimpleBrokerMessageHandler [org.springframework.messaging.simp.broker.DefaultSubscriptionRegistry@10508ba6]]
2025-03-08 01:19:36.217 [main] INFO  o.s.m.s.b.SimpleBrokerMessageHandler - Started.
2025-03-08 01:19:36.217 [main] DEBUG org.springframework.web.SimpLogging - clientInboundChannel added UserDestinationMessageHandler[DefaultUserDestinationResolver[prefix=/user/]]
2025-03-08 01:19:36.217 [main] DEBUG org.springframework.web.SimpLogging - brokerChannel added UserDestinationMessageHandler[DefaultUserDestinationResolver[prefix=/user/]]
2025-03-08 01:19:36.233 [main] INFO  com.chatapp.RealtimeChatApplication - Started RealtimeChatApplication in 3.45 seconds (process running for 3.946)
2025-03-08 01:25:33.207 [main] INFO  com.chatapp.RealtimeChatApplication - Starting RealtimeChatApplication v0.0.1-SNAPSHOT using Java 21.0.6 with PID 13616 (D:\jetbrains\cursor\es\backend\target\realtime-chat-0.0.1-SNAPSHOT.jar started by lenovo in D:\jetbrains\cursor\es\backend)
2025-03-08 01:25:33.209 [main] DEBUG com.chatapp.RealtimeChatApplication - Running with Spring Boot v3.2.3, Spring v6.1.4
2025-03-08 01:25:33.210 [main] INFO  com.chatapp.RealtimeChatApplication - No active profile set, falling back to 1 default profile: "default"
2025-03-08 01:25:33.970 [main] INFO  o.s.d.r.c.RepositoryConfigurationDelegate - Bootstrapping Spring Data JPA repositories in DEFAULT mode.
2025-03-08 01:25:33.988 [main] INFO  o.s.d.r.c.RepositoryConfigurationDelegate - Finished Spring Data repository scanning in 11 ms. Found 0 JPA repository interfaces.
2025-03-08 01:25:34.621 [main] INFO  o.s.b.w.e.tomcat.TomcatWebServer - Tomcat initialized with port 8083 (http)
2025-03-08 01:25:34.636 [main] INFO  o.a.coyote.http11.Http11NioProtocol - Initializing ProtocolHandler ["http-nio-8083"]
2025-03-08 01:25:34.639 [main] INFO  o.a.catalina.core.StandardService - Starting service [Tomcat]
2025-03-08 01:25:34.640 [main] INFO  o.a.catalina.core.StandardEngine - Starting Servlet engine: [Apache Tomcat/10.1.19]
2025-03-08 01:25:34.681 [main] INFO  o.a.c.c.C.[Tomcat].[localhost].[/] - Initializing Spring embedded WebApplicationContext
2025-03-08 01:25:34.683 [main] INFO  o.s.b.w.s.c.ServletWebServerApplicationContext - Root WebApplicationContext: initialization completed in 1372 ms
2025-03-08 01:25:34.709 [main] INFO  com.zaxxer.hikari.HikariDataSource - HikariPool-1 - Starting...
2025-03-08 01:25:34.921 [main] INFO  com.zaxxer.hikari.pool.HikariPool - HikariPool-1 - Added connection conn0: url=jdbc:h2:mem:chatdb user=SA
2025-03-08 01:25:34.923 [main] INFO  com.zaxxer.hikari.HikariDataSource - HikariPool-1 - Start completed.
2025-03-08 01:25:34.933 [main] INFO  o.s.b.a.h.H2ConsoleAutoConfiguration - H2 console available at '/h2-console'. Database available at 'jdbc:h2:mem:chatdb'
2025-03-08 01:25:35.191 [main] INFO  o.h.jpa.internal.util.LogHelper - HHH000204: Processing PersistenceUnitInfo [name: default]
2025-03-08 01:25:35.283 [main] INFO  org.hibernate.Version - HHH000412: Hibernate ORM core version 6.4.4.Final
2025-03-08 01:25:35.308 [main] INFO  o.h.c.i.RegionFactoryInitiator - HHH000026: Second-level cache disabled
2025-03-08 01:25:35.467 [main] INFO  o.s.o.j.p.SpringPersistenceUnitInfo - No LoadTimeWeaver setup: ignoring JPA class transformer
2025-03-08 01:25:35.500 [main] WARN  org.hibernate.orm.deprecation - HHH90000025: H2Dialect does not need to be specified explicitly using 'hibernate.dialect' (remove the property setting and it will be selected by default)
2025-03-08 01:25:35.698 [main] INFO  o.h.e.t.j.p.i.JtaPlatformInitiator - HHH000489: No JTA platform available (set 'hibernate.transaction.jta.platform' to enable JTA platform integration)
2025-03-08 01:25:35.702 [main] INFO  o.s.o.j.LocalContainerEntityManagerFactoryBean - Initialized JPA EntityManagerFactory for persistence unit 'default'
2025-03-08 01:25:35.916 [main] DEBUG o.s.w.s.s.s.WebSocketHandlerMapping - Patterns [/ws/**] in 'stompWebSocketHandlerMapping'
2025-03-08 01:25:35.987 [main] WARN  o.s.b.a.o.j.JpaBaseConfiguration$JpaWebConfiguration - spring.jpa.open-in-view is enabled by default. Therefore, database queries may be performed during view rendering. Explicitly configure spring.jpa.open-in-view to disable this warning
2025-03-08 01:25:36.035 [main] DEBUG o.s.w.s.m.WebSocketAnnotationMethodMessageHandler - 
	c.c.c.LogController:
	
2025-03-08 01:25:36.042 [main] DEBUG o.s.w.s.m.WebSocketAnnotationMethodMessageHandler - 
	c.c.c.WebRTCSignalingController:
	{[MESSAGE],[/webrtc/call]}: call(Map,SimpMessageHeaderAccessor)
	{[MESSAGE],[/webrtc/answer]}: answer(WebRTCSignal,SimpMessageHeaderAccessor)
	{[MESSAGE],[/webrtc/adjust-bitrate]}: adjustBitrate(WebRTCSignal,SimpMessageHeaderAccessor)
	{[MESSAGE],[/webrtc/ice-candidate]}: iceCandidate(WebRTCSignal,SimpMessageHeaderAccessor)
	{[MESSAGE],[/webrtc/config]}: getWebRTCConfig(SimpMessageHeaderAccessor)
	{[MESSAGE],[/webrtc/hangup]}: hangup(Map,SimpMessageHeaderAccessor)
2025-03-08 01:25:36.051 [main] DEBUG o.s.w.s.m.WebSocketAnnotationMethodMessageHandler - 
	o.s.b.a.w.s.e.BasicErrorController:
	
2025-03-08 01:25:36.150 [main] DEBUG o.s.w.s.m.m.a.RequestMappingHandlerMapping - 3 mappings in 'requestMappingHandlerMapping'
2025-03-08 01:25:36.198 [main] DEBUG o.s.w.s.h.SimpleUrlHandlerMapping - Patterns [/webjars/**, /**] in 'resourceHandlerMapping'
2025-03-08 01:25:36.241 [main] DEBUG o.s.w.s.m.m.a.RequestMappingHandlerAdapter - ControllerAdvice beans: 0 @ModelAttribute, 0 @InitBinder, 1 RequestBodyAdvice, 1 ResponseBodyAdvice
2025-03-08 01:25:36.311 [main] DEBUG o.s.w.s.m.m.a.ExceptionHandlerExceptionResolver - ControllerAdvice beans: 0 @ExceptionHandler, 1 ResponseBodyAdvice
2025-03-08 01:25:36.536 [main] WARN  o.s.b.a.s.s.UserDetailsServiceAutoConfiguration - 

Using generated security password: 4729e445-866a-4c4a-a0e6-a82fc41742a0

This generated password is for development use only. Your security configuration must be updated before running your application in production.

2025-03-08 01:25:36.648 [main] INFO  o.s.s.web.DefaultSecurityFilterChain - Will secure any request with [org.springframework.security.web.session.DisableEncodeUrlFilter@4fbbd98c, org.springframework.security.web.context.request.async.WebAsyncManagerIntegrationFilter@5dd227b7, org.springframework.security.web.context.SecurityContextHolderFilter@3361d286, org.springframework.security.web.header.HeaderWriterFilter@50a1af86, org.springframework.web.filter.CorsFilter@3d3b852e, org.springframework.security.web.csrf.CsrfFilter@4f65af91, org.springframework.security.web.authentication.logout.LogoutFilter@52963839, org.springframework.security.web.authentication.UsernamePasswordAuthenticationFilter@6e489bb8, org.springframework.security.web.authentication.ui.DefaultLoginPageGeneratingFilter@8f374de, org.springframework.security.web.authentication.ui.DefaultLogoutPageGeneratingFilter@14ba7f15, org.springframework.security.web.authentication.www.BasicAuthenticationFilter@5e198c40, org.springframework.security.web.savedrequest.RequestCacheAwareFilter@49fb693d, org.springframework.security.web.servletapi.SecurityContextHolderAwareRequestFilter@38197e82, org.springframework.security.web.authentication.AnonymousAuthenticationFilter@55cb3b7, org.springframework.security.web.access.ExceptionTranslationFilter@240291d9, org.springframework.security.web.access.intercept.AuthorizationFilter@11d422fd]
2025-03-08 01:25:36.713 [main] INFO  o.a.coyote.http11.Http11NioProtocol - Starting ProtocolHandler ["http-nio-8083"]
2025-03-08 01:25:36.750 [main] INFO  o.s.b.w.e.tomcat.TomcatWebServer - Tomcat started on port 8083 (http) with context path ''
2025-03-08 01:25:36.753 [main] DEBUG org.springframework.web.SimpLogging - clientOutboundChannel added SubProtocolWebSocketHandler[StompSubProtocolHandler[v10.stomp, v11.stomp, v12.stomp]]
2025-03-08 01:25:36.753 [main] DEBUG org.springframework.web.SimpLogging - clientInboundChannel added WebSocketAnnotationMethodMessageHandler[prefixes=[/app/]]
2025-03-08 01:25:36.754 [main] INFO  o.s.m.s.b.SimpleBrokerMessageHandler - Starting...
2025-03-08 01:25:36.754 [main] DEBUG org.springframework.web.SimpLogging - clientInboundChannel added SimpleBrokerMessageHandler [org.springframework.messaging.simp.broker.DefaultSubscriptionRegistry@5703c1fb]
2025-03-08 01:25:36.755 [main] DEBUG org.springframework.web.SimpLogging - brokerChannel added SimpleBrokerMessageHandler [org.springframework.messaging.simp.broker.DefaultSubscriptionRegistry@5703c1fb]
2025-03-08 01:25:36.755 [main] INFO  o.s.m.s.b.SimpleBrokerMessageHandler - BrokerAvailabilityEvent[available=true, SimpleBrokerMessageHandler [org.springframework.messaging.simp.broker.DefaultSubscriptionRegistry@5703c1fb]]
2025-03-08 01:25:36.755 [main] INFO  o.s.m.s.b.SimpleBrokerMessageHandler - Started.
2025-03-08 01:25:36.756 [main] DEBUG org.springframework.web.SimpLogging - clientInboundChannel added UserDestinationMessageHandler[DefaultUserDestinationResolver[prefix=/user/]]
2025-03-08 01:25:36.756 [main] DEBUG org.springframework.web.SimpLogging - brokerChannel added UserDestinationMessageHandler[DefaultUserDestinationResolver[prefix=/user/]]
2025-03-08 01:25:36.778 [main] INFO  com.chatapp.RealtimeChatApplication - Started RealtimeChatApplication in 4.071 seconds (process running for 4.606)
2025-03-08 01:25:39.770 [SpringApplicationShutdownHook] DEBUG org.springframework.web.SimpLogging - clientOutboundChannel removed SubProtocolWebSocketHandler[StompSubProtocolHandler[v10.stomp, v11.stomp, v12.stomp]]
2025-03-08 01:25:39.771 [SpringApplicationShutdownHook] DEBUG org.springframework.web.SimpLogging - clientInboundChannel removed WebSocketAnnotationMethodMessageHandler[prefixes=[/app/]]
2025-03-08 01:25:39.771 [SpringApplicationShutdownHook] INFO  o.s.m.s.b.SimpleBrokerMessageHandler - Stopping...
2025-03-08 01:25:39.772 [SpringApplicationShutdownHook] INFO  o.s.m.s.b.SimpleBrokerMessageHandler - BrokerAvailabilityEvent[available=false, SimpleBrokerMessageHandler [org.springframework.messaging.simp.broker.DefaultSubscriptionRegistry@5703c1fb]]
2025-03-08 01:25:39.772 [SpringApplicationShutdownHook] DEBUG org.springframework.web.SimpLogging - clientInboundChannel removed SimpleBrokerMessageHandler [org.springframework.messaging.simp.broker.DefaultSubscriptionRegistry@5703c1fb]
2025-03-08 01:25:39.772 [SpringApplicationShutdownHook] DEBUG org.springframework.web.SimpLogging - brokerChannel removed SimpleBrokerMessageHandler [org.springframework.messaging.simp.broker.DefaultSubscriptionRegistry@5703c1fb]
2025-03-08 01:25:39.772 [SpringApplicationShutdownHook] INFO  o.s.m.s.b.SimpleBrokerMessageHandler - Stopped.
2025-03-08 01:25:39.772 [SpringApplicationShutdownHook] DEBUG org.springframework.web.SimpLogging - clientInboundChannel removed UserDestinationMessageHandler[DefaultUserDestinationResolver[prefix=/user/]]
2025-03-08 01:25:39.773 [SpringApplicationShutdownHook] DEBUG org.springframework.web.SimpLogging - brokerChannel removed UserDestinationMessageHandler[DefaultUserDestinationResolver[prefix=/user/]]
2025-03-08 01:25:39.784 [SpringApplicationShutdownHook] INFO  o.s.o.j.LocalContainerEntityManagerFactoryBean - Closing JPA EntityManagerFactory for persistence unit 'default'
2025-03-08 01:25:39.787 [SpringApplicationShutdownHook] INFO  com.zaxxer.hikari.HikariDataSource - HikariPool-1 - Shutdown initiated...
2025-03-08 01:25:39.789 [SpringApplicationShutdownHook] INFO  com.zaxxer.hikari.HikariDataSource - HikariPool-1 - Shutdown completed.
2025-03-08 01:26:50.873 [main] INFO  com.chatapp.RealtimeChatApplication - Starting RealtimeChatApplication v0.0.1-SNAPSHOT using Java 21.0.6 with PID 19888 (D:\jetbrains\cursor\es\backend\target\realtime-chat-0.0.1-SNAPSHOT.jar started by lenovo in D:\jetbrains\cursor\es\backend)
2025-03-08 01:26:50.875 [main] DEBUG com.chatapp.RealtimeChatApplication - Running with Spring Boot v3.2.3, Spring v6.1.4
2025-03-08 01:26:50.876 [main] INFO  com.chatapp.RealtimeChatApplication - No active profile set, falling back to 1 default profile: "default"
2025-03-08 01:26:51.634 [main] INFO  o.s.d.r.c.RepositoryConfigurationDelegate - Bootstrapping Spring Data JPA repositories in DEFAULT mode.
2025-03-08 01:26:51.653 [main] INFO  o.s.d.r.c.RepositoryConfigurationDelegate - Finished Spring Data repository scanning in 12 ms. Found 0 JPA repository interfaces.
2025-03-08 01:26:52.200 [main] INFO  o.s.b.w.e.tomcat.TomcatWebServer - Tomcat initialized with port 8083 (http)
2025-03-08 01:26:52.210 [main] INFO  o.a.coyote.http11.Http11NioProtocol - Initializing ProtocolHandler ["http-nio-8083"]
2025-03-08 01:26:52.212 [main] INFO  o.a.catalina.core.StandardService - Starting service [Tomcat]
2025-03-08 01:26:52.213 [main] INFO  o.a.catalina.core.StandardEngine - Starting Servlet engine: [Apache Tomcat/10.1.19]
2025-03-08 01:26:52.250 [main] INFO  o.a.c.c.C.[Tomcat].[localhost].[/] - Initializing Spring embedded WebApplicationContext
2025-03-08 01:26:52.251 [main] INFO  o.s.b.w.s.c.ServletWebServerApplicationContext - Root WebApplicationContext: initialization completed in 1317 ms
2025-03-08 01:26:52.287 [main] INFO  com.zaxxer.hikari.HikariDataSource - HikariPool-1 - Starting...
2025-03-08 01:26:52.509 [main] INFO  com.zaxxer.hikari.pool.HikariPool - HikariPool-1 - Added connection conn0: url=jdbc:h2:mem:chatdb user=SA
2025-03-08 01:26:52.511 [main] INFO  com.zaxxer.hikari.HikariDataSource - HikariPool-1 - Start completed.
2025-03-08 01:26:52.521 [main] INFO  o.s.b.a.h.H2ConsoleAutoConfiguration - H2 console available at '/h2-console'. Database available at 'jdbc:h2:mem:chatdb'
2025-03-08 01:26:52.713 [main] INFO  o.h.jpa.internal.util.LogHelper - HHH000204: Processing PersistenceUnitInfo [name: default]
2025-03-08 01:26:52.794 [main] INFO  org.hibernate.Version - HHH000412: Hibernate ORM core version 6.4.4.Final
2025-03-08 01:26:52.833 [main] INFO  o.h.c.i.RegionFactoryInitiator - HHH000026: Second-level cache disabled
2025-03-08 01:26:53.002 [main] INFO  o.s.o.j.p.SpringPersistenceUnitInfo - No LoadTimeWeaver setup: ignoring JPA class transformer
2025-03-08 01:26:53.030 [main] WARN  org.hibernate.orm.deprecation - HHH90000025: H2Dialect does not need to be specified explicitly using 'hibernate.dialect' (remove the property setting and it will be selected by default)
2025-03-08 01:26:53.227 [main] INFO  o.h.e.t.j.p.i.JtaPlatformInitiator - HHH000489: No JTA platform available (set 'hibernate.transaction.jta.platform' to enable JTA platform integration)
2025-03-08 01:26:53.230 [main] INFO  o.s.o.j.LocalContainerEntityManagerFactoryBean - Initialized JPA EntityManagerFactory for persistence unit 'default'
2025-03-08 01:26:53.380 [main] DEBUG o.s.w.s.s.s.WebSocketHandlerMapping - Patterns [/ws/**] in 'stompWebSocketHandlerMapping'
2025-03-08 01:26:53.427 [main] WARN  o.s.b.a.o.j.JpaBaseConfiguration$JpaWebConfiguration - spring.jpa.open-in-view is enabled by default. Therefore, database queries may be performed during view rendering. Explicitly configure spring.jpa.open-in-view to disable this warning
2025-03-08 01:26:53.462 [main] DEBUG o.s.w.s.m.WebSocketAnnotationMethodMessageHandler - 
	c.c.c.LogController:
	
2025-03-08 01:26:53.473 [main] DEBUG o.s.w.s.m.WebSocketAnnotationMethodMessageHandler - 
	c.c.c.WebRTCSignalingController:
	{[MESSAGE],[/webrtc/call]}: call(Map,SimpMessageHeaderAccessor)
	{[MESSAGE],[/webrtc/answer]}: answer(WebRTCSignal,SimpMessageHeaderAccessor)
	{[MESSAGE],[/webrtc/hangup]}: hangup(Map,SimpMessageHeaderAccessor)
	{[MESSAGE],[/webrtc/config]}: getWebRTCConfig(SimpMessageHeaderAccessor)
	{[MESSAGE],[/webrtc/ice-candidate]}: iceCandidate(WebRTCSignal,SimpMessageHeaderAccessor)
	{[MESSAGE],[/webrtc/adjust-bitrate]}: adjustBitrate(WebRTCSignal,SimpMessageHeaderAccessor)
2025-03-08 01:26:53.480 [main] DEBUG o.s.w.s.m.WebSocketAnnotationMethodMessageHandler - 
	o.s.b.a.w.s.e.BasicErrorController:
	
2025-03-08 01:26:53.620 [main] DEBUG o.s.w.s.m.m.a.RequestMappingHandlerMapping - 3 mappings in 'requestMappingHandlerMapping'
2025-03-08 01:26:53.668 [main] DEBUG o.s.w.s.h.SimpleUrlHandlerMapping - Patterns [/webjars/**, /**] in 'resourceHandlerMapping'
2025-03-08 01:26:53.707 [main] DEBUG o.s.w.s.m.m.a.RequestMappingHandlerAdapter - ControllerAdvice beans: 0 @ModelAttribute, 0 @InitBinder, 1 RequestBodyAdvice, 1 ResponseBodyAdvice
2025-03-08 01:26:53.760 [main] DEBUG o.s.w.s.m.m.a.ExceptionHandlerExceptionResolver - ControllerAdvice beans: 0 @ExceptionHandler, 1 ResponseBodyAdvice
2025-03-08 01:26:53.916 [main] WARN  o.s.b.a.s.s.UserDetailsServiceAutoConfiguration - 

Using generated security password: 530bdfbf-807f-40ea-b45b-7ba11182e3fa

This generated password is for development use only. Your security configuration must be updated before running your application in production.

2025-03-08 01:26:54.063 [main] INFO  o.s.s.web.DefaultSecurityFilterChain - Will secure any request with [org.springframework.security.web.session.DisableEncodeUrlFilter@52963839, org.springframework.security.web.context.request.async.WebAsyncManagerIntegrationFilter@ce0bbd5, org.springframework.security.web.context.SecurityContextHolderFilter@34e9de8d, org.springframework.security.web.header.HeaderWriterFilter@5a9baba8, org.springframework.web.filter.CorsFilter@399fd710, org.springframework.security.web.csrf.CsrfFilter@480994d3, org.springframework.security.web.authentication.logout.LogoutFilter@3e0327dd, org.springframework.security.web.authentication.UsernamePasswordAuthenticationFilter@5c215642, org.springframework.security.web.authentication.ui.DefaultLoginPageGeneratingFilter@8ee1404, org.springframework.security.web.authentication.ui.DefaultLogoutPageGeneratingFilter@7c359808, org.springframework.security.web.authentication.www.BasicAuthenticationFilter@7ce4498f, org.springframework.security.web.savedrequest.RequestCacheAwareFilter@61ca5134, org.springframework.security.web.servletapi.SecurityContextHolderAwareRequestFilter@7204d98f, org.springframework.security.web.authentication.AnonymousAuthenticationFilter@1f013047, org.springframework.security.web.access.ExceptionTranslationFilter@6e12f38c, org.springframework.security.web.access.intercept.AuthorizationFilter@565c887e]
2025-03-08 01:26:54.121 [main] INFO  o.a.coyote.http11.Http11NioProtocol - Starting ProtocolHandler ["http-nio-8083"]
2025-03-08 01:26:54.156 [main] INFO  o.s.b.w.e.tomcat.TomcatWebServer - Tomcat started on port 8083 (http) with context path ''
2025-03-08 01:26:54.159 [main] DEBUG org.springframework.web.SimpLogging - clientOutboundChannel added SubProtocolWebSocketHandler[StompSubProtocolHandler[v10.stomp, v11.stomp, v12.stomp]]
2025-03-08 01:26:54.159 [main] DEBUG org.springframework.web.SimpLogging - clientInboundChannel added WebSocketAnnotationMethodMessageHandler[prefixes=[/app/]]
2025-03-08 01:26:54.159 [main] INFO  o.s.m.s.b.SimpleBrokerMessageHandler - Starting...
2025-03-08 01:26:54.160 [main] DEBUG org.springframework.web.SimpLogging - clientInboundChannel added SimpleBrokerMessageHandler [org.springframework.messaging.simp.broker.DefaultSubscriptionRegistry@129aaac1]
2025-03-08 01:26:54.160 [main] DEBUG org.springframework.web.SimpLogging - brokerChannel added SimpleBrokerMessageHandler [org.springframework.messaging.simp.broker.DefaultSubscriptionRegistry@129aaac1]
2025-03-08 01:26:54.160 [main] INFO  o.s.m.s.b.SimpleBrokerMessageHandler - BrokerAvailabilityEvent[available=true, SimpleBrokerMessageHandler [org.springframework.messaging.simp.broker.DefaultSubscriptionRegistry@129aaac1]]
2025-03-08 01:26:54.160 [main] INFO  o.s.m.s.b.SimpleBrokerMessageHandler - Started.
2025-03-08 01:26:54.161 [main] DEBUG org.springframework.web.SimpLogging - clientInboundChannel added UserDestinationMessageHandler[DefaultUserDestinationResolver[prefix=/user/]]
2025-03-08 01:26:54.161 [main] DEBUG org.springframework.web.SimpLogging - brokerChannel added UserDestinationMessageHandler[DefaultUserDestinationResolver[prefix=/user/]]
2025-03-08 01:26:54.179 [main] INFO  com.chatapp.RealtimeChatApplication - Started RealtimeChatApplication in 3.808 seconds (process running for 4.299)
2025-03-08 01:27:54.197 [MessageBroker-1] INFO  o.s.w.s.c.WebSocketMessageBrokerStats - WebSocketSession[0 current WS(0)-HttpStream(0)-HttpPoll(0), 0 total, 0 closed abnormally (0 connect failure, 0 send limit, 0 transport error)], stompSubProtocol[processed CONNECT(0)-CONNECTED(0)-DISCONNECT(0)], stompBrokerRelay[null], inboundChannel[pool size = 0, active threads = 0, queued tasks = 0, completed tasks = 0], outboundChannel[pool size = 0, active threads = 0, queued tasks = 0, completed tasks = 0], sockJsScheduler[pool size = 1, active threads = 1, queued tasks = 0, completed tasks = 0]
2025-03-08 01:30:50.040 [SpringApplicationShutdownHook] DEBUG org.springframework.web.SimpLogging - clientOutboundChannel removed SubProtocolWebSocketHandler[StompSubProtocolHandler[v10.stomp, v11.stomp, v12.stomp]]
2025-03-08 01:30:50.041 [SpringApplicationShutdownHook] DEBUG org.springframework.web.SimpLogging - clientInboundChannel removed WebSocketAnnotationMethodMessageHandler[prefixes=[/app/]]
2025-03-08 01:30:50.041 [SpringApplicationShutdownHook] INFO  o.s.m.s.b.SimpleBrokerMessageHandler - Stopping...
2025-03-08 01:30:50.042 [SpringApplicationShutdownHook] INFO  o.s.m.s.b.SimpleBrokerMessageHandler - BrokerAvailabilityEvent[available=false, SimpleBrokerMessageHandler [org.springframework.messaging.simp.broker.DefaultSubscriptionRegistry@129aaac1]]
2025-03-08 01:30:50.042 [SpringApplicationShutdownHook] DEBUG org.springframework.web.SimpLogging - clientInboundChannel removed SimpleBrokerMessageHandler [org.springframework.messaging.simp.broker.DefaultSubscriptionRegistry@129aaac1]
2025-03-08 01:30:50.042 [SpringApplicationShutdownHook] DEBUG org.springframework.web.SimpLogging - brokerChannel removed SimpleBrokerMessageHandler [org.springframework.messaging.simp.broker.DefaultSubscriptionRegistry@129aaac1]
2025-03-08 01:30:50.043 [SpringApplicationShutdownHook] INFO  o.s.m.s.b.SimpleBrokerMessageHandler - Stopped.
2025-03-08 01:30:50.043 [SpringApplicationShutdownHook] DEBUG org.springframework.web.SimpLogging - clientInboundChannel removed UserDestinationMessageHandler[DefaultUserDestinationResolver[prefix=/user/]]
2025-03-08 01:30:50.043 [SpringApplicationShutdownHook] DEBUG org.springframework.web.SimpLogging - brokerChannel removed UserDestinationMessageHandler[DefaultUserDestinationResolver[prefix=/user/]]
2025-03-08 01:30:50.080 [SpringApplicationShutdownHook] INFO  o.s.o.j.LocalContainerEntityManagerFactoryBean - Closing JPA EntityManagerFactory for persistence unit 'default'
2025-03-08 01:30:50.096 [SpringApplicationShutdownHook] INFO  com.zaxxer.hikari.HikariDataSource - HikariPool-1 - Shutdown initiated...
2025-03-08 01:30:50.111 [SpringApplicationShutdownHook] INFO  com.zaxxer.hikari.HikariDataSource - HikariPool-1 - Shutdown completed.
2025-03-08 01:30:56.218 [main] INFO  com.chatapp.RealtimeChatApplication - Starting RealtimeChatApplication v0.0.1-SNAPSHOT using Java 21.0.6 with PID 20152 (D:\jetbrains\cursor\es\backend\target\realtime-chat-0.0.1-SNAPSHOT.jar started by lenovo in D:\jetbrains\cursor\es\backend)
2025-03-08 01:30:56.221 [main] DEBUG com.chatapp.RealtimeChatApplication - Running with Spring Boot v3.2.3, Spring v6.1.4
2025-03-08 01:30:56.223 [main] INFO  com.chatapp.RealtimeChatApplication - No active profile set, falling back to 1 default profile: "default"
2025-03-08 01:30:57.018 [main] INFO  o.s.d.r.c.RepositoryConfigurationDelegate - Bootstrapping Spring Data JPA repositories in DEFAULT mode.
2025-03-08 01:30:57.045 [main] INFO  o.s.d.r.c.RepositoryConfigurationDelegate - Finished Spring Data repository scanning in 14 ms. Found 0 JPA repository interfaces.
2025-03-08 01:30:57.612 [main] INFO  o.s.b.w.e.tomcat.TomcatWebServer - Tomcat initialized with port 8083 (http)
2025-03-08 01:30:57.622 [main] INFO  o.a.coyote.http11.Http11NioProtocol - Initializing ProtocolHandler ["http-nio-8083"]
2025-03-08 01:30:57.624 [main] INFO  o.a.catalina.core.StandardService - Starting service [Tomcat]
2025-03-08 01:30:57.625 [main] INFO  o.a.catalina.core.StandardEngine - Starting Servlet engine: [Apache Tomcat/10.1.19]
2025-03-08 01:30:57.660 [main] INFO  o.a.c.c.C.[Tomcat].[localhost].[/] - Initializing Spring embedded WebApplicationContext
2025-03-08 01:30:57.661 [main] INFO  o.s.b.w.s.c.ServletWebServerApplicationContext - Root WebApplicationContext: initialization completed in 1384 ms
2025-03-08 01:30:57.699 [main] INFO  com.zaxxer.hikari.HikariDataSource - HikariPool-1 - Starting...
2025-03-08 01:30:57.924 [main] INFO  com.zaxxer.hikari.pool.HikariPool - HikariPool-1 - Added connection conn0: url=jdbc:h2:mem:chatdb user=SA
2025-03-08 01:30:57.925 [main] INFO  com.zaxxer.hikari.HikariDataSource - HikariPool-1 - Start completed.
2025-03-08 01:30:57.935 [main] INFO  o.s.b.a.h.H2ConsoleAutoConfiguration - H2 console available at '/h2-console'. Database available at 'jdbc:h2:mem:chatdb'
2025-03-08 01:30:58.121 [main] INFO  o.h.jpa.internal.util.LogHelper - HHH000204: Processing PersistenceUnitInfo [name: default]
2025-03-08 01:30:58.205 [main] INFO  org.hibernate.Version - HHH000412: Hibernate ORM core version 6.4.4.Final
2025-03-08 01:30:58.234 [main] INFO  o.h.c.i.RegionFactoryInitiator - HHH000026: Second-level cache disabled
2025-03-08 01:30:58.484 [main] INFO  o.s.o.j.p.SpringPersistenceUnitInfo - No LoadTimeWeaver setup: ignoring JPA class transformer
2025-03-08 01:30:58.518 [main] WARN  org.hibernate.orm.deprecation - HHH90000025: H2Dialect does not need to be specified explicitly using 'hibernate.dialect' (remove the property setting and it will be selected by default)
2025-03-08 01:30:58.721 [main] INFO  o.h.e.t.j.p.i.JtaPlatformInitiator - HHH000489: No JTA platform available (set 'hibernate.transaction.jta.platform' to enable JTA platform integration)
2025-03-08 01:30:58.725 [main] INFO  o.s.o.j.LocalContainerEntityManagerFactoryBean - Initialized JPA EntityManagerFactory for persistence unit 'default'
2025-03-08 01:30:58.859 [main] DEBUG o.s.w.s.s.s.WebSocketHandlerMapping - Patterns [/ws/**] in 'stompWebSocketHandlerMapping'
2025-03-08 01:30:58.896 [main] WARN  o.s.b.a.o.j.JpaBaseConfiguration$JpaWebConfiguration - spring.jpa.open-in-view is enabled by default. Therefore, database queries may be performed during view rendering. Explicitly configure spring.jpa.open-in-view to disable this warning
2025-03-08 01:30:58.930 [main] DEBUG o.s.w.s.m.WebSocketAnnotationMethodMessageHandler - 
	c.c.c.LogController:
	
2025-03-08 01:30:58.934 [main] DEBUG o.s.w.s.m.WebSocketAnnotationMethodMessageHandler - 
	c.c.c.WebRTCSignalingController:
	{[MESSAGE],[/webrtc/call]}: call(Map,SimpMessageHeaderAccessor)
	{[MESSAGE],[/webrtc/answer]}: answer(WebRTCSignal,SimpMessageHeaderAccessor)
	{[MESSAGE],[/webrtc/hangup]}: hangup(Map,SimpMessageHeaderAccessor)
	{[MESSAGE],[/webrtc/adjust-bitrate]}: adjustBitrate(WebRTCSignal,SimpMessageHeaderAccessor)
	{[MESSAGE],[/webrtc/config]}: getWebRTCConfig(SimpMessageHeaderAccessor)
	{[MESSAGE],[/webrtc/ice-candidate]}: iceCandidate(WebRTCSignal,SimpMessageHeaderAccessor)
2025-03-08 01:30:58.939 [main] DEBUG o.s.w.s.m.WebSocketAnnotationMethodMessageHandler - 
	o.s.b.a.w.s.e.BasicErrorController:
	
2025-03-08 01:30:59.039 [main] DEBUG o.s.w.s.m.m.a.RequestMappingHandlerMapping - 3 mappings in 'requestMappingHandlerMapping'
2025-03-08 01:30:59.079 [main] DEBUG o.s.w.s.h.SimpleUrlHandlerMapping - Patterns [/webjars/**, /**] in 'resourceHandlerMapping'
2025-03-08 01:30:59.114 [main] DEBUG o.s.w.s.m.m.a.RequestMappingHandlerAdapter - ControllerAdvice beans: 0 @ModelAttribute, 0 @InitBinder, 1 RequestBodyAdvice, 1 ResponseBodyAdvice
2025-03-08 01:30:59.148 [main] DEBUG o.s.w.s.m.m.a.ExceptionHandlerExceptionResolver - ControllerAdvice beans: 0 @ExceptionHandler, 1 ResponseBodyAdvice
2025-03-08 01:30:59.275 [main] WARN  o.s.b.a.s.s.UserDetailsServiceAutoConfiguration - 

Using generated security password: a8c1137b-47b5-47bf-bc3a-bce11a4bc617

This generated password is for development use only. Your security configuration must be updated before running your application in production.

2025-03-08 01:30:59.402 [main] INFO  o.s.s.web.DefaultSecurityFilterChain - Will secure any request with [org.springframework.security.web.session.DisableEncodeUrlFilter@363ba634, org.springframework.security.web.context.request.async.WebAsyncManagerIntegrationFilter@60fe75f7, org.springframework.security.web.context.SecurityContextHolderFilter@1f1ffc18, org.springframework.security.web.header.HeaderWriterFilter@59c38af5, org.springframework.web.filter.CorsFilter@4e26c308, org.springframework.security.web.csrf.CsrfFilter@270097ce, org.springframework.security.web.authentication.logout.LogoutFilter@630c3af3, org.springframework.security.web.authentication.UsernamePasswordAuthenticationFilter@38197e82, org.springframework.security.web.authentication.ui.DefaultLoginPageGeneratingFilter@72240290, org.springframework.security.web.authentication.ui.DefaultLogoutPageGeneratingFilter@7c8f803d, org.springframework.security.web.authentication.www.BasicAuthenticationFilter@5c215642, org.springframework.security.web.savedrequest.RequestCacheAwareFilter@1d33e72e, org.springframework.security.web.servletapi.SecurityContextHolderAwareRequestFilter@26a202ae, org.springframework.security.web.authentication.AnonymousAuthenticationFilter@176e839e, org.springframework.security.web.access.ExceptionTranslationFilter@29431f61, org.springframework.security.web.access.intercept.AuthorizationFilter@49fb693d]
2025-03-08 01:30:59.451 [main] INFO  o.a.coyote.http11.Http11NioProtocol - Starting ProtocolHandler ["http-nio-8083"]
2025-03-08 01:30:59.475 [main] INFO  o.s.b.w.e.tomcat.TomcatWebServer - Tomcat started on port 8083 (http) with context path ''
2025-03-08 01:30:59.477 [main] DEBUG org.springframework.web.SimpLogging - clientOutboundChannel added SubProtocolWebSocketHandler[StompSubProtocolHandler[v10.stomp, v11.stomp, v12.stomp]]
2025-03-08 01:30:59.478 [main] DEBUG org.springframework.web.SimpLogging - clientInboundChannel added WebSocketAnnotationMethodMessageHandler[prefixes=[/app/]]
2025-03-08 01:30:59.478 [main] INFO  o.s.m.s.b.SimpleBrokerMessageHandler - Starting...
2025-03-08 01:30:59.478 [main] DEBUG org.springframework.web.SimpLogging - clientInboundChannel added SimpleBrokerMessageHandler [org.springframework.messaging.simp.broker.DefaultSubscriptionRegistry@57617a75]
2025-03-08 01:30:59.478 [main] DEBUG org.springframework.web.SimpLogging - brokerChannel added SimpleBrokerMessageHandler [org.springframework.messaging.simp.broker.DefaultSubscriptionRegistry@57617a75]
2025-03-08 01:30:59.478 [main] INFO  o.s.m.s.b.SimpleBrokerMessageHandler - BrokerAvailabilityEvent[available=true, SimpleBrokerMessageHandler [org.springframework.messaging.simp.broker.DefaultSubscriptionRegistry@57617a75]]
2025-03-08 01:30:59.479 [main] INFO  o.s.m.s.b.SimpleBrokerMessageHandler - Started.
2025-03-08 01:30:59.479 [main] DEBUG org.springframework.web.SimpLogging - clientInboundChannel added UserDestinationMessageHandler[DefaultUserDestinationResolver[prefix=/user/]]
2025-03-08 01:30:59.479 [main] DEBUG org.springframework.web.SimpLogging - brokerChannel added UserDestinationMessageHandler[DefaultUserDestinationResolver[prefix=/user/]]
2025-03-08 01:30:59.490 [main] INFO  com.chatapp.RealtimeChatApplication - Started RealtimeChatApplication in 3.804 seconds (process running for 4.288)
2025-03-08 01:31:59.463 [MessageBroker-1] INFO  o.s.w.s.c.WebSocketMessageBrokerStats - WebSocketSession[0 current WS(0)-HttpStream(0)-HttpPoll(0), 0 total, 0 closed abnormally (0 connect failure, 0 send limit, 0 transport error)], stompSubProtocol[processed CONNECT(0)-CONNECTED(0)-DISCONNECT(0)], stompBrokerRelay[null], inboundChannel[pool size = 0, active threads = 0, queued tasks = 0, completed tasks = 0], outboundChannel[pool size = 0, active threads = 0, queued tasks = 0, completed tasks = 0], sockJsScheduler[pool size = 1, active threads = 1, queued tasks = 0, completed tasks = 0]
2025-03-08 01:32:03.928 [SpringApplicationShutdownHook] DEBUG org.springframework.web.SimpLogging - clientOutboundChannel removed SubProtocolWebSocketHandler[StompSubProtocolHandler[v10.stomp, v11.stomp, v12.stomp]]
2025-03-08 01:32:03.929 [SpringApplicationShutdownHook] DEBUG org.springframework.web.SimpLogging - clientInboundChannel removed WebSocketAnnotationMethodMessageHandler[prefixes=[/app/]]
2025-03-08 01:32:03.929 [SpringApplicationShutdownHook] INFO  o.s.m.s.b.SimpleBrokerMessageHandler - Stopping...
2025-03-08 01:32:03.930 [SpringApplicationShutdownHook] INFO  o.s.m.s.b.SimpleBrokerMessageHandler - BrokerAvailabilityEvent[available=false, SimpleBrokerMessageHandler [org.springframework.messaging.simp.broker.DefaultSubscriptionRegistry@57617a75]]
2025-03-08 01:32:03.930 [SpringApplicationShutdownHook] DEBUG org.springframework.web.SimpLogging - clientInboundChannel removed SimpleBrokerMessageHandler [org.springframework.messaging.simp.broker.DefaultSubscriptionRegistry@57617a75]
2025-03-08 01:32:03.931 [SpringApplicationShutdownHook] DEBUG org.springframework.web.SimpLogging - brokerChannel removed SimpleBrokerMessageHandler [org.springframework.messaging.simp.broker.DefaultSubscriptionRegistry@57617a75]
2025-03-08 01:32:03.931 [SpringApplicationShutdownHook] INFO  o.s.m.s.b.SimpleBrokerMessageHandler - Stopped.
2025-03-08 01:32:03.931 [SpringApplicationShutdownHook] DEBUG org.springframework.web.SimpLogging - clientInboundChannel removed UserDestinationMessageHandler[DefaultUserDestinationResolver[prefix=/user/]]
2025-03-08 01:32:03.931 [SpringApplicationShutdownHook] DEBUG org.springframework.web.SimpLogging - brokerChannel removed UserDestinationMessageHandler[DefaultUserDestinationResolver[prefix=/user/]]
2025-03-08 01:32:03.964 [SpringApplicationShutdownHook] INFO  o.s.o.j.LocalContainerEntityManagerFactoryBean - Closing JPA EntityManagerFactory for persistence unit 'default'
2025-03-08 01:32:03.970 [SpringApplicationShutdownHook] INFO  com.zaxxer.hikari.HikariDataSource - HikariPool-1 - Shutdown initiated...
2025-03-08 01:32:03.981 [SpringApplicationShutdownHook] INFO  com.zaxxer.hikari.HikariDataSource - HikariPool-1 - Shutdown completed.
2025-03-08 01:37:15.036 [main] INFO  com.chatapp.RealtimeChatApplication - Starting RealtimeChatApplication v0.0.1-SNAPSHOT using Java 21.0.6 with PID 17448 (D:\jetbrains\cursor\es\backend\target\realtime-chat-0.0.1-SNAPSHOT.jar started by lenovo in D:\jetbrains\cursor\es\backend)
2025-03-08 01:37:15.037 [main] DEBUG com.chatapp.RealtimeChatApplication - Running with Spring Boot v3.2.3, Spring v6.1.4
2025-03-08 01:37:15.038 [main] INFO  com.chatapp.RealtimeChatApplication - No active profile set, falling back to 1 default profile: "default"
2025-03-08 01:37:15.787 [main] INFO  o.s.d.r.c.RepositoryConfigurationDelegate - Bootstrapping Spring Data JPA repositories in DEFAULT mode.
2025-03-08 01:37:15.808 [main] INFO  o.s.d.r.c.RepositoryConfigurationDelegate - Finished Spring Data repository scanning in 12 ms. Found 0 JPA repository interfaces.
2025-03-08 01:37:16.376 [main] INFO  o.s.b.w.e.tomcat.TomcatWebServer - Tomcat initialized with port 8083 (http)
2025-03-08 01:37:16.387 [main] INFO  o.a.coyote.http11.Http11NioProtocol - Initializing ProtocolHandler ["http-nio-8083"]
2025-03-08 01:37:16.390 [main] INFO  o.a.catalina.core.StandardService - Starting service [Tomcat]
2025-03-08 01:37:16.390 [main] INFO  o.a.catalina.core.StandardEngine - Starting Servlet engine: [Apache Tomcat/10.1.19]
2025-03-08 01:37:16.422 [main] INFO  o.a.c.c.C.[Tomcat].[localhost].[/] - Initializing Spring embedded WebApplicationContext
2025-03-08 01:37:16.425 [main] INFO  o.s.b.w.s.c.ServletWebServerApplicationContext - Root WebApplicationContext: initialization completed in 1324 ms
2025-03-08 01:37:16.463 [main] INFO  com.zaxxer.hikari.HikariDataSource - HikariPool-1 - Starting...
2025-03-08 01:37:16.676 [main] INFO  com.zaxxer.hikari.pool.HikariPool - HikariPool-1 - Added connection conn0: url=jdbc:h2:mem:chatdb user=SA
2025-03-08 01:37:16.678 [main] INFO  com.zaxxer.hikari.HikariDataSource - HikariPool-1 - Start completed.
2025-03-08 01:37:16.689 [main] INFO  o.s.b.a.h.H2ConsoleAutoConfiguration - H2 console available at '/h2-console'. Database available at 'jdbc:h2:mem:chatdb'
2025-03-08 01:37:16.952 [main] INFO  o.h.jpa.internal.util.LogHelper - HHH000204: Processing PersistenceUnitInfo [name: default]
2025-03-08 01:37:17.054 [main] INFO  org.hibernate.Version - HHH000412: Hibernate ORM core version 6.4.4.Final
2025-03-08 01:37:17.079 [main] INFO  o.h.c.i.RegionFactoryInitiator - HHH000026: Second-level cache disabled
2025-03-08 01:37:17.273 [main] INFO  o.s.o.j.p.SpringPersistenceUnitInfo - No LoadTimeWeaver setup: ignoring JPA class transformer
2025-03-08 01:37:17.310 [main] WARN  org.hibernate.orm.deprecation - HHH90000025: H2Dialect does not need to be specified explicitly using 'hibernate.dialect' (remove the property setting and it will be selected by default)
2025-03-08 01:37:17.527 [main] INFO  o.h.e.t.j.p.i.JtaPlatformInitiator - HHH000489: No JTA platform available (set 'hibernate.transaction.jta.platform' to enable JTA platform integration)
2025-03-08 01:37:17.530 [main] INFO  o.s.o.j.LocalContainerEntityManagerFactoryBean - Initialized JPA EntityManagerFactory for persistence unit 'default'
2025-03-08 01:37:17.702 [main] DEBUG o.s.w.s.s.s.WebSocketHandlerMapping - Patterns [/ws/**] in 'stompWebSocketHandlerMapping'
2025-03-08 01:37:17.746 [main] WARN  o.s.b.a.o.j.JpaBaseConfiguration$JpaWebConfiguration - spring.jpa.open-in-view is enabled by default. Therefore, database queries may be performed during view rendering. Explicitly configure spring.jpa.open-in-view to disable this warning
2025-03-08 01:37:17.783 [main] DEBUG o.s.w.s.m.WebSocketAnnotationMethodMessageHandler - 
	c.c.c.LogController:
	
2025-03-08 01:37:17.791 [main] DEBUG o.s.w.s.m.WebSocketAnnotationMethodMessageHandler - 
	c.c.c.WebRTCSignalingController:
	{[MESSAGE],[/webrtc/call]}: call(Map,SimpMessageHeaderAccessor)
	{[MESSAGE],[/webrtc/answer]}: answer(WebRTCSignal,SimpMessageHeaderAccessor)
	{[MESSAGE],[/webrtc/hangup]}: hangup(Map,SimpMessageHeaderAccessor)
	{[MESSAGE],[/webrtc/ice-candidate]}: iceCandidate(WebRTCSignal,SimpMessageHeaderAccessor)
	{[MESSAGE],[/webrtc/adjust-bitrate]}: adjustBitrate(WebRTCSignal,SimpMessageHeaderAccessor)
	{[MESSAGE],[/webrtc/config]}: getWebRTCConfig(SimpMessageHeaderAccessor)
2025-03-08 01:37:17.801 [main] DEBUG o.s.w.s.m.WebSocketAnnotationMethodMessageHandler - 
	o.s.b.a.w.s.e.BasicErrorController:
	
2025-03-08 01:37:17.902 [main] DEBUG o.s.w.s.m.m.a.RequestMappingHandlerMapping - 3 mappings in 'requestMappingHandlerMapping'
2025-03-08 01:37:17.944 [main] DEBUG o.s.w.s.h.SimpleUrlHandlerMapping - Patterns [/webjars/**, /**] in 'resourceHandlerMapping'
2025-03-08 01:37:17.982 [main] DEBUG o.s.w.s.m.m.a.RequestMappingHandlerAdapter - ControllerAdvice beans: 0 @ModelAttribute, 0 @InitBinder, 1 RequestBodyAdvice, 1 ResponseBodyAdvice
2025-03-08 01:37:18.019 [main] DEBUG o.s.w.s.m.m.a.ExceptionHandlerExceptionResolver - ControllerAdvice beans: 0 @ExceptionHandler, 1 ResponseBodyAdvice
2025-03-08 01:37:18.162 [main] WARN  o.s.b.a.s.s.UserDetailsServiceAutoConfiguration - 

Using generated security password: fc97dadc-c867-4387-84a5-020ce9581fbd

This generated password is for development use only. Your security configuration must be updated before running your application in production.

2025-03-08 01:37:18.281 [main] INFO  o.s.s.web.DefaultSecurityFilterChain - Will secure any request with [org.springframework.security.web.session.DisableEncodeUrlFilter@426913c4, org.springframework.security.web.context.request.async.WebAsyncManagerIntegrationFilter@1bba9862, org.springframework.security.web.context.SecurityContextHolderFilter@3acc65f0, org.springframework.security.web.header.HeaderWriterFilter@a5d23c9, org.springframework.web.filter.CorsFilter@451a4187, org.springframework.security.web.csrf.CsrfFilter@61d8a491, org.springframework.security.web.authentication.logout.LogoutFilter@5c3924fd, org.springframework.security.web.authentication.UsernamePasswordAuthenticationFilter@450f0d89, org.springframework.security.web.authentication.ui.DefaultLoginPageGeneratingFilter@5a4e492c, org.springframework.security.web.authentication.ui.DefaultLogoutPageGeneratingFilter@565c887e, org.springframework.security.web.authentication.www.BasicAuthenticationFilter@75c589f2, org.springframework.security.web.savedrequest.RequestCacheAwareFilter@29431f61, org.springframework.security.web.servletapi.SecurityContextHolderAwareRequestFilter@f98cff, org.springframework.security.web.authentication.AnonymousAuthenticationFilter@5c215642, org.springframework.security.web.access.ExceptionTranslationFilter@480994d3, org.springframework.security.web.access.intercept.AuthorizationFilter@240291d9]
2025-03-08 01:37:18.339 [main] INFO  o.a.coyote.http11.Http11NioProtocol - Starting ProtocolHandler ["http-nio-8083"]
2025-03-08 01:37:18.371 [main] INFO  o.s.b.w.e.tomcat.TomcatWebServer - Tomcat started on port 8083 (http) with context path ''
2025-03-08 01:37:18.375 [main] DEBUG org.springframework.web.SimpLogging - clientOutboundChannel added SubProtocolWebSocketHandler[StompSubProtocolHandler[v10.stomp, v11.stomp, v12.stomp]]
2025-03-08 01:37:18.375 [main] DEBUG org.springframework.web.SimpLogging - clientInboundChannel added WebSocketAnnotationMethodMessageHandler[prefixes=[/app/]]
2025-03-08 01:37:18.375 [main] INFO  o.s.m.s.b.SimpleBrokerMessageHandler - Starting...
2025-03-08 01:37:18.375 [main] DEBUG org.springframework.web.SimpLogging - clientInboundChannel added SimpleBrokerMessageHandler [org.springframework.messaging.simp.broker.DefaultSubscriptionRegistry@102c24d1]
2025-03-08 01:37:18.375 [main] DEBUG org.springframework.web.SimpLogging - brokerChannel added SimpleBrokerMessageHandler [org.springframework.messaging.simp.broker.DefaultSubscriptionRegistry@102c24d1]
2025-03-08 01:37:18.376 [main] INFO  o.s.m.s.b.SimpleBrokerMessageHandler - BrokerAvailabilityEvent[available=true, SimpleBrokerMessageHandler [org.springframework.messaging.simp.broker.DefaultSubscriptionRegistry@102c24d1]]
2025-03-08 01:37:18.376 [main] INFO  o.s.m.s.b.SimpleBrokerMessageHandler - Started.
2025-03-08 01:37:18.377 [main] DEBUG org.springframework.web.SimpLogging - clientInboundChannel added UserDestinationMessageHandler[DefaultUserDestinationResolver[prefix=/user/]]
2025-03-08 01:37:18.377 [main] DEBUG org.springframework.web.SimpLogging - brokerChannel added UserDestinationMessageHandler[DefaultUserDestinationResolver[prefix=/user/]]
2025-03-08 01:37:18.394 [main] INFO  com.chatapp.RealtimeChatApplication - Started RealtimeChatApplication in 3.872 seconds (process running for 4.412)
2025-03-08 01:37:57.761 [SpringApplicationShutdownHook] DEBUG org.springframework.web.SimpLogging - clientOutboundChannel removed SubProtocolWebSocketHandler[StompSubProtocolHandler[v10.stomp, v11.stomp, v12.stomp]]
2025-03-08 01:37:57.762 [SpringApplicationShutdownHook] DEBUG org.springframework.web.SimpLogging - clientInboundChannel removed WebSocketAnnotationMethodMessageHandler[prefixes=[/app/]]
2025-03-08 01:37:57.762 [SpringApplicationShutdownHook] INFO  o.s.m.s.b.SimpleBrokerMessageHandler - Stopping...
2025-03-08 01:37:57.762 [SpringApplicationShutdownHook] INFO  o.s.m.s.b.SimpleBrokerMessageHandler - BrokerAvailabilityEvent[available=false, SimpleBrokerMessageHandler [org.springframework.messaging.simp.broker.DefaultSubscriptionRegistry@102c24d1]]
2025-03-08 01:37:57.763 [SpringApplicationShutdownHook] DEBUG org.springframework.web.SimpLogging - clientInboundChannel removed SimpleBrokerMessageHandler [org.springframework.messaging.simp.broker.DefaultSubscriptionRegistry@102c24d1]
2025-03-08 01:37:57.763 [SpringApplicationShutdownHook] DEBUG org.springframework.web.SimpLogging - brokerChannel removed SimpleBrokerMessageHandler [org.springframework.messaging.simp.broker.DefaultSubscriptionRegistry@102c24d1]
2025-03-08 01:37:57.763 [SpringApplicationShutdownHook] INFO  o.s.m.s.b.SimpleBrokerMessageHandler - Stopped.
2025-03-08 01:37:57.764 [SpringApplicationShutdownHook] DEBUG org.springframework.web.SimpLogging - clientInboundChannel removed UserDestinationMessageHandler[DefaultUserDestinationResolver[prefix=/user/]]
2025-03-08 01:37:57.764 [SpringApplicationShutdownHook] DEBUG org.springframework.web.SimpLogging - brokerChannel removed UserDestinationMessageHandler[DefaultUserDestinationResolver[prefix=/user/]]
2025-03-08 01:37:57.790 [SpringApplicationShutdownHook] INFO  o.s.o.j.LocalContainerEntityManagerFactoryBean - Closing JPA EntityManagerFactory for persistence unit 'default'
2025-03-08 01:37:57.799 [SpringApplicationShutdownHook] INFO  com.zaxxer.hikari.HikariDataSource - HikariPool-1 - Shutdown initiated...
2025-03-08 01:37:57.809 [SpringApplicationShutdownHook] INFO  com.zaxxer.hikari.HikariDataSource - HikariPool-1 - Shutdown completed.
2025-03-08 01:38:03.810 [main] INFO  com.chatapp.RealtimeChatApplication - Starting RealtimeChatApplication v0.0.1-SNAPSHOT using Java 21.0.6 with PID 11324 (D:\jetbrains\cursor\es\backend\target\realtime-chat-0.0.1-SNAPSHOT.jar started by lenovo in D:\jetbrains\cursor\es\backend)
2025-03-08 01:38:03.812 [main] DEBUG com.chatapp.RealtimeChatApplication - Running with Spring Boot v3.2.3, Spring v6.1.4
2025-03-08 01:38:03.812 [main] INFO  com.chatapp.RealtimeChatApplication - No active profile set, falling back to 1 default profile: "default"
2025-03-08 01:38:04.537 [main] INFO  o.s.d.r.c.RepositoryConfigurationDelegate - Bootstrapping Spring Data JPA repositories in DEFAULT mode.
2025-03-08 01:38:04.557 [main] INFO  o.s.d.r.c.RepositoryConfigurationDelegate - Finished Spring Data repository scanning in 13 ms. Found 0 JPA repository interfaces.
2025-03-08 01:38:05.092 [main] INFO  o.s.b.w.e.tomcat.TomcatWebServer - Tomcat initialized with port 8083 (http)
2025-03-08 01:38:05.105 [main] INFO  o.a.coyote.http11.Http11NioProtocol - Initializing ProtocolHandler ["http-nio-8083"]
2025-03-08 01:38:05.107 [main] INFO  o.a.catalina.core.StandardService - Starting service [Tomcat]
2025-03-08 01:38:05.108 [main] INFO  o.a.catalina.core.StandardEngine - Starting Servlet engine: [Apache Tomcat/10.1.19]
2025-03-08 01:38:05.142 [main] INFO  o.a.c.c.C.[Tomcat].[localhost].[/] - Initializing Spring embedded WebApplicationContext
2025-03-08 01:38:05.142 [main] INFO  o.s.b.w.s.c.ServletWebServerApplicationContext - Root WebApplicationContext: initialization completed in 1273 ms
2025-03-08 01:38:05.175 [main] INFO  com.zaxxer.hikari.HikariDataSource - HikariPool-1 - Starting...
2025-03-08 01:38:05.360 [main] INFO  com.zaxxer.hikari.pool.HikariPool - HikariPool-1 - Added connection conn0: url=jdbc:h2:mem:chatdb user=SA
2025-03-08 01:38:05.361 [main] INFO  com.zaxxer.hikari.HikariDataSource - HikariPool-1 - Start completed.
2025-03-08 01:38:05.370 [main] INFO  o.s.b.a.h.H2ConsoleAutoConfiguration - H2 console available at '/h2-console'. Database available at 'jdbc:h2:mem:chatdb'
2025-03-08 01:38:05.631 [main] INFO  o.h.jpa.internal.util.LogHelper - HHH000204: Processing PersistenceUnitInfo [name: default]
2025-03-08 01:38:05.712 [main] INFO  org.hibernate.Version - HHH000412: Hibernate ORM core version 6.4.4.Final
2025-03-08 01:38:05.742 [main] INFO  o.h.c.i.RegionFactoryInitiator - HHH000026: Second-level cache disabled
2025-03-08 01:38:05.945 [main] INFO  o.s.o.j.p.SpringPersistenceUnitInfo - No LoadTimeWeaver setup: ignoring JPA class transformer
2025-03-08 01:38:05.978 [main] WARN  org.hibernate.orm.deprecation - HHH90000025: H2Dialect does not need to be specified explicitly using 'hibernate.dialect' (remove the property setting and it will be selected by default)
2025-03-08 01:38:06.249 [main] INFO  o.h.e.t.j.p.i.JtaPlatformInitiator - HHH000489: No JTA platform available (set 'hibernate.transaction.jta.platform' to enable JTA platform integration)
2025-03-08 01:38:06.253 [main] INFO  o.s.o.j.LocalContainerEntityManagerFactoryBean - Initialized JPA EntityManagerFactory for persistence unit 'default'
2025-03-08 01:38:06.504 [main] DEBUG o.s.w.s.s.s.WebSocketHandlerMapping - Patterns [/ws/**] in 'stompWebSocketHandlerMapping'
2025-03-08 01:38:06.562 [main] WARN  o.s.b.a.o.j.JpaBaseConfiguration$JpaWebConfiguration - spring.jpa.open-in-view is enabled by default. Therefore, database queries may be performed during view rendering. Explicitly configure spring.jpa.open-in-view to disable this warning
2025-03-08 01:38:06.613 [main] DEBUG o.s.w.s.m.WebSocketAnnotationMethodMessageHandler - 
	c.c.c.LogController:
	
2025-03-08 01:38:06.624 [main] DEBUG o.s.w.s.m.WebSocketAnnotationMethodMessageHandler - 
	c.c.c.WebRTCSignalingController:
	{[MESSAGE],[/webrtc/call]}: call(Map,SimpMessageHeaderAccessor)
	{[MESSAGE],[/webrtc/answer]}: answer(WebRTCSignal,SimpMessageHeaderAccessor)
	{[MESSAGE],[/webrtc/hangup]}: hangup(Map,SimpMessageHeaderAccessor)
	{[MESSAGE],[/webrtc/ice-candidate]}: iceCandidate(WebRTCSignal,SimpMessageHeaderAccessor)
	{[MESSAGE],[/webrtc/adjust-bitrate]}: adjustBitrate(WebRTCSignal,SimpMessageHeaderAccessor)
	{[MESSAGE],[/webrtc/config]}: getWebRTCConfig(SimpMessageHeaderAccessor)
2025-03-08 01:38:06.633 [main] DEBUG o.s.w.s.m.WebSocketAnnotationMethodMessageHandler - 
	o.s.b.a.w.s.e.BasicErrorController:
	
2025-03-08 01:38:06.734 [main] DEBUG o.s.w.s.m.m.a.RequestMappingHandlerMapping - 3 mappings in 'requestMappingHandlerMapping'
2025-03-08 01:38:06.786 [main] DEBUG o.s.w.s.h.SimpleUrlHandlerMapping - Patterns [/webjars/**, /**] in 'resourceHandlerMapping'
2025-03-08 01:38:06.823 [main] DEBUG o.s.w.s.m.m.a.RequestMappingHandlerAdapter - ControllerAdvice beans: 0 @ModelAttribute, 0 @InitBinder, 1 RequestBodyAdvice, 1 ResponseBodyAdvice
2025-03-08 01:38:06.860 [main] DEBUG o.s.w.s.m.m.a.ExceptionHandlerExceptionResolver - ControllerAdvice beans: 0 @ExceptionHandler, 1 ResponseBodyAdvice
2025-03-08 01:38:06.998 [main] WARN  o.s.b.a.s.s.UserDetailsServiceAutoConfiguration - 

Using generated security password: c4852cd4-0a34-4ac3-986e-306612f8016f

This generated password is for development use only. Your security configuration must be updated before running your application in production.

2025-03-08 01:38:07.107 [main] INFO  o.s.s.web.DefaultSecurityFilterChain - Will secure any request with [org.springframework.security.web.session.DisableEncodeUrlFilter@4e26c308, org.springframework.security.web.context.request.async.WebAsyncManagerIntegrationFilter@7c8f803d, org.springframework.security.web.context.SecurityContextHolderFilter@1d33e72e, org.springframework.security.web.header.HeaderWriterFilter@534d0cfa, org.springframework.web.filter.CorsFilter@176e839e, org.springframework.security.web.csrf.CsrfFilter@69cb134, org.springframework.security.web.authentication.logout.LogoutFilter@5cba474f, org.springframework.security.web.authentication.UsernamePasswordAuthenticationFilter@6765b6a2, org.springframework.security.web.authentication.ui.DefaultLoginPageGeneratingFilter@34e9de8d, org.springframework.security.web.authentication.ui.DefaultLogoutPageGeneratingFilter@4ac0d49, org.springframework.security.web.authentication.www.BasicAuthenticationFilter@416c1b0, org.springframework.security.web.savedrequest.RequestCacheAwareFilter@46bdc55e, org.springframework.security.web.servletapi.SecurityContextHolderAwareRequestFilter@6e12f38c, org.springframework.security.web.authentication.AnonymousAuthenticationFilter@7c6ab057, org.springframework.security.web.access.ExceptionTranslationFilter@59c38af5, org.springframework.security.web.access.intercept.AuthorizationFilter@5516ee5]
2025-03-08 01:38:07.164 [main] INFO  o.a.coyote.http11.Http11NioProtocol - Starting ProtocolHandler ["http-nio-8083"]
2025-03-08 01:38:07.193 [main] INFO  o.s.b.w.e.tomcat.TomcatWebServer - Tomcat started on port 8083 (http) with context path ''
2025-03-08 01:38:07.195 [main] DEBUG org.springframework.web.SimpLogging - clientOutboundChannel added SubProtocolWebSocketHandler[StompSubProtocolHandler[v10.stomp, v11.stomp, v12.stomp]]
2025-03-08 01:38:07.195 [main] DEBUG org.springframework.web.SimpLogging - clientInboundChannel added WebSocketAnnotationMethodMessageHandler[prefixes=[/app/]]
2025-03-08 01:38:07.196 [main] INFO  o.s.m.s.b.SimpleBrokerMessageHandler - Starting...
2025-03-08 01:38:07.196 [main] DEBUG org.springframework.web.SimpLogging - clientInboundChannel added SimpleBrokerMessageHandler [org.springframework.messaging.simp.broker.DefaultSubscriptionRegistry@3225d950]
2025-03-08 01:38:07.196 [main] DEBUG org.springframework.web.SimpLogging - brokerChannel added SimpleBrokerMessageHandler [org.springframework.messaging.simp.broker.DefaultSubscriptionRegistry@3225d950]
2025-03-08 01:38:07.196 [main] INFO  o.s.m.s.b.SimpleBrokerMessageHandler - BrokerAvailabilityEvent[available=true, SimpleBrokerMessageHandler [org.springframework.messaging.simp.broker.DefaultSubscriptionRegistry@3225d950]]
2025-03-08 01:38:07.197 [main] INFO  o.s.m.s.b.SimpleBrokerMessageHandler - Started.
2025-03-08 01:38:07.197 [main] DEBUG org.springframework.web.SimpLogging - clientInboundChannel added UserDestinationMessageHandler[DefaultUserDestinationResolver[prefix=/user/]]
2025-03-08 01:38:07.197 [main] DEBUG org.springframework.web.SimpLogging - brokerChannel added UserDestinationMessageHandler[DefaultUserDestinationResolver[prefix=/user/]]
2025-03-08 01:38:07.212 [main] INFO  com.chatapp.RealtimeChatApplication - Started RealtimeChatApplication in 3.892 seconds (process running for 4.413)
2025-03-08 01:39:07.175 [MessageBroker-1] INFO  o.s.w.s.c.WebSocketMessageBrokerStats - WebSocketSession[0 current WS(0)-HttpStream(0)-HttpPoll(0), 0 total, 0 closed abnormally (0 connect failure, 0 send limit, 0 transport error)], stompSubProtocol[processed CONNECT(0)-CONNECTED(0)-DISCONNECT(0)], stompBrokerRelay[null], inboundChannel[pool size = 0, active threads = 0, queued tasks = 0, completed tasks = 0], outboundChannel[pool size = 0, active threads = 0, queued tasks = 0, completed tasks = 0], sockJsScheduler[pool size = 1, active threads = 1, queued tasks = 0, completed tasks = 0]
2025-03-08 01:41:41.040 [main] INFO  com.chatapp.RealtimeChatApplication - Starting RealtimeChatApplication v0.0.1-SNAPSHOT using Java 21.0.6 with PID 15212 (D:\jetbrains\cursor\es\backend\target\realtime-chat-0.0.1-SNAPSHOT.jar started by lenovo in D:\jetbrains\cursor\es\backend)
2025-03-08 01:41:41.043 [main] INFO  com.chatapp.RealtimeChatApplication - The following 1 profile is active: "prod"
2025-03-08 01:41:41.827 [main] INFO  o.s.d.r.c.RepositoryConfigurationDelegate - Bootstrapping Spring Data JPA repositories in DEFAULT mode.
2025-03-08 01:41:41.847 [main] INFO  o.s.d.r.c.RepositoryConfigurationDelegate - Finished Spring Data repository scanning in 13 ms. Found 0 JPA repository interfaces.
2025-03-08 01:41:42.431 [main] INFO  o.s.b.w.e.tomcat.TomcatWebServer - Tomcat initialized with port 8083 (http)
2025-03-08 01:41:42.442 [main] INFO  o.a.coyote.http11.Http11NioProtocol - Initializing ProtocolHandler ["http-nio-8083"]
2025-03-08 01:41:42.445 [main] INFO  o.a.catalina.core.StandardService - Starting service [Tomcat]
2025-03-08 01:41:42.445 [main] INFO  o.a.catalina.core.StandardEngine - Starting Servlet engine: [Apache Tomcat/10.1.19]
2025-03-08 01:41:42.483 [main] INFO  o.a.c.c.C.[Tomcat].[localhost].[/] - Initializing Spring embedded WebApplicationContext
2025-03-08 01:41:42.484 [main] INFO  o.s.b.w.s.c.ServletWebServerApplicationContext - Root WebApplicationContext: initialization completed in 1362 ms
2025-03-08 01:41:42.702 [main] INFO  o.h.jpa.internal.util.LogHelper - HHH000204: Processing PersistenceUnitInfo [name: default]
2025-03-08 01:41:42.826 [main] INFO  org.hibernate.Version - HHH000412: Hibernate ORM core version 6.4.4.Final
2025-03-08 01:41:42.890 [main] INFO  o.h.c.i.RegionFactoryInitiator - HHH000026: Second-level cache disabled
2025-03-08 01:41:43.168 [main] INFO  o.s.o.j.p.SpringPersistenceUnitInfo - No LoadTimeWeaver setup: ignoring JPA class transformer
2025-03-08 01:41:43.195 [main] INFO  com.zaxxer.hikari.HikariDataSource - HikariPool-1 - Starting...
2025-03-08 01:41:43.380 [main] INFO  com.zaxxer.hikari.pool.HikariPool - HikariPool-1 - Added connection conn0: url=jdbc:h2:file:./data/chatapp user=SA
2025-03-08 01:41:43.380 [main] INFO  com.zaxxer.hikari.HikariDataSource - HikariPool-1 - Start completed.
2025-03-08 01:41:43.397 [main] WARN  org.hibernate.orm.deprecation - HHH90000025: H2Dialect does not need to be specified explicitly using 'hibernate.dialect' (remove the property setting and it will be selected by default)
2025-03-08 01:41:43.604 [main] INFO  o.h.e.t.j.p.i.JtaPlatformInitiator - HHH000489: No JTA platform available (set 'hibernate.transaction.jta.platform' to enable JTA platform integration)
2025-03-08 01:41:43.607 [main] INFO  o.s.o.j.LocalContainerEntityManagerFactoryBean - Initialized JPA EntityManagerFactory for persistence unit 'default'
2025-03-08 01:41:43.836 [main] DEBUG o.s.w.s.s.s.WebSocketHandlerMapping - Patterns [/ws/**] in 'stompWebSocketHandlerMapping'
2025-03-08 01:41:43.896 [main] WARN  o.s.b.a.o.j.JpaBaseConfiguration$JpaWebConfiguration - spring.jpa.open-in-view is enabled by default. Therefore, database queries may be performed during view rendering. Explicitly configure spring.jpa.open-in-view to disable this warning
2025-03-08 01:41:43.942 [main] DEBUG o.s.w.s.m.WebSocketAnnotationMethodMessageHandler - 
	c.c.c.LogController:
	
2025-03-08 01:41:43.952 [main] DEBUG o.s.w.s.m.WebSocketAnnotationMethodMessageHandler - 
	c.c.c.WebRTCSignalingController:
	{[MESSAGE],[/webrtc/call]}: call(Map,SimpMessageHeaderAccessor)
	{[MESSAGE],[/webrtc/answer]}: answer(WebRTCSignal,SimpMessageHeaderAccessor)
	{[MESSAGE],[/webrtc/hangup]}: hangup(Map,SimpMessageHeaderAccessor)
	{[MESSAGE],[/webrtc/ice-candidate]}: iceCandidate(WebRTCSignal,SimpMessageHeaderAccessor)
	{[MESSAGE],[/webrtc/config]}: getWebRTCConfig(SimpMessageHeaderAccessor)
	{[MESSAGE],[/webrtc/adjust-bitrate]}: adjustBitrate(WebRTCSignal,SimpMessageHeaderAccessor)
2025-03-08 01:41:43.964 [main] DEBUG o.s.w.s.m.WebSocketAnnotationMethodMessageHandler - 
	o.s.b.a.w.s.e.BasicErrorController:
	
2025-03-08 01:41:44.105 [main] DEBUG o.s.w.s.m.m.a.RequestMappingHandlerMapping - 3 mappings in 'requestMappingHandlerMapping'
2025-03-08 01:41:44.177 [main] DEBUG o.s.w.s.h.SimpleUrlHandlerMapping - Patterns [/webjars/**, /**] in 'resourceHandlerMapping'
2025-03-08 01:41:44.234 [main] DEBUG o.s.w.s.m.m.a.RequestMappingHandlerAdapter - ControllerAdvice beans: 0 @ModelAttribute, 0 @InitBinder, 1 RequestBodyAdvice, 1 ResponseBodyAdvice
2025-03-08 01:41:44.305 [main] DEBUG o.s.w.s.m.m.a.ExceptionHandlerExceptionResolver - ControllerAdvice beans: 0 @ExceptionHandler, 1 ResponseBodyAdvice
2025-03-08 01:41:44.642 [main] INFO  o.s.s.web.DefaultSecurityFilterChain - Will secure any request with [org.springframework.security.web.session.DisableEncodeUrlFilter@50008974, org.springframework.security.web.context.request.async.WebAsyncManagerIntegrationFilter@5274830e, org.springframework.security.web.context.SecurityContextHolderFilter@19f1f330, org.springframework.security.web.header.HeaderWriterFilter@47994b51, org.springframework.web.filter.CorsFilter@6a0ee80, org.springframework.security.web.csrf.CsrfFilter@8091d80, org.springframework.security.web.authentication.logout.LogoutFilter@70eb94d7, org.springframework.security.web.authentication.UsernamePasswordAuthenticationFilter@4d90d91f, org.springframework.security.web.authentication.ui.DefaultLoginPageGeneratingFilter@7db2b614, org.springframework.security.web.authentication.ui.DefaultLogoutPageGeneratingFilter@71de1091, org.springframework.security.web.authentication.www.BasicAuthenticationFilter@1642968c, org.springframework.security.web.savedrequest.RequestCacheAwareFilter@41463c56, org.springframework.security.web.servletapi.SecurityContextHolderAwareRequestFilter@161c9468, org.springframework.security.web.authentication.AnonymousAuthenticationFilter@25c16cf7, org.springframework.security.web.access.ExceptionTranslationFilter@5b324447, org.springframework.security.web.access.intercept.AuthorizationFilter@f575d2b]
2025-03-08 01:41:44.693 [main] INFO  o.a.coyote.http11.Http11NioProtocol - Starting ProtocolHandler ["http-nio-8083"]
2025-03-08 01:41:44.705 [main] WARN  o.s.b.w.s.c.AnnotationConfigServletWebServerApplicationContext - Exception encountered during context initialization - cancelling refresh attempt: org.springframework.context.ApplicationContextException: Failed to start bean 'webServerStartStop'
2025-03-08 01:41:44.711 [main] INFO  o.s.o.j.LocalContainerEntityManagerFactoryBean - Closing JPA EntityManagerFactory for persistence unit 'default'
2025-03-08 01:41:44.716 [main] INFO  com.zaxxer.hikari.HikariDataSource - HikariPool-1 - Shutdown initiated...
2025-03-08 01:41:44.729 [main] INFO  com.zaxxer.hikari.HikariDataSource - HikariPool-1 - Shutdown completed.
2025-03-08 01:41:44.745 [main] INFO  o.s.b.a.l.ConditionEvaluationReportLogger - 

Error starting ApplicationContext. To display the condition evaluation report re-run your application with 'debug' enabled.
2025-03-08 01:41:44.774 [main] ERROR o.s.b.d.LoggingFailureAnalysisReporter - 

***************************
APPLICATION FAILED TO START
***************************

Description:

Web server failed to start. Port 8083 was already in use.

Action:

Identify and stop the process that's listening on port 8083 or configure this application to listen on another port.

2025-03-08 01:42:28.177 [main] INFO  com.chatapp.RealtimeChatApplication - Starting RealtimeChatApplication v0.0.1-SNAPSHOT using Java 21.0.6 with PID 18332 (D:\jetbrains\cursor\es\backend\target\realtime-chat-0.0.1-SNAPSHOT.jar started by lenovo in D:\jetbrains\cursor\es\backend)
2025-03-08 01:42:28.181 [main] INFO  com.chatapp.RealtimeChatApplication - The following 1 profile is active: "prod"
2025-03-08 01:42:29.153 [main] INFO  o.s.d.r.c.RepositoryConfigurationDelegate - Bootstrapping Spring Data JPA repositories in DEFAULT mode.
2025-03-08 01:42:29.194 [main] INFO  o.s.d.r.c.RepositoryConfigurationDelegate - Finished Spring Data repository scanning in 26 ms. Found 0 JPA repository interfaces.
2025-03-08 01:42:29.874 [main] INFO  o.s.b.w.e.tomcat.TomcatWebServer - Tomcat initialized with port 8083 (http)
2025-03-08 01:42:29.884 [main] INFO  o.a.coyote.http11.Http11NioProtocol - Initializing ProtocolHandler ["http-nio-8083"]
2025-03-08 01:42:29.885 [main] INFO  o.a.catalina.core.StandardService - Starting service [Tomcat]
2025-03-08 01:42:29.886 [main] INFO  o.a.catalina.core.StandardEngine - Starting Servlet engine: [Apache Tomcat/10.1.19]
2025-03-08 01:42:29.928 [main] INFO  o.a.c.c.C.[Tomcat].[localhost].[/] - Initializing Spring embedded WebApplicationContext
2025-03-08 01:42:29.930 [main] INFO  o.s.b.w.s.c.ServletWebServerApplicationContext - Root WebApplicationContext: initialization completed in 1667 ms
2025-03-08 01:42:30.181 [main] INFO  o.h.jpa.internal.util.LogHelper - HHH000204: Processing PersistenceUnitInfo [name: default]
2025-03-08 01:42:30.306 [main] INFO  org.hibernate.Version - HHH000412: Hibernate ORM core version 6.4.4.Final
2025-03-08 01:42:30.382 [main] INFO  o.h.c.i.RegionFactoryInitiator - HHH000026: Second-level cache disabled
2025-03-08 01:42:30.644 [main] INFO  o.s.o.j.p.SpringPersistenceUnitInfo - No LoadTimeWeaver setup: ignoring JPA class transformer
2025-03-08 01:42:30.683 [main] INFO  com.zaxxer.hikari.HikariDataSource - HikariPool-1 - Starting...
2025-03-08 01:42:30.970 [main] INFO  com.zaxxer.hikari.pool.HikariPool - HikariPool-1 - Added connection conn0: url=jdbc:h2:file:./data/chatapp user=SA
2025-03-08 01:42:30.972 [main] INFO  com.zaxxer.hikari.HikariDataSource - HikariPool-1 - Start completed.
2025-03-08 01:42:30.994 [main] WARN  org.hibernate.orm.deprecation - HHH90000025: H2Dialect does not need to be specified explicitly using 'hibernate.dialect' (remove the property setting and it will be selected by default)
2025-03-08 01:42:31.305 [main] INFO  o.h.e.t.j.p.i.JtaPlatformInitiator - HHH000489: No JTA platform available (set 'hibernate.transaction.jta.platform' to enable JTA platform integration)
2025-03-08 01:42:31.309 [main] INFO  o.s.o.j.LocalContainerEntityManagerFactoryBean - Initialized JPA EntityManagerFactory for persistence unit 'default'
2025-03-08 01:42:31.580 [main] DEBUG o.s.w.s.s.s.WebSocketHandlerMapping - Patterns [/ws/**] in 'stompWebSocketHandlerMapping'
2025-03-08 01:42:31.627 [main] WARN  o.s.b.a.o.j.JpaBaseConfiguration$JpaWebConfiguration - spring.jpa.open-in-view is enabled by default. Therefore, database queries may be performed during view rendering. Explicitly configure spring.jpa.open-in-view to disable this warning
2025-03-08 01:42:31.672 [main] DEBUG o.s.w.s.m.WebSocketAnnotationMethodMessageHandler - 
	c.c.c.LogController:
	
2025-03-08 01:42:31.680 [main] DEBUG o.s.w.s.m.WebSocketAnnotationMethodMessageHandler - 
	c.c.c.WebRTCSignalingController:
	{[MESSAGE],[/webrtc/call]}: call(Map,SimpMessageHeaderAccessor)
	{[MESSAGE],[/webrtc/answer]}: answer(WebRTCSignal,SimpMessageHeaderAccessor)
	{[MESSAGE],[/webrtc/hangup]}: hangup(Map,SimpMessageHeaderAccessor)
	{[MESSAGE],[/webrtc/ice-candidate]}: iceCandidate(WebRTCSignal,SimpMessageHeaderAccessor)
	{[MESSAGE],[/webrtc/config]}: getWebRTCConfig(SimpMessageHeaderAccessor)
	{[MESSAGE],[/webrtc/adjust-bitrate]}: adjustBitrate(WebRTCSignal,SimpMessageHeaderAccessor)
2025-03-08 01:42:31.692 [main] DEBUG o.s.w.s.m.WebSocketAnnotationMethodMessageHandler - 
	o.s.b.a.w.s.e.BasicErrorController:
	
2025-03-08 01:42:31.816 [main] DEBUG o.s.w.s.m.m.a.RequestMappingHandlerMapping - 3 mappings in 'requestMappingHandlerMapping'
2025-03-08 01:42:31.866 [main] DEBUG o.s.w.s.h.SimpleUrlHandlerMapping - Patterns [/webjars/**, /**] in 'resourceHandlerMapping'
2025-03-08 01:42:31.908 [main] DEBUG o.s.w.s.m.m.a.RequestMappingHandlerAdapter - ControllerAdvice beans: 0 @ModelAttribute, 0 @InitBinder, 1 RequestBodyAdvice, 1 ResponseBodyAdvice
2025-03-08 01:42:31.952 [main] DEBUG o.s.w.s.m.m.a.ExceptionHandlerExceptionResolver - ControllerAdvice beans: 0 @ExceptionHandler, 1 ResponseBodyAdvice
2025-03-08 01:42:32.340 [main] INFO  o.s.s.web.DefaultSecurityFilterChain - Will secure any request with [org.springframework.security.web.session.DisableEncodeUrlFilter@221961af, org.springframework.security.web.context.request.async.WebAsyncManagerIntegrationFilter@32ddcca, org.springframework.security.web.context.SecurityContextHolderFilter@632b96b8, org.springframework.security.web.header.HeaderWriterFilter@1adf387e, org.springframework.web.filter.CorsFilter@1ddc8fc, org.springframework.security.web.csrf.CsrfFilter@4136b193, org.springframework.security.web.authentication.logout.LogoutFilter@f575d2b, org.springframework.security.web.authentication.UsernamePasswordAuthenticationFilter@5274830e, org.springframework.security.web.authentication.ui.DefaultLoginPageGeneratingFilter@a1a72d4, org.springframework.security.web.authentication.ui.DefaultLogoutPageGeneratingFilter@77d58f3a, org.springframework.security.web.authentication.www.BasicAuthenticationFilter@2ef1fc8a, org.springframework.security.web.savedrequest.RequestCacheAwareFilter@5b430541, org.springframework.security.web.servletapi.SecurityContextHolderAwareRequestFilter@65a66a75, org.springframework.security.web.authentication.AnonymousAuthenticationFilter@1e288c76, org.springframework.security.web.access.ExceptionTranslationFilter@34d5eac, org.springframework.security.web.access.intercept.AuthorizationFilter@50008974]
2025-03-08 01:42:32.402 [main] INFO  o.a.coyote.http11.Http11NioProtocol - Starting ProtocolHandler ["http-nio-8083"]
2025-03-08 01:42:32.437 [main] INFO  o.s.b.w.e.tomcat.TomcatWebServer - Tomcat started on port 8083 (http) with context path ''
2025-03-08 01:42:32.440 [main] DEBUG org.springframework.web.SimpLogging - clientOutboundChannel added SubProtocolWebSocketHandler[StompSubProtocolHandler[v10.stomp, v11.stomp, v12.stomp]]
2025-03-08 01:42:32.440 [main] DEBUG org.springframework.web.SimpLogging - clientInboundChannel added WebSocketAnnotationMethodMessageHandler[prefixes=[/app/]]
2025-03-08 01:42:32.440 [main] INFO  o.s.m.s.b.SimpleBrokerMessageHandler - Starting...
2025-03-08 01:42:32.441 [main] DEBUG org.springframework.web.SimpLogging - clientInboundChannel added SimpleBrokerMessageHandler [org.springframework.messaging.simp.broker.DefaultSubscriptionRegistry@74797b90]
2025-03-08 01:42:32.441 [main] DEBUG org.springframework.web.SimpLogging - brokerChannel added SimpleBrokerMessageHandler [org.springframework.messaging.simp.broker.DefaultSubscriptionRegistry@74797b90]
2025-03-08 01:42:32.442 [main] INFO  o.s.m.s.b.SimpleBrokerMessageHandler - BrokerAvailabilityEvent[available=true, SimpleBrokerMessageHandler [org.springframework.messaging.simp.broker.DefaultSubscriptionRegistry@74797b90]]
2025-03-08 01:42:32.442 [main] INFO  o.s.m.s.b.SimpleBrokerMessageHandler - Started.
2025-03-08 01:42:32.442 [main] DEBUG org.springframework.web.SimpLogging - clientInboundChannel added UserDestinationMessageHandler[DefaultUserDestinationResolver[prefix=/user/]]
2025-03-08 01:42:32.442 [main] DEBUG org.springframework.web.SimpLogging - brokerChannel added UserDestinationMessageHandler[DefaultUserDestinationResolver[prefix=/user/]]
2025-03-08 01:42:32.462 [main] INFO  com.chatapp.RealtimeChatApplication - Started RealtimeChatApplication in 4.9 seconds (process running for 5.555)
2025-03-08 01:42:35.173 [SpringApplicationShutdownHook] DEBUG org.springframework.web.SimpLogging - clientOutboundChannel removed SubProtocolWebSocketHandler[StompSubProtocolHandler[v10.stomp, v11.stomp, v12.stomp]]
2025-03-08 01:42:35.173 [SpringApplicationShutdownHook] DEBUG org.springframework.web.SimpLogging - clientInboundChannel removed WebSocketAnnotationMethodMessageHandler[prefixes=[/app/]]
2025-03-08 01:42:35.173 [SpringApplicationShutdownHook] INFO  o.s.m.s.b.SimpleBrokerMessageHandler - Stopping...
2025-03-08 01:42:35.173 [SpringApplicationShutdownHook] INFO  o.s.m.s.b.SimpleBrokerMessageHandler - BrokerAvailabilityEvent[available=false, SimpleBrokerMessageHandler [org.springframework.messaging.simp.broker.DefaultSubscriptionRegistry@74797b90]]
2025-03-08 01:42:35.173 [SpringApplicationShutdownHook] DEBUG org.springframework.web.SimpLogging - clientInboundChannel removed SimpleBrokerMessageHandler [org.springframework.messaging.simp.broker.DefaultSubscriptionRegistry@74797b90]
2025-03-08 01:42:35.173 [SpringApplicationShutdownHook] DEBUG org.springframework.web.SimpLogging - brokerChannel removed SimpleBrokerMessageHandler [org.springframework.messaging.simp.broker.DefaultSubscriptionRegistry@74797b90]
2025-03-08 01:42:35.173 [SpringApplicationShutdownHook] INFO  o.s.m.s.b.SimpleBrokerMessageHandler - Stopped.
2025-03-08 01:42:35.173 [SpringApplicationShutdownHook] DEBUG org.springframework.web.SimpLogging - clientInboundChannel removed UserDestinationMessageHandler[DefaultUserDestinationResolver[prefix=/user/]]
2025-03-08 01:42:35.173 [SpringApplicationShutdownHook] DEBUG org.springframework.web.SimpLogging - brokerChannel removed UserDestinationMessageHandler[DefaultUserDestinationResolver[prefix=/user/]]
2025-03-08 01:42:35.187 [SpringApplicationShutdownHook] INFO  o.s.o.j.LocalContainerEntityManagerFactoryBean - Closing JPA EntityManagerFactory for persistence unit 'default'
2025-03-08 01:42:35.189 [SpringApplicationShutdownHook] INFO  com.zaxxer.hikari.HikariDataSource - HikariPool-1 - Shutdown initiated...
2025-03-08 01:42:35.221 [SpringApplicationShutdownHook] INFO  com.zaxxer.hikari.HikariDataSource - HikariPool-1 - Shutdown completed.
2025-03-08 01:43:20.468 [main] INFO  com.chatapp.RealtimeChatApplication - Starting RealtimeChatApplication v0.0.1-SNAPSHOT using Java 21.0.6 with PID 17504 (D:\jetbrains\cursor\es\backend\target\realtime-chat-0.0.1-SNAPSHOT.jar started by lenovo in D:\jetbrains\cursor\es\backend)
2025-03-08 01:43:20.471 [main] INFO  com.chatapp.RealtimeChatApplication - The following 1 profile is active: "prod"
2025-03-08 01:43:21.174 [main] INFO  o.s.d.r.c.RepositoryConfigurationDelegate - Bootstrapping Spring Data JPA repositories in DEFAULT mode.
2025-03-08 01:43:21.194 [main] INFO  o.s.d.r.c.RepositoryConfigurationDelegate - Finished Spring Data repository scanning in 13 ms. Found 0 JPA repository interfaces.
2025-03-08 01:43:21.757 [main] INFO  o.s.b.w.e.tomcat.TomcatWebServer - Tomcat initialized with port 8083 (http)
2025-03-08 01:43:21.770 [main] INFO  o.a.coyote.http11.Http11NioProtocol - Initializing ProtocolHandler ["http-nio-8083"]
2025-03-08 01:43:21.772 [main] INFO  o.a.catalina.core.StandardService - Starting service [Tomcat]
2025-03-08 01:43:21.774 [main] INFO  o.a.catalina.core.StandardEngine - Starting Servlet engine: [Apache Tomcat/10.1.19]
2025-03-08 01:43:21.813 [main] INFO  o.a.c.c.C.[Tomcat].[localhost].[/] - Initializing Spring embedded WebApplicationContext
2025-03-08 01:43:21.814 [main] INFO  o.s.b.w.s.c.ServletWebServerApplicationContext - Root WebApplicationContext: initialization completed in 1283 ms
2025-03-08 01:43:22.035 [main] INFO  o.h.jpa.internal.util.LogHelper - HHH000204: Processing PersistenceUnitInfo [name: default]
2025-03-08 01:43:22.111 [main] INFO  org.hibernate.Version - HHH000412: Hibernate ORM core version 6.4.4.Final
2025-03-08 01:43:22.160 [main] INFO  o.h.c.i.RegionFactoryInitiator - HHH000026: Second-level cache disabled
2025-03-08 01:43:22.407 [main] INFO  o.s.o.j.p.SpringPersistenceUnitInfo - No LoadTimeWeaver setup: ignoring JPA class transformer
2025-03-08 01:43:22.448 [main] INFO  com.zaxxer.hikari.HikariDataSource - HikariPool-1 - Starting...
2025-03-08 01:43:22.687 [main] INFO  com.zaxxer.hikari.pool.HikariPool - HikariPool-1 - Added connection conn0: url=jdbc:h2:file:./data/chatapp user=SA
2025-03-08 01:43:22.688 [main] INFO  com.zaxxer.hikari.HikariDataSource - HikariPool-1 - Start completed.
2025-03-08 01:43:22.708 [main] WARN  org.hibernate.orm.deprecation - HHH90000025: H2Dialect does not need to be specified explicitly using 'hibernate.dialect' (remove the property setting and it will be selected by default)
2025-03-08 01:43:22.929 [main] INFO  o.h.e.t.j.p.i.JtaPlatformInitiator - HHH000489: No JTA platform available (set 'hibernate.transaction.jta.platform' to enable JTA platform integration)
2025-03-08 01:43:22.932 [main] INFO  o.s.o.j.LocalContainerEntityManagerFactoryBean - Initialized JPA EntityManagerFactory for persistence unit 'default'
2025-03-08 01:43:23.208 [main] DEBUG o.s.w.s.s.s.WebSocketHandlerMapping - Patterns [/ws/**] in 'stompWebSocketHandlerMapping'
2025-03-08 01:43:23.281 [main] WARN  o.s.b.a.o.j.JpaBaseConfiguration$JpaWebConfiguration - spring.jpa.open-in-view is enabled by default. Therefore, database queries may be performed during view rendering. Explicitly configure spring.jpa.open-in-view to disable this warning
2025-03-08 01:43:23.351 [main] DEBUG o.s.w.s.m.WebSocketAnnotationMethodMessageHandler - 
	c.c.c.LogController:
	
2025-03-08 01:43:23.365 [main] DEBUG o.s.w.s.m.WebSocketAnnotationMethodMessageHandler - 
	c.c.c.WebRTCSignalingController:
	{[MESSAGE],[/webrtc/call]}: call(Map,SimpMessageHeaderAccessor)
	{[MESSAGE],[/webrtc/answer]}: answer(WebRTCSignal,SimpMessageHeaderAccessor)
	{[MESSAGE],[/webrtc/hangup]}: hangup(Map,SimpMessageHeaderAccessor)
	{[MESSAGE],[/webrtc/config]}: getWebRTCConfig(SimpMessageHeaderAccessor)
	{[MESSAGE],[/webrtc/ice-candidate]}: iceCandidate(WebRTCSignal,SimpMessageHeaderAccessor)
	{[MESSAGE],[/webrtc/adjust-bitrate]}: adjustBitrate(WebRTCSignal,SimpMessageHeaderAccessor)
2025-03-08 01:43:23.379 [main] DEBUG o.s.w.s.m.WebSocketAnnotationMethodMessageHandler - 
	o.s.b.a.w.s.e.BasicErrorController:
	
2025-03-08 01:43:23.574 [main] DEBUG o.s.w.s.m.m.a.RequestMappingHandlerMapping - 3 mappings in 'requestMappingHandlerMapping'
2025-03-08 01:43:23.639 [main] DEBUG o.s.w.s.h.SimpleUrlHandlerMapping - Patterns [/webjars/**, /**] in 'resourceHandlerMapping'
2025-03-08 01:43:23.692 [main] DEBUG o.s.w.s.m.m.a.RequestMappingHandlerAdapter - ControllerAdvice beans: 0 @ModelAttribute, 0 @InitBinder, 1 RequestBodyAdvice, 1 ResponseBodyAdvice
2025-03-08 01:43:23.738 [main] DEBUG o.s.w.s.m.m.a.ExceptionHandlerExceptionResolver - ControllerAdvice beans: 0 @ExceptionHandler, 1 ResponseBodyAdvice
2025-03-08 01:43:24.099 [main] INFO  o.s.s.web.DefaultSecurityFilterChain - Will secure any request with [org.springframework.security.web.session.DisableEncodeUrlFilter@5008559a, org.springframework.security.web.context.request.async.WebAsyncManagerIntegrationFilter@4c0bfe9e, org.springframework.security.web.context.SecurityContextHolderFilter@36931450, org.springframework.security.web.header.HeaderWriterFilter@63243c8f, org.springframework.web.filter.CorsFilter@490fbeaa, org.springframework.security.web.csrf.CsrfFilter@1be4a7e3, org.springframework.security.web.authentication.logout.LogoutFilter@53551fef, org.springframework.security.web.authentication.UsernamePasswordAuthenticationFilter@1d1deb11, org.springframework.security.web.authentication.ui.DefaultLoginPageGeneratingFilter@1e2b37cd, org.springframework.security.web.authentication.ui.DefaultLogoutPageGeneratingFilter@35dc849b, org.springframework.security.web.authentication.www.BasicAuthenticationFilter@6baee63b, org.springframework.security.web.savedrequest.RequestCacheAwareFilter@7d07e04e, org.springframework.security.web.servletapi.SecurityContextHolderAwareRequestFilter@599310ab, org.springframework.security.web.authentication.AnonymousAuthenticationFilter@276aa33f, org.springframework.security.web.access.ExceptionTranslationFilter@dbcf7c3, org.springframework.security.web.access.intercept.AuthorizationFilter@478c84aa]
2025-03-08 01:43:24.156 [main] INFO  o.a.coyote.http11.Http11NioProtocol - Starting ProtocolHandler ["http-nio-8083"]
2025-03-08 01:43:24.176 [main] INFO  o.s.b.w.e.tomcat.TomcatWebServer - Tomcat started on port 8083 (http) with context path ''
2025-03-08 01:43:24.178 [main] DEBUG org.springframework.web.SimpLogging - clientOutboundChannel added SubProtocolWebSocketHandler[StompSubProtocolHandler[v10.stomp, v11.stomp, v12.stomp]]
2025-03-08 01:43:24.178 [main] DEBUG org.springframework.web.SimpLogging - clientInboundChannel added WebSocketAnnotationMethodMessageHandler[prefixes=[/app/]]
2025-03-08 01:43:24.178 [main] INFO  o.s.m.s.b.SimpleBrokerMessageHandler - Starting...
2025-03-08 01:43:24.178 [main] DEBUG org.springframework.web.SimpLogging - clientInboundChannel added SimpleBrokerMessageHandler [org.springframework.messaging.simp.broker.DefaultSubscriptionRegistry@357cdb00]
2025-03-08 01:43:24.178 [main] DEBUG org.springframework.web.SimpLogging - brokerChannel added SimpleBrokerMessageHandler [org.springframework.messaging.simp.broker.DefaultSubscriptionRegistry@357cdb00]
2025-03-08 01:43:24.179 [main] INFO  o.s.m.s.b.SimpleBrokerMessageHandler - BrokerAvailabilityEvent[available=true, SimpleBrokerMessageHandler [org.springframework.messaging.simp.broker.DefaultSubscriptionRegistry@357cdb00]]
2025-03-08 01:43:24.179 [main] INFO  o.s.m.s.b.SimpleBrokerMessageHandler - Started.
2025-03-08 01:43:24.179 [main] DEBUG org.springframework.web.SimpLogging - clientInboundChannel added UserDestinationMessageHandler[DefaultUserDestinationResolver[prefix=/user/]]
2025-03-08 01:43:24.179 [main] DEBUG org.springframework.web.SimpLogging - brokerChannel added UserDestinationMessageHandler[DefaultUserDestinationResolver[prefix=/user/]]
2025-03-08 01:43:24.193 [main] INFO  com.chatapp.RealtimeChatApplication - Started RealtimeChatApplication in 4.283 seconds (process running for 4.775)
2025-03-08 01:44:01.574 [SpringApplicationShutdownHook] DEBUG org.springframework.web.SimpLogging - clientOutboundChannel removed SubProtocolWebSocketHandler[StompSubProtocolHandler[v10.stomp, v11.stomp, v12.stomp]]
2025-03-08 01:44:01.575 [SpringApplicationShutdownHook] DEBUG org.springframework.web.SimpLogging - clientInboundChannel removed WebSocketAnnotationMethodMessageHandler[prefixes=[/app/]]
2025-03-08 01:44:01.575 [SpringApplicationShutdownHook] INFO  o.s.m.s.b.SimpleBrokerMessageHandler - Stopping...
2025-03-08 01:44:01.575 [SpringApplicationShutdownHook] INFO  o.s.m.s.b.SimpleBrokerMessageHandler - BrokerAvailabilityEvent[available=false, SimpleBrokerMessageHandler [org.springframework.messaging.simp.broker.DefaultSubscriptionRegistry@357cdb00]]
2025-03-08 01:44:01.575 [SpringApplicationShutdownHook] DEBUG org.springframework.web.SimpLogging - clientInboundChannel removed SimpleBrokerMessageHandler [org.springframework.messaging.simp.broker.DefaultSubscriptionRegistry@357cdb00]
2025-03-08 01:44:01.576 [SpringApplicationShutdownHook] DEBUG org.springframework.web.SimpLogging - brokerChannel removed SimpleBrokerMessageHandler [org.springframework.messaging.simp.broker.DefaultSubscriptionRegistry@357cdb00]
2025-03-08 01:44:01.576 [SpringApplicationShutdownHook] INFO  o.s.m.s.b.SimpleBrokerMessageHandler - Stopped.
2025-03-08 01:44:01.576 [SpringApplicationShutdownHook] DEBUG org.springframework.web.SimpLogging - clientInboundChannel removed UserDestinationMessageHandler[DefaultUserDestinationResolver[prefix=/user/]]
2025-03-08 01:44:01.576 [SpringApplicationShutdownHook] DEBUG org.springframework.web.SimpLogging - brokerChannel removed UserDestinationMessageHandler[DefaultUserDestinationResolver[prefix=/user/]]
2025-03-08 01:44:01.605 [SpringApplicationShutdownHook] INFO  o.s.o.j.LocalContainerEntityManagerFactoryBean - Closing JPA EntityManagerFactory for persistence unit 'default'
2025-03-08 01:44:01.611 [SpringApplicationShutdownHook] INFO  com.zaxxer.hikari.HikariDataSource - HikariPool-1 - Shutdown initiated...
2025-03-08 01:44:01.632 [SpringApplicationShutdownHook] INFO  com.zaxxer.hikari.HikariDataSource - HikariPool-1 - Shutdown completed.
2025-03-08 13:37:44.102 [main] INFO  com.chatapp.RealtimeChatApplication - Starting RealtimeChatApplication v0.0.1-SNAPSHOT using Java 21.0.6 with PID 16896 (D:\jetbrains\cursor\real-time-app\backend\target\realtime-chat-0.0.1-SNAPSHOT.jar started by lenovo in D:\jetbrains\cursor\real-time-app\backend)
2025-03-08 13:37:44.105 [main] INFO  com.chatapp.RealtimeChatApplication - The following 1 profile is active: "prod"
2025-03-08 13:37:44.786 [main] INFO  o.s.d.r.c.RepositoryConfigurationDelegate - Bootstrapping Spring Data JPA repositories in DEFAULT mode.
2025-03-08 13:37:44.806 [main] INFO  o.s.d.r.c.RepositoryConfigurationDelegate - Finished Spring Data repository scanning in 13 ms. Found 0 JPA repository interfaces.
2025-03-08 13:37:45.364 [main] INFO  o.s.b.w.e.tomcat.TomcatWebServer - Tomcat initialized with port 8083 (http)
2025-03-08 13:37:45.375 [main] INFO  o.a.coyote.http11.Http11NioProtocol - Initializing ProtocolHandler ["http-nio-8083"]
2025-03-08 13:37:45.378 [main] INFO  o.a.catalina.core.StandardService - Starting service [Tomcat]
2025-03-08 13:37:45.378 [main] INFO  o.a.catalina.core.StandardEngine - Starting Servlet engine: [Apache Tomcat/10.1.19]
2025-03-08 13:37:45.412 [main] INFO  o.a.c.c.C.[Tomcat].[localhost].[/] - Initializing Spring embedded WebApplicationContext
2025-03-08 13:37:45.414 [main] INFO  o.s.b.w.s.c.ServletWebServerApplicationContext - Root WebApplicationContext: initialization completed in 1246 ms
2025-03-08 13:37:45.604 [main] INFO  o.h.jpa.internal.util.LogHelper - HHH000204: Processing PersistenceUnitInfo [name: default]
2025-03-08 13:37:45.706 [main] INFO  org.hibernate.Version - HHH000412: Hibernate ORM core version 6.4.4.Final
2025-03-08 13:37:45.750 [main] INFO  o.h.c.i.RegionFactoryInitiator - HHH000026: Second-level cache disabled
2025-03-08 13:37:45.993 [main] INFO  o.s.o.j.p.SpringPersistenceUnitInfo - No LoadTimeWeaver setup: ignoring JPA class transformer
2025-03-08 13:37:46.027 [main] INFO  com.zaxxer.hikari.HikariDataSource - HikariPool-1 - Starting...
2025-03-08 13:37:46.227 [main] INFO  com.zaxxer.hikari.pool.HikariPool - HikariPool-1 - Added connection conn0: url=jdbc:h2:file:./data/chatapp user=SA
2025-03-08 13:37:46.228 [main] INFO  com.zaxxer.hikari.HikariDataSource - HikariPool-1 - Start completed.
2025-03-08 13:37:46.243 [main] WARN  org.hibernate.orm.deprecation - HHH90000025: H2Dialect does not need to be specified explicitly using 'hibernate.dialect' (remove the property setting and it will be selected by default)
2025-03-08 13:37:46.575 [main] INFO  o.h.e.t.j.p.i.JtaPlatformInitiator - HHH000489: No JTA platform available (set 'hibernate.transaction.jta.platform' to enable JTA platform integration)
2025-03-08 13:37:46.582 [main] INFO  o.s.o.j.LocalContainerEntityManagerFactoryBean - Initialized JPA EntityManagerFactory for persistence unit 'default'
2025-03-08 13:37:46.829 [main] DEBUG o.s.w.s.s.s.WebSocketHandlerMapping - Patterns [/ws/**] in 'stompWebSocketHandlerMapping'
2025-03-08 13:37:46.892 [main] WARN  o.s.b.a.o.j.JpaBaseConfiguration$JpaWebConfiguration - spring.jpa.open-in-view is enabled by default. Therefore, database queries may be performed during view rendering. Explicitly configure spring.jpa.open-in-view to disable this warning
2025-03-08 13:37:46.947 [main] DEBUG o.s.w.s.m.WebSocketAnnotationMethodMessageHandler - 
	c.c.c.LogController:
	
2025-03-08 13:37:46.957 [main] DEBUG o.s.w.s.m.WebSocketAnnotationMethodMessageHandler - 
	c.c.c.WebRTCSignalingController:
	{[MESSAGE],[/webrtc/call]}: call(Map,SimpMessageHeaderAccessor)
	{[MESSAGE],[/webrtc/answer]}: answer(WebRTCSignal,SimpMessageHeaderAccessor)
	{[MESSAGE],[/webrtc/hangup]}: hangup(Map,SimpMessageHeaderAccessor)
	{[MESSAGE],[/webrtc/ice-candidate]}: iceCandidate(WebRTCSignal,SimpMessageHeaderAccessor)
	{[MESSAGE],[/webrtc/config]}: getWebRTCConfig(SimpMessageHeaderAccessor)
	{[MESSAGE],[/webrtc/adjust-bitrate]}: adjustBitrate(WebRTCSignal,SimpMessageHeaderAccessor)
2025-03-08 13:37:46.965 [main] DEBUG o.s.w.s.m.WebSocketAnnotationMethodMessageHandler - 
	o.s.b.a.w.s.e.BasicErrorController:
	
2025-03-08 13:37:47.137 [main] DEBUG o.s.w.s.m.m.a.RequestMappingHandlerMapping - 3 mappings in 'requestMappingHandlerMapping'
2025-03-08 13:37:47.193 [main] DEBUG o.s.w.s.h.SimpleUrlHandlerMapping - Patterns [/webjars/**, /**] in 'resourceHandlerMapping'
2025-03-08 13:37:47.247 [main] DEBUG o.s.w.s.m.m.a.RequestMappingHandlerAdapter - ControllerAdvice beans: 0 @ModelAttribute, 0 @InitBinder, 1 RequestBodyAdvice, 1 ResponseBodyAdvice
2025-03-08 13:37:47.296 [main] DEBUG o.s.w.s.m.m.a.ExceptionHandlerExceptionResolver - ControllerAdvice beans: 0 @ExceptionHandler, 1 ResponseBodyAdvice
2025-03-08 13:37:47.583 [main] INFO  o.s.s.web.DefaultSecurityFilterChain - Will secure any request with [org.springframework.security.web.session.DisableEncodeUrlFilter@c85486, org.springframework.security.web.context.request.async.WebAsyncManagerIntegrationFilter@51e1e058, org.springframework.security.web.context.SecurityContextHolderFilter@4d90d91f, org.springframework.security.web.header.HeaderWriterFilter@599310ab, org.springframework.web.filter.CorsFilter@23e0c200, org.springframework.security.web.csrf.CsrfFilter@78829412, org.springframework.security.web.authentication.logout.LogoutFilter@76b019c4, org.springframework.security.web.authentication.UsernamePasswordAuthenticationFilter@3cab07dd, org.springframework.security.web.authentication.ui.DefaultLoginPageGeneratingFilter@4745bcc6, org.springframework.security.web.authentication.ui.DefaultLogoutPageGeneratingFilter@25d23478, org.springframework.security.web.authentication.www.BasicAuthenticationFilter@35dc849b, org.springframework.security.web.savedrequest.RequestCacheAwareFilter@1e2b37cd, org.springframework.security.web.servletapi.SecurityContextHolderAwareRequestFilter@2ba08f26, org.springframework.security.web.authentication.AnonymousAuthenticationFilter@677c2820, org.springframework.security.web.access.ExceptionTranslationFilter@74919649, org.springframework.security.web.access.intercept.AuthorizationFilter@18bc1064]
2025-03-08 13:37:47.628 [main] INFO  o.a.coyote.http11.Http11NioProtocol - Starting ProtocolHandler ["http-nio-8083"]
2025-03-08 13:37:47.709 [main] INFO  o.s.b.w.e.tomcat.TomcatWebServer - Tomcat started on port 8083 (http) with context path ''
2025-03-08 13:37:47.710 [main] DEBUG org.springframework.web.SimpLogging - clientOutboundChannel added SubProtocolWebSocketHandler[StompSubProtocolHandler[v10.stomp, v11.stomp, v12.stomp]]
2025-03-08 13:37:47.711 [main] DEBUG org.springframework.web.SimpLogging - clientInboundChannel added WebSocketAnnotationMethodMessageHandler[prefixes=[/app/]]
2025-03-08 13:37:47.711 [main] INFO  o.s.m.s.b.SimpleBrokerMessageHandler - Starting...
2025-03-08 13:37:47.711 [main] DEBUG org.springframework.web.SimpLogging - clientInboundChannel added SimpleBrokerMessageHandler [org.springframework.messaging.simp.broker.DefaultSubscriptionRegistry@a44ad33]
2025-03-08 13:37:47.711 [main] DEBUG org.springframework.web.SimpLogging - brokerChannel added SimpleBrokerMessageHandler [org.springframework.messaging.simp.broker.DefaultSubscriptionRegistry@a44ad33]
2025-03-08 13:37:47.712 [main] INFO  o.s.m.s.b.SimpleBrokerMessageHandler - BrokerAvailabilityEvent[available=true, SimpleBrokerMessageHandler [org.springframework.messaging.simp.broker.DefaultSubscriptionRegistry@a44ad33]]
2025-03-08 13:37:47.712 [main] INFO  o.s.m.s.b.SimpleBrokerMessageHandler - Started.
2025-03-08 13:37:47.712 [main] DEBUG org.springframework.web.SimpLogging - clientInboundChannel added UserDestinationMessageHandler[DefaultUserDestinationResolver[prefix=/user/]]
2025-03-08 13:37:47.712 [main] DEBUG org.springframework.web.SimpLogging - brokerChannel added UserDestinationMessageHandler[DefaultUserDestinationResolver[prefix=/user/]]
2025-03-08 13:37:47.787 [main] INFO  com.chatapp.RealtimeChatApplication - Started RealtimeChatApplication in 4.135 seconds (process running for 5.112)
2025-03-08 14:12:42.856 [main] INFO  com.chatapp.RealtimeChatApplication - Starting RealtimeChatApplication v0.0.1-SNAPSHOT using Java 21.0.6 with PID 7088 (D:\jetbrains\cursor\real-time-app\backend\target\realtime-chat-0.0.1-SNAPSHOT.jar started by lenovo in D:\jetbrains\cursor\real-time-app\backend)
2025-03-08 14:12:42.858 [main] INFO  com.chatapp.RealtimeChatApplication - The following 1 profile is active: "prod"
2025-03-08 14:12:43.568 [main] INFO  o.s.d.r.c.RepositoryConfigurationDelegate - Bootstrapping Spring Data JPA repositories in DEFAULT mode.
2025-03-08 14:12:43.596 [main] INFO  o.s.d.r.c.RepositoryConfigurationDelegate - Finished Spring Data repository scanning in 14 ms. Found 0 JPA repository interfaces.
2025-03-08 14:12:44.194 [main] INFO  o.s.b.w.e.tomcat.TomcatWebServer - Tomcat initialized with port 8083 (http)
2025-03-08 14:12:44.202 [main] INFO  o.a.coyote.http11.Http11NioProtocol - Initializing ProtocolHandler ["http-nio-8083"]
2025-03-08 14:12:44.204 [main] INFO  o.a.catalina.core.StandardService - Starting service [Tomcat]
2025-03-08 14:12:44.205 [main] INFO  o.a.catalina.core.StandardEngine - Starting Servlet engine: [Apache Tomcat/10.1.19]
2025-03-08 14:12:44.235 [main] INFO  o.a.c.c.C.[Tomcat].[localhost].[/] - Initializing Spring embedded WebApplicationContext
2025-03-08 14:12:44.236 [main] INFO  o.s.b.w.s.c.ServletWebServerApplicationContext - Root WebApplicationContext: initialization completed in 1315 ms
2025-03-08 14:12:44.450 [main] INFO  o.h.jpa.internal.util.LogHelper - HHH000204: Processing PersistenceUnitInfo [name: default]
2025-03-08 14:12:44.573 [main] INFO  org.hibernate.Version - HHH000412: Hibernate ORM core version 6.4.4.Final
2025-03-08 14:12:44.614 [main] INFO  o.h.c.i.RegionFactoryInitiator - HHH000026: Second-level cache disabled
2025-03-08 14:12:44.810 [main] INFO  o.s.o.j.p.SpringPersistenceUnitInfo - No LoadTimeWeaver setup: ignoring JPA class transformer
2025-03-08 14:12:44.835 [main] INFO  com.zaxxer.hikari.HikariDataSource - HikariPool-1 - Starting...
2025-03-08 14:12:45.080 [main] INFO  com.zaxxer.hikari.pool.HikariPool - HikariPool-1 - Added connection conn0: url=jdbc:h2:file:./data/chatapp user=SA
2025-03-08 14:12:45.082 [main] INFO  com.zaxxer.hikari.HikariDataSource - HikariPool-1 - Start completed.
2025-03-08 14:12:45.100 [main] WARN  org.hibernate.orm.deprecation - HHH90000025: H2Dialect does not need to be specified explicitly using 'hibernate.dialect' (remove the property setting and it will be selected by default)
2025-03-08 14:12:45.375 [main] INFO  o.h.e.t.j.p.i.JtaPlatformInitiator - HHH000489: No JTA platform available (set 'hibernate.transaction.jta.platform' to enable JTA platform integration)
2025-03-08 14:12:45.379 [main] INFO  o.s.o.j.LocalContainerEntityManagerFactoryBean - Initialized JPA EntityManagerFactory for persistence unit 'default'
2025-03-08 14:12:45.592 [main] DEBUG o.s.w.s.s.s.WebSocketHandlerMapping - Patterns [/ws/**] in 'stompWebSocketHandlerMapping'
2025-03-08 14:12:45.651 [main] WARN  o.s.b.a.o.j.JpaBaseConfiguration$JpaWebConfiguration - spring.jpa.open-in-view is enabled by default. Therefore, database queries may be performed during view rendering. Explicitly configure spring.jpa.open-in-view to disable this warning
2025-03-08 14:12:45.693 [main] DEBUG o.s.w.s.m.WebSocketAnnotationMethodMessageHandler - 
	c.c.c.LogController:
	
2025-03-08 14:12:45.698 [main] DEBUG o.s.w.s.m.WebSocketAnnotationMethodMessageHandler - 
	c.c.c.WebRTCSignalingController:
	{[MESSAGE],[/webrtc/call]}: call(Map,SimpMessageHeaderAccessor)
	{[MESSAGE],[/webrtc/answer]}: answer(WebRTCSignal,SimpMessageHeaderAccessor)
	{[MESSAGE],[/webrtc/adjust-bitrate]}: adjustBitrate(WebRTCSignal,SimpMessageHeaderAccessor)
	{[MESSAGE],[/webrtc/config]}: getWebRTCConfig(SimpMessageHeaderAccessor)
	{[MESSAGE],[/webrtc/ice-candidate]}: iceCandidate(WebRTCSignal,SimpMessageHeaderAccessor)
	{[MESSAGE],[/webrtc/hangup]}: hangup(Map,SimpMessageHeaderAccessor)
2025-03-08 14:12:45.707 [main] DEBUG o.s.w.s.m.WebSocketAnnotationMethodMessageHandler - 
	o.s.b.a.w.s.e.BasicErrorController:
	
2025-03-08 14:12:45.859 [main] DEBUG o.s.w.s.m.m.a.RequestMappingHandlerMapping - 3 mappings in 'requestMappingHandlerMapping'
2025-03-08 14:12:45.914 [main] DEBUG o.s.w.s.h.SimpleUrlHandlerMapping - Patterns [/webjars/**, /**] in 'resourceHandlerMapping'
2025-03-08 14:12:45.966 [main] DEBUG o.s.w.s.m.m.a.RequestMappingHandlerAdapter - ControllerAdvice beans: 0 @ModelAttribute, 0 @InitBinder, 1 RequestBodyAdvice, 1 ResponseBodyAdvice
2025-03-08 14:12:45.996 [main] DEBUG o.s.w.s.m.m.a.ExceptionHandlerExceptionResolver - ControllerAdvice beans: 0 @ExceptionHandler, 1 ResponseBodyAdvice
2025-03-08 14:12:46.292 [main] INFO  o.s.s.web.DefaultSecurityFilterChain - Will secure any request with [org.springframework.security.web.session.DisableEncodeUrlFilter@234bfc8c, org.springframework.security.web.context.request.async.WebAsyncManagerIntegrationFilter@5008559a, org.springframework.security.web.context.SecurityContextHolderFilter@444c0f9a, org.springframework.security.web.header.HeaderWriterFilter@1e466d, org.springframework.web.filter.CorsFilter@4c0bfe9e, org.springframework.security.web.csrf.CsrfFilter@72b53f27, org.springframework.security.web.authentication.logout.LogoutFilter@520ec7a7, org.springframework.security.web.authentication.UsernamePasswordAuthenticationFilter@478c84aa, org.springframework.security.web.authentication.ui.DefaultLoginPageGeneratingFilter@c478e4e, org.springframework.security.web.authentication.ui.DefaultLogoutPageGeneratingFilter@490fbeaa, org.springframework.security.web.authentication.www.BasicAuthenticationFilter@f5f8de2, org.springframework.security.web.savedrequest.RequestCacheAwareFilter@74919649, org.springframework.security.web.servletapi.SecurityContextHolderAwareRequestFilter@7d07e04e, org.springframework.security.web.authentication.AnonymousAuthenticationFilter@35dc849b, org.springframework.security.web.access.ExceptionTranslationFilter@21dd9203, org.springframework.security.web.access.intercept.AuthorizationFilter@1cfb7450]
2025-03-08 14:12:46.338 [main] INFO  o.a.coyote.http11.Http11NioProtocol - Starting ProtocolHandler ["http-nio-8083"]
2025-03-08 14:12:46.367 [main] INFO  o.s.b.w.e.tomcat.TomcatWebServer - Tomcat started on port 8083 (http) with context path ''
2025-03-08 14:12:46.369 [main] DEBUG org.springframework.web.SimpLogging - clientOutboundChannel added SubProtocolWebSocketHandler[StompSubProtocolHandler[v10.stomp, v11.stomp, v12.stomp]]
2025-03-08 14:12:46.369 [main] DEBUG org.springframework.web.SimpLogging - clientInboundChannel added WebSocketAnnotationMethodMessageHandler[prefixes=[/app/]]
2025-03-08 14:12:46.370 [main] INFO  o.s.m.s.b.SimpleBrokerMessageHandler - Starting...
2025-03-08 14:12:46.370 [main] DEBUG org.springframework.web.SimpLogging - clientInboundChannel added SimpleBrokerMessageHandler [org.springframework.messaging.simp.broker.DefaultSubscriptionRegistry@7b6854b5]
2025-03-08 14:12:46.370 [main] DEBUG org.springframework.web.SimpLogging - brokerChannel added SimpleBrokerMessageHandler [org.springframework.messaging.simp.broker.DefaultSubscriptionRegistry@7b6854b5]
2025-03-08 14:12:46.370 [main] INFO  o.s.m.s.b.SimpleBrokerMessageHandler - BrokerAvailabilityEvent[available=true, SimpleBrokerMessageHandler [org.springframework.messaging.simp.broker.DefaultSubscriptionRegistry@7b6854b5]]
2025-03-08 14:12:46.371 [main] INFO  o.s.m.s.b.SimpleBrokerMessageHandler - Started.
2025-03-08 14:12:46.371 [main] DEBUG org.springframework.web.SimpLogging - clientInboundChannel added UserDestinationMessageHandler[DefaultUserDestinationResolver[prefix=/user/]]
2025-03-08 14:12:46.371 [main] DEBUG org.springframework.web.SimpLogging - brokerChannel added UserDestinationMessageHandler[DefaultUserDestinationResolver[prefix=/user/]]
2025-03-08 14:12:46.385 [main] INFO  com.chatapp.RealtimeChatApplication - Started RealtimeChatApplication in 4.067 seconds (process running for 4.573)
2025-03-08 14:12:46.598 [http-nio-8083-exec-1] INFO  o.a.c.c.C.[Tomcat].[localhost].[/] - Initializing Spring DispatcherServlet 'dispatcherServlet'
2025-03-08 14:12:46.598 [http-nio-8083-exec-1] INFO  o.s.web.servlet.DispatcherServlet - Initializing Servlet 'dispatcherServlet'
2025-03-08 14:12:46.598 [http-nio-8083-exec-1] DEBUG o.s.web.servlet.DispatcherServlet - Detected StandardServletMultipartResolver
2025-03-08 14:12:46.598 [http-nio-8083-exec-1] DEBUG o.s.web.servlet.DispatcherServlet - Detected AcceptHeaderLocaleResolver
2025-03-08 14:12:46.598 [http-nio-8083-exec-1] DEBUG o.s.web.servlet.DispatcherServlet - Detected FixedThemeResolver
2025-03-08 14:12:46.599 [http-nio-8083-exec-1] DEBUG o.s.web.servlet.DispatcherServlet - Detected org.springframework.web.servlet.view.DefaultRequestToViewNameTranslator@43fbc2bf
2025-03-08 14:12:46.599 [http-nio-8083-exec-1] DEBUG o.s.web.servlet.DispatcherServlet - Detected org.springframework.web.servlet.support.SessionFlashMapManager@7d70ba18
2025-03-08 14:12:46.599 [http-nio-8083-exec-1] DEBUG o.s.web.servlet.DispatcherServlet - enableLoggingRequestDetails='false': request parameters and headers will be masked to prevent unsafe logging of potentially sensitive data
2025-03-08 14:12:46.599 [http-nio-8083-exec-1] INFO  o.s.web.servlet.DispatcherServlet - Completed initialization in 1 ms
2025-03-08 14:12:46.609 [http-nio-8083-exec-1] DEBUG o.s.security.web.FilterChainProxy - Securing GET /actuator/health
2025-03-08 14:12:46.615 [http-nio-8083-exec-1] DEBUG o.s.s.w.a.AnonymousAuthenticationFilter - Set SecurityContextHolder to anonymous SecurityContext
2025-03-08 14:12:46.627 [http-nio-8083-exec-1] DEBUG o.s.s.w.s.HttpSessionRequestCache - Saved request http://localhost:8083/actuator/health?continue to session
2025-03-08 14:12:46.631 [http-nio-8083-exec-1] DEBUG o.s.s.w.a.DelegatingAuthenticationEntryPoint - Trying to match using And [Not [RequestHeaderRequestMatcher [expectedHeaderName=X-Requested-With, expectedHeaderValue=XMLHttpRequest]], MediaTypeRequestMatcher [contentNegotiationStrategy=org.springframework.web.accept.ContentNegotiationManager@36453773, matchingMediaTypes=[application/xhtml+xml, image/*, text/html, text/plain], useEquals=false, ignoredMediaTypes=[*/*]]]
2025-03-08 14:12:46.631 [http-nio-8083-exec-1] DEBUG o.s.s.w.a.DelegatingAuthenticationEntryPoint - Trying to match using Or [RequestHeaderRequestMatcher [expectedHeaderName=X-Requested-With, expectedHeaderValue=XMLHttpRequest], And [Not [MediaTypeRequestMatcher [contentNegotiationStrategy=org.springframework.web.accept.ContentNegotiationManager@36453773, matchingMediaTypes=[text/html], useEquals=false, ignoredMediaTypes=[]]], MediaTypeRequestMatcher [contentNegotiationStrategy=org.springframework.web.accept.ContentNegotiationManager@36453773, matchingMediaTypes=[application/atom+xml, application/x-www-form-urlencoded, application/json, application/octet-stream, application/xml, multipart/form-data, text/xml], useEquals=false, ignoredMediaTypes=[*/*]]], MediaTypeRequestMatcher [contentNegotiationStrategy=org.springframework.web.accept.ContentNegotiationManager@36453773, matchingMediaTypes=[*/*], useEquals=true, ignoredMediaTypes=[]]]
2025-03-08 14:12:46.631 [http-nio-8083-exec-1] DEBUG o.s.s.w.a.DelegatingAuthenticationEntryPoint - Match found! Executing org.springframework.security.web.authentication.DelegatingAuthenticationEntryPoint@50caeb4b
2025-03-08 14:12:46.631 [http-nio-8083-exec-1] DEBUG o.s.s.w.a.DelegatingAuthenticationEntryPoint - Trying to match using RequestHeaderRequestMatcher [expectedHeaderName=X-Requested-With, expectedHeaderValue=XMLHttpRequest]
2025-03-08 14:12:46.631 [http-nio-8083-exec-1] DEBUG o.s.s.w.a.DelegatingAuthenticationEntryPoint - No match found. Using default entry point org.springframework.security.web.authentication.www.BasicAuthenticationEntryPoint@6d8d435b
2025-03-08 14:12:46.639 [http-nio-8083-exec-1] DEBUG o.s.security.web.FilterChainProxy - Securing GET /error
2025-03-08 14:12:46.640 [http-nio-8083-exec-1] DEBUG o.s.s.w.a.AnonymousAuthenticationFilter - Set SecurityContextHolder to anonymous SecurityContext
2025-03-08 14:12:46.641 [http-nio-8083-exec-1] DEBUG o.s.s.w.s.HttpSessionRequestCache - Saved request http://localhost:8083/error?continue to session
2025-03-08 14:12:46.641 [http-nio-8083-exec-1] DEBUG o.s.s.w.a.DelegatingAuthenticationEntryPoint - Trying to match using And [Not [RequestHeaderRequestMatcher [expectedHeaderName=X-Requested-With, expectedHeaderValue=XMLHttpRequest]], MediaTypeRequestMatcher [contentNegotiationStrategy=org.springframework.web.accept.ContentNegotiationManager@36453773, matchingMediaTypes=[application/xhtml+xml, image/*, text/html, text/plain], useEquals=false, ignoredMediaTypes=[*/*]]]
2025-03-08 14:12:46.641 [http-nio-8083-exec-1] DEBUG o.s.s.w.a.DelegatingAuthenticationEntryPoint - Trying to match using Or [RequestHeaderRequestMatcher [expectedHeaderName=X-Requested-With, expectedHeaderValue=XMLHttpRequest], And [Not [MediaTypeRequestMatcher [contentNegotiationStrategy=org.springframework.web.accept.ContentNegotiationManager@36453773, matchingMediaTypes=[text/html], useEquals=false, ignoredMediaTypes=[]]], MediaTypeRequestMatcher [contentNegotiationStrategy=org.springframework.web.accept.ContentNegotiationManager@36453773, matchingMediaTypes=[application/atom+xml, application/x-www-form-urlencoded, application/json, application/octet-stream, application/xml, multipart/form-data, text/xml], useEquals=false, ignoredMediaTypes=[*/*]]], MediaTypeRequestMatcher [contentNegotiationStrategy=org.springframework.web.accept.ContentNegotiationManager@36453773, matchingMediaTypes=[*/*], useEquals=true, ignoredMediaTypes=[]]]
2025-03-08 14:12:46.641 [http-nio-8083-exec-1] DEBUG o.s.s.w.a.DelegatingAuthenticationEntryPoint - Match found! Executing org.springframework.security.web.authentication.DelegatingAuthenticationEntryPoint@50caeb4b
2025-03-08 14:12:46.641 [http-nio-8083-exec-1] DEBUG o.s.s.w.a.DelegatingAuthenticationEntryPoint - Trying to match using RequestHeaderRequestMatcher [expectedHeaderName=X-Requested-With, expectedHeaderValue=XMLHttpRequest]
2025-03-08 14:12:46.641 [http-nio-8083-exec-1] DEBUG o.s.s.w.a.DelegatingAuthenticationEntryPoint - No match found. Using default entry point org.springframework.security.web.authentication.www.BasicAuthenticationEntryPoint@6d8d435b
2025-03-08 14:12:48.743 [http-nio-8083-exec-2] DEBUG o.s.security.web.FilterChainProxy - Securing GET /actuator/health
2025-03-08 14:12:48.744 [http-nio-8083-exec-2] DEBUG o.s.s.w.a.AnonymousAuthenticationFilter - Set SecurityContextHolder to anonymous SecurityContext
2025-03-08 14:12:48.744 [http-nio-8083-exec-2] DEBUG o.s.s.w.s.HttpSessionRequestCache - Saved request http://localhost:8083/actuator/health?continue to session
2025-03-08 14:12:48.744 [http-nio-8083-exec-2] DEBUG o.s.s.w.a.DelegatingAuthenticationEntryPoint - Trying to match using And [Not [RequestHeaderRequestMatcher [expectedHeaderName=X-Requested-With, expectedHeaderValue=XMLHttpRequest]], MediaTypeRequestMatcher [contentNegotiationStrategy=org.springframework.web.accept.ContentNegotiationManager@36453773, matchingMediaTypes=[application/xhtml+xml, image/*, text/html, text/plain], useEquals=false, ignoredMediaTypes=[*/*]]]
2025-03-08 14:12:48.744 [http-nio-8083-exec-2] DEBUG o.s.s.w.a.DelegatingAuthenticationEntryPoint - Trying to match using Or [RequestHeaderRequestMatcher [expectedHeaderName=X-Requested-With, expectedHeaderValue=XMLHttpRequest], And [Not [MediaTypeRequestMatcher [contentNegotiationStrategy=org.springframework.web.accept.ContentNegotiationManager@36453773, matchingMediaTypes=[text/html], useEquals=false, ignoredMediaTypes=[]]], MediaTypeRequestMatcher [contentNegotiationStrategy=org.springframework.web.accept.ContentNegotiationManager@36453773, matchingMediaTypes=[application/atom+xml, application/x-www-form-urlencoded, application/json, application/octet-stream, application/xml, multipart/form-data, text/xml], useEquals=false, ignoredMediaTypes=[*/*]]], MediaTypeRequestMatcher [contentNegotiationStrategy=org.springframework.web.accept.ContentNegotiationManager@36453773, matchingMediaTypes=[*/*], useEquals=true, ignoredMediaTypes=[]]]
2025-03-08 14:12:48.744 [http-nio-8083-exec-2] DEBUG o.s.s.w.a.DelegatingAuthenticationEntryPoint - Match found! Executing org.springframework.security.web.authentication.DelegatingAuthenticationEntryPoint@50caeb4b
2025-03-08 14:12:48.745 [http-nio-8083-exec-2] DEBUG o.s.s.w.a.DelegatingAuthenticationEntryPoint - Trying to match using RequestHeaderRequestMatcher [expectedHeaderName=X-Requested-With, expectedHeaderValue=XMLHttpRequest]
2025-03-08 14:12:48.745 [http-nio-8083-exec-2] DEBUG o.s.s.w.a.DelegatingAuthenticationEntryPoint - No match found. Using default entry point org.springframework.security.web.authentication.www.BasicAuthenticationEntryPoint@6d8d435b
2025-03-08 14:12:48.745 [http-nio-8083-exec-2] DEBUG o.s.security.web.FilterChainProxy - Securing GET /error
2025-03-08 14:12:48.746 [http-nio-8083-exec-2] DEBUG o.s.s.w.a.AnonymousAuthenticationFilter - Set SecurityContextHolder to anonymous SecurityContext
2025-03-08 14:12:48.746 [http-nio-8083-exec-2] DEBUG o.s.s.w.s.HttpSessionRequestCache - Saved request http://localhost:8083/error?continue to session
2025-03-08 14:12:48.746 [http-nio-8083-exec-2] DEBUG o.s.s.w.a.DelegatingAuthenticationEntryPoint - Trying to match using And [Not [RequestHeaderRequestMatcher [expectedHeaderName=X-Requested-With, expectedHeaderValue=XMLHttpRequest]], MediaTypeRequestMatcher [contentNegotiationStrategy=org.springframework.web.accept.ContentNegotiationManager@36453773, matchingMediaTypes=[application/xhtml+xml, image/*, text/html, text/plain], useEquals=false, ignoredMediaTypes=[*/*]]]
2025-03-08 14:12:48.746 [http-nio-8083-exec-2] DEBUG o.s.s.w.a.DelegatingAuthenticationEntryPoint - Trying to match using Or [RequestHeaderRequestMatcher [expectedHeaderName=X-Requested-With, expectedHeaderValue=XMLHttpRequest], And [Not [MediaTypeRequestMatcher [contentNegotiationStrategy=org.springframework.web.accept.ContentNegotiationManager@36453773, matchingMediaTypes=[text/html], useEquals=false, ignoredMediaTypes=[]]], MediaTypeRequestMatcher [contentNegotiationStrategy=org.springframework.web.accept.ContentNegotiationManager@36453773, matchingMediaTypes=[application/atom+xml, application/x-www-form-urlencoded, application/json, application/octet-stream, application/xml, multipart/form-data, text/xml], useEquals=false, ignoredMediaTypes=[*/*]]], MediaTypeRequestMatcher [contentNegotiationStrategy=org.springframework.web.accept.ContentNegotiationManager@36453773, matchingMediaTypes=[*/*], useEquals=true, ignoredMediaTypes=[]]]
2025-03-08 14:12:48.746 [http-nio-8083-exec-2] DEBUG o.s.s.w.a.DelegatingAuthenticationEntryPoint - Match found! Executing org.springframework.security.web.authentication.DelegatingAuthenticationEntryPoint@50caeb4b
2025-03-08 14:12:48.746 [http-nio-8083-exec-2] DEBUG o.s.s.w.a.DelegatingAuthenticationEntryPoint - Trying to match using RequestHeaderRequestMatcher [expectedHeaderName=X-Requested-With, expectedHeaderValue=XMLHttpRequest]
2025-03-08 14:12:48.746 [http-nio-8083-exec-2] DEBUG o.s.s.w.a.DelegatingAuthenticationEntryPoint - No match found. Using default entry point org.springframework.security.web.authentication.www.BasicAuthenticationEntryPoint@6d8d435b
2025-03-08 14:12:50.860 [http-nio-8083-exec-3] DEBUG o.s.security.web.FilterChainProxy - Securing GET /actuator/health
2025-03-08 14:12:50.861 [http-nio-8083-exec-3] DEBUG o.s.s.w.a.AnonymousAuthenticationFilter - Set SecurityContextHolder to anonymous SecurityContext
2025-03-08 14:12:50.861 [http-nio-8083-exec-3] DEBUG o.s.s.w.s.HttpSessionRequestCache - Saved request http://localhost:8083/actuator/health?continue to session
2025-03-08 14:12:50.861 [http-nio-8083-exec-3] DEBUG o.s.s.w.a.DelegatingAuthenticationEntryPoint - Trying to match using And [Not [RequestHeaderRequestMatcher [expectedHeaderName=X-Requested-With, expectedHeaderValue=XMLHttpRequest]], MediaTypeRequestMatcher [contentNegotiationStrategy=org.springframework.web.accept.ContentNegotiationManager@36453773, matchingMediaTypes=[application/xhtml+xml, image/*, text/html, text/plain], useEquals=false, ignoredMediaTypes=[*/*]]]
2025-03-08 14:12:50.861 [http-nio-8083-exec-3] DEBUG o.s.s.w.a.DelegatingAuthenticationEntryPoint - Trying to match using Or [RequestHeaderRequestMatcher [expectedHeaderName=X-Requested-With, expectedHeaderValue=XMLHttpRequest], And [Not [MediaTypeRequestMatcher [contentNegotiationStrategy=org.springframework.web.accept.ContentNegotiationManager@36453773, matchingMediaTypes=[text/html], useEquals=false, ignoredMediaTypes=[]]], MediaTypeRequestMatcher [contentNegotiationStrategy=org.springframework.web.accept.ContentNegotiationManager@36453773, matchingMediaTypes=[application/atom+xml, application/x-www-form-urlencoded, application/json, application/octet-stream, application/xml, multipart/form-data, text/xml], useEquals=false, ignoredMediaTypes=[*/*]]], MediaTypeRequestMatcher [contentNegotiationStrategy=org.springframework.web.accept.ContentNegotiationManager@36453773, matchingMediaTypes=[*/*], useEquals=true, ignoredMediaTypes=[]]]
2025-03-08 14:12:50.861 [http-nio-8083-exec-3] DEBUG o.s.s.w.a.DelegatingAuthenticationEntryPoint - Match found! Executing org.springframework.security.web.authentication.DelegatingAuthenticationEntryPoint@50caeb4b
2025-03-08 14:12:50.861 [http-nio-8083-exec-3] DEBUG o.s.s.w.a.DelegatingAuthenticationEntryPoint - Trying to match using RequestHeaderRequestMatcher [expectedHeaderName=X-Requested-With, expectedHeaderValue=XMLHttpRequest]
2025-03-08 14:12:50.861 [http-nio-8083-exec-3] DEBUG o.s.s.w.a.DelegatingAuthenticationEntryPoint - No match found. Using default entry point org.springframework.security.web.authentication.www.BasicAuthenticationEntryPoint@6d8d435b
2025-03-08 14:12:50.862 [http-nio-8083-exec-3] DEBUG o.s.security.web.FilterChainProxy - Securing GET /error
2025-03-08 14:12:50.862 [http-nio-8083-exec-3] DEBUG o.s.s.w.a.AnonymousAuthenticationFilter - Set SecurityContextHolder to anonymous SecurityContext
2025-03-08 14:12:50.862 [http-nio-8083-exec-3] DEBUG o.s.s.w.s.HttpSessionRequestCache - Saved request http://localhost:8083/error?continue to session
2025-03-08 14:12:50.862 [http-nio-8083-exec-3] DEBUG o.s.s.w.a.DelegatingAuthenticationEntryPoint - Trying to match using And [Not [RequestHeaderRequestMatcher [expectedHeaderName=X-Requested-With, expectedHeaderValue=XMLHttpRequest]], MediaTypeRequestMatcher [contentNegotiationStrategy=org.springframework.web.accept.ContentNegotiationManager@36453773, matchingMediaTypes=[application/xhtml+xml, image/*, text/html, text/plain], useEquals=false, ignoredMediaTypes=[*/*]]]
2025-03-08 14:12:50.863 [http-nio-8083-exec-3] DEBUG o.s.s.w.a.DelegatingAuthenticationEntryPoint - Trying to match using Or [RequestHeaderRequestMatcher [expectedHeaderName=X-Requested-With, expectedHeaderValue=XMLHttpRequest], And [Not [MediaTypeRequestMatcher [contentNegotiationStrategy=org.springframework.web.accept.ContentNegotiationManager@36453773, matchingMediaTypes=[text/html], useEquals=false, ignoredMediaTypes=[]]], MediaTypeRequestMatcher [contentNegotiationStrategy=org.springframework.web.accept.ContentNegotiationManager@36453773, matchingMediaTypes=[application/atom+xml, application/x-www-form-urlencoded, application/json, application/octet-stream, application/xml, multipart/form-data, text/xml], useEquals=false, ignoredMediaTypes=[*/*]]], MediaTypeRequestMatcher [contentNegotiationStrategy=org.springframework.web.accept.ContentNegotiationManager@36453773, matchingMediaTypes=[*/*], useEquals=true, ignoredMediaTypes=[]]]
2025-03-08 14:12:50.863 [http-nio-8083-exec-3] DEBUG o.s.s.w.a.DelegatingAuthenticationEntryPoint - Match found! Executing org.springframework.security.web.authentication.DelegatingAuthenticationEntryPoint@50caeb4b
2025-03-08 14:12:50.863 [http-nio-8083-exec-3] DEBUG o.s.s.w.a.DelegatingAuthenticationEntryPoint - Trying to match using RequestHeaderRequestMatcher [expectedHeaderName=X-Requested-With, expectedHeaderValue=XMLHttpRequest]
2025-03-08 14:12:50.863 [http-nio-8083-exec-3] DEBUG o.s.s.w.a.DelegatingAuthenticationEntryPoint - No match found. Using default entry point org.springframework.security.web.authentication.www.BasicAuthenticationEntryPoint@6d8d435b
2025-03-08 14:12:52.982 [http-nio-8083-exec-5] DEBUG o.s.security.web.FilterChainProxy - Securing GET /actuator/health
2025-03-08 14:12:52.983 [http-nio-8083-exec-5] DEBUG o.s.s.w.a.AnonymousAuthenticationFilter - Set SecurityContextHolder to anonymous SecurityContext
2025-03-08 14:12:52.983 [http-nio-8083-exec-5] DEBUG o.s.s.w.s.HttpSessionRequestCache - Saved request http://localhost:8083/actuator/health?continue to session
2025-03-08 14:12:52.983 [http-nio-8083-exec-5] DEBUG o.s.s.w.a.DelegatingAuthenticationEntryPoint - Trying to match using And [Not [RequestHeaderRequestMatcher [expectedHeaderName=X-Requested-With, expectedHeaderValue=XMLHttpRequest]], MediaTypeRequestMatcher [contentNegotiationStrategy=org.springframework.web.accept.ContentNegotiationManager@36453773, matchingMediaTypes=[application/xhtml+xml, image/*, text/html, text/plain], useEquals=false, ignoredMediaTypes=[*/*]]]
2025-03-08 14:12:52.983 [http-nio-8083-exec-5] DEBUG o.s.s.w.a.DelegatingAuthenticationEntryPoint - Trying to match using Or [RequestHeaderRequestMatcher [expectedHeaderName=X-Requested-With, expectedHeaderValue=XMLHttpRequest], And [Not [MediaTypeRequestMatcher [contentNegotiationStrategy=org.springframework.web.accept.ContentNegotiationManager@36453773, matchingMediaTypes=[text/html], useEquals=false, ignoredMediaTypes=[]]], MediaTypeRequestMatcher [contentNegotiationStrategy=org.springframework.web.accept.ContentNegotiationManager@36453773, matchingMediaTypes=[application/atom+xml, application/x-www-form-urlencoded, application/json, application/octet-stream, application/xml, multipart/form-data, text/xml], useEquals=false, ignoredMediaTypes=[*/*]]], MediaTypeRequestMatcher [contentNegotiationStrategy=org.springframework.web.accept.ContentNegotiationManager@36453773, matchingMediaTypes=[*/*], useEquals=true, ignoredMediaTypes=[]]]
2025-03-08 14:12:52.983 [http-nio-8083-exec-5] DEBUG o.s.s.w.a.DelegatingAuthenticationEntryPoint - Match found! Executing org.springframework.security.web.authentication.DelegatingAuthenticationEntryPoint@50caeb4b
2025-03-08 14:12:52.983 [http-nio-8083-exec-5] DEBUG o.s.s.w.a.DelegatingAuthenticationEntryPoint - Trying to match using RequestHeaderRequestMatcher [expectedHeaderName=X-Requested-With, expectedHeaderValue=XMLHttpRequest]
2025-03-08 14:12:52.983 [http-nio-8083-exec-5] DEBUG o.s.s.w.a.DelegatingAuthenticationEntryPoint - No match found. Using default entry point org.springframework.security.web.authentication.www.BasicAuthenticationEntryPoint@6d8d435b
2025-03-08 14:12:52.984 [http-nio-8083-exec-5] DEBUG o.s.security.web.FilterChainProxy - Securing GET /error
2025-03-08 14:12:52.984 [http-nio-8083-exec-5] DEBUG o.s.s.w.a.AnonymousAuthenticationFilter - Set SecurityContextHolder to anonymous SecurityContext
2025-03-08 14:12:52.985 [http-nio-8083-exec-5] DEBUG o.s.s.w.s.HttpSessionRequestCache - Saved request http://localhost:8083/error?continue to session
2025-03-08 14:12:52.985 [http-nio-8083-exec-5] DEBUG o.s.s.w.a.DelegatingAuthenticationEntryPoint - Trying to match using And [Not [RequestHeaderRequestMatcher [expectedHeaderName=X-Requested-With, expectedHeaderValue=XMLHttpRequest]], MediaTypeRequestMatcher [contentNegotiationStrategy=org.springframework.web.accept.ContentNegotiationManager@36453773, matchingMediaTypes=[application/xhtml+xml, image/*, text/html, text/plain], useEquals=false, ignoredMediaTypes=[*/*]]]
2025-03-08 14:12:52.985 [http-nio-8083-exec-5] DEBUG o.s.s.w.a.DelegatingAuthenticationEntryPoint - Trying to match using Or [RequestHeaderRequestMatcher [expectedHeaderName=X-Requested-With, expectedHeaderValue=XMLHttpRequest], And [Not [MediaTypeRequestMatcher [contentNegotiationStrategy=org.springframework.web.accept.ContentNegotiationManager@36453773, matchingMediaTypes=[text/html], useEquals=false, ignoredMediaTypes=[]]], MediaTypeRequestMatcher [contentNegotiationStrategy=org.springframework.web.accept.ContentNegotiationManager@36453773, matchingMediaTypes=[application/atom+xml, application/x-www-form-urlencoded, application/json, application/octet-stream, application/xml, multipart/form-data, text/xml], useEquals=false, ignoredMediaTypes=[*/*]]], MediaTypeRequestMatcher [contentNegotiationStrategy=org.springframework.web.accept.ContentNegotiationManager@36453773, matchingMediaTypes=[*/*], useEquals=true, ignoredMediaTypes=[]]]
2025-03-08 14:12:52.986 [http-nio-8083-exec-5] DEBUG o.s.s.w.a.DelegatingAuthenticationEntryPoint - Match found! Executing org.springframework.security.web.authentication.DelegatingAuthenticationEntryPoint@50caeb4b
2025-03-08 14:12:52.986 [http-nio-8083-exec-5] DEBUG o.s.s.w.a.DelegatingAuthenticationEntryPoint - Trying to match using RequestHeaderRequestMatcher [expectedHeaderName=X-Requested-With, expectedHeaderValue=XMLHttpRequest]
2025-03-08 14:12:52.986 [http-nio-8083-exec-5] DEBUG o.s.s.w.a.DelegatingAuthenticationEntryPoint - No match found. Using default entry point org.springframework.security.web.authentication.www.BasicAuthenticationEntryPoint@6d8d435b
2025-03-08 14:12:55.101 [http-nio-8083-exec-6] DEBUG o.s.security.web.FilterChainProxy - Securing GET /actuator/health
2025-03-08 14:12:55.102 [http-nio-8083-exec-6] DEBUG o.s.s.w.a.AnonymousAuthenticationFilter - Set SecurityContextHolder to anonymous SecurityContext
2025-03-08 14:12:55.102 [http-nio-8083-exec-6] DEBUG o.s.s.w.s.HttpSessionRequestCache - Saved request http://localhost:8083/actuator/health?continue to session
2025-03-08 14:12:55.102 [http-nio-8083-exec-6] DEBUG o.s.s.w.a.DelegatingAuthenticationEntryPoint - Trying to match using And [Not [RequestHeaderRequestMatcher [expectedHeaderName=X-Requested-With, expectedHeaderValue=XMLHttpRequest]], MediaTypeRequestMatcher [contentNegotiationStrategy=org.springframework.web.accept.ContentNegotiationManager@36453773, matchingMediaTypes=[application/xhtml+xml, image/*, text/html, text/plain], useEquals=false, ignoredMediaTypes=[*/*]]]
2025-03-08 14:12:55.102 [http-nio-8083-exec-6] DEBUG o.s.s.w.a.DelegatingAuthenticationEntryPoint - Trying to match using Or [RequestHeaderRequestMatcher [expectedHeaderName=X-Requested-With, expectedHeaderValue=XMLHttpRequest], And [Not [MediaTypeRequestMatcher [contentNegotiationStrategy=org.springframework.web.accept.ContentNegotiationManager@36453773, matchingMediaTypes=[text/html], useEquals=false, ignoredMediaTypes=[]]], MediaTypeRequestMatcher [contentNegotiationStrategy=org.springframework.web.accept.ContentNegotiationManager@36453773, matchingMediaTypes=[application/atom+xml, application/x-www-form-urlencoded, application/json, application/octet-stream, application/xml, multipart/form-data, text/xml], useEquals=false, ignoredMediaTypes=[*/*]]], MediaTypeRequestMatcher [contentNegotiationStrategy=org.springframework.web.accept.ContentNegotiationManager@36453773, matchingMediaTypes=[*/*], useEquals=true, ignoredMediaTypes=[]]]
2025-03-08 14:12:55.102 [http-nio-8083-exec-6] DEBUG o.s.s.w.a.DelegatingAuthenticationEntryPoint - Match found! Executing org.springframework.security.web.authentication.DelegatingAuthenticationEntryPoint@50caeb4b
2025-03-08 14:12:55.102 [http-nio-8083-exec-6] DEBUG o.s.s.w.a.DelegatingAuthenticationEntryPoint - Trying to match using RequestHeaderRequestMatcher [expectedHeaderName=X-Requested-With, expectedHeaderValue=XMLHttpRequest]
2025-03-08 14:12:55.102 [http-nio-8083-exec-6] DEBUG o.s.s.w.a.DelegatingAuthenticationEntryPoint - No match found. Using default entry point org.springframework.security.web.authentication.www.BasicAuthenticationEntryPoint@6d8d435b
2025-03-08 14:12:55.103 [http-nio-8083-exec-6] DEBUG o.s.security.web.FilterChainProxy - Securing GET /error
2025-03-08 14:12:55.103 [http-nio-8083-exec-6] DEBUG o.s.s.w.a.AnonymousAuthenticationFilter - Set SecurityContextHolder to anonymous SecurityContext
2025-03-08 14:12:55.103 [http-nio-8083-exec-6] DEBUG o.s.s.w.s.HttpSessionRequestCache - Saved request http://localhost:8083/error?continue to session
2025-03-08 14:12:55.103 [http-nio-8083-exec-6] DEBUG o.s.s.w.a.DelegatingAuthenticationEntryPoint - Trying to match using And [Not [RequestHeaderRequestMatcher [expectedHeaderName=X-Requested-With, expectedHeaderValue=XMLHttpRequest]], MediaTypeRequestMatcher [contentNegotiationStrategy=org.springframework.web.accept.ContentNegotiationManager@36453773, matchingMediaTypes=[application/xhtml+xml, image/*, text/html, text/plain], useEquals=false, ignoredMediaTypes=[*/*]]]
2025-03-08 14:12:55.103 [http-nio-8083-exec-6] DEBUG o.s.s.w.a.DelegatingAuthenticationEntryPoint - Trying to match using Or [RequestHeaderRequestMatcher [expectedHeaderName=X-Requested-With, expectedHeaderValue=XMLHttpRequest], And [Not [MediaTypeRequestMatcher [contentNegotiationStrategy=org.springframework.web.accept.ContentNegotiationManager@36453773, matchingMediaTypes=[text/html], useEquals=false, ignoredMediaTypes=[]]], MediaTypeRequestMatcher [contentNegotiationStrategy=org.springframework.web.accept.ContentNegotiationManager@36453773, matchingMediaTypes=[application/atom+xml, application/x-www-form-urlencoded, application/json, application/octet-stream, application/xml, multipart/form-data, text/xml], useEquals=false, ignoredMediaTypes=[*/*]]], MediaTypeRequestMatcher [contentNegotiationStrategy=org.springframework.web.accept.ContentNegotiationManager@36453773, matchingMediaTypes=[*/*], useEquals=true, ignoredMediaTypes=[]]]
2025-03-08 14:12:55.103 [http-nio-8083-exec-6] DEBUG o.s.s.w.a.DelegatingAuthenticationEntryPoint - Match found! Executing org.springframework.security.web.authentication.DelegatingAuthenticationEntryPoint@50caeb4b
2025-03-08 14:12:55.103 [http-nio-8083-exec-6] DEBUG o.s.s.w.a.DelegatingAuthenticationEntryPoint - Trying to match using RequestHeaderRequestMatcher [expectedHeaderName=X-Requested-With, expectedHeaderValue=XMLHttpRequest]
2025-03-08 14:12:55.103 [http-nio-8083-exec-6] DEBUG o.s.s.w.a.DelegatingAuthenticationEntryPoint - No match found. Using default entry point org.springframework.security.web.authentication.www.BasicAuthenticationEntryPoint@6d8d435b
2025-03-08 14:12:57.222 [http-nio-8083-exec-7] DEBUG o.s.security.web.FilterChainProxy - Securing GET /actuator/health
2025-03-08 14:12:57.223 [http-nio-8083-exec-7] DEBUG o.s.s.w.a.AnonymousAuthenticationFilter - Set SecurityContextHolder to anonymous SecurityContext
2025-03-08 14:12:57.223 [http-nio-8083-exec-7] DEBUG o.s.s.w.s.HttpSessionRequestCache - Saved request http://localhost:8083/actuator/health?continue to session
2025-03-08 14:12:57.223 [http-nio-8083-exec-7] DEBUG o.s.s.w.a.DelegatingAuthenticationEntryPoint - Trying to match using And [Not [RequestHeaderRequestMatcher [expectedHeaderName=X-Requested-With, expectedHeaderValue=XMLHttpRequest]], MediaTypeRequestMatcher [contentNegotiationStrategy=org.springframework.web.accept.ContentNegotiationManager@36453773, matchingMediaTypes=[application/xhtml+xml, image/*, text/html, text/plain], useEquals=false, ignoredMediaTypes=[*/*]]]
2025-03-08 14:12:57.223 [http-nio-8083-exec-7] DEBUG o.s.s.w.a.DelegatingAuthenticationEntryPoint - Trying to match using Or [RequestHeaderRequestMatcher [expectedHeaderName=X-Requested-With, expectedHeaderValue=XMLHttpRequest], And [Not [MediaTypeRequestMatcher [contentNegotiationStrategy=org.springframework.web.accept.ContentNegotiationManager@36453773, matchingMediaTypes=[text/html], useEquals=false, ignoredMediaTypes=[]]], MediaTypeRequestMatcher [contentNegotiationStrategy=org.springframework.web.accept.ContentNegotiationManager@36453773, matchingMediaTypes=[application/atom+xml, application/x-www-form-urlencoded, application/json, application/octet-stream, application/xml, multipart/form-data, text/xml], useEquals=false, ignoredMediaTypes=[*/*]]], MediaTypeRequestMatcher [contentNegotiationStrategy=org.springframework.web.accept.ContentNegotiationManager@36453773, matchingMediaTypes=[*/*], useEquals=true, ignoredMediaTypes=[]]]
2025-03-08 14:12:57.223 [http-nio-8083-exec-7] DEBUG o.s.s.w.a.DelegatingAuthenticationEntryPoint - Match found! Executing org.springframework.security.web.authentication.DelegatingAuthenticationEntryPoint@50caeb4b
2025-03-08 14:12:57.223 [http-nio-8083-exec-7] DEBUG o.s.s.w.a.DelegatingAuthenticationEntryPoint - Trying to match using RequestHeaderRequestMatcher [expectedHeaderName=X-Requested-With, expectedHeaderValue=XMLHttpRequest]
2025-03-08 14:12:57.223 [http-nio-8083-exec-7] DEBUG o.s.s.w.a.DelegatingAuthenticationEntryPoint - No match found. Using default entry point org.springframework.security.web.authentication.www.BasicAuthenticationEntryPoint@6d8d435b
2025-03-08 14:12:57.224 [http-nio-8083-exec-7] DEBUG o.s.security.web.FilterChainProxy - Securing GET /error
2025-03-08 14:12:57.224 [http-nio-8083-exec-7] DEBUG o.s.s.w.a.AnonymousAuthenticationFilter - Set SecurityContextHolder to anonymous SecurityContext
2025-03-08 14:12:57.224 [http-nio-8083-exec-7] DEBUG o.s.s.w.s.HttpSessionRequestCache - Saved request http://localhost:8083/error?continue to session
2025-03-08 14:12:57.224 [http-nio-8083-exec-7] DEBUG o.s.s.w.a.DelegatingAuthenticationEntryPoint - Trying to match using And [Not [RequestHeaderRequestMatcher [expectedHeaderName=X-Requested-With, expectedHeaderValue=XMLHttpRequest]], MediaTypeRequestMatcher [contentNegotiationStrategy=org.springframework.web.accept.ContentNegotiationManager@36453773, matchingMediaTypes=[application/xhtml+xml, image/*, text/html, text/plain], useEquals=false, ignoredMediaTypes=[*/*]]]
2025-03-08 14:12:57.224 [http-nio-8083-exec-7] DEBUG o.s.s.w.a.DelegatingAuthenticationEntryPoint - Trying to match using Or [RequestHeaderRequestMatcher [expectedHeaderName=X-Requested-With, expectedHeaderValue=XMLHttpRequest], And [Not [MediaTypeRequestMatcher [contentNegotiationStrategy=org.springframework.web.accept.ContentNegotiationManager@36453773, matchingMediaTypes=[text/html], useEquals=false, ignoredMediaTypes=[]]], MediaTypeRequestMatcher [contentNegotiationStrategy=org.springframework.web.accept.ContentNegotiationManager@36453773, matchingMediaTypes=[application/atom+xml, application/x-www-form-urlencoded, application/json, application/octet-stream, application/xml, multipart/form-data, text/xml], useEquals=false, ignoredMediaTypes=[*/*]]], MediaTypeRequestMatcher [contentNegotiationStrategy=org.springframework.web.accept.ContentNegotiationManager@36453773, matchingMediaTypes=[*/*], useEquals=true, ignoredMediaTypes=[]]]
2025-03-08 14:12:57.224 [http-nio-8083-exec-7] DEBUG o.s.s.w.a.DelegatingAuthenticationEntryPoint - Match found! Executing org.springframework.security.web.authentication.DelegatingAuthenticationEntryPoint@50caeb4b
2025-03-08 14:12:57.225 [http-nio-8083-exec-7] DEBUG o.s.s.w.a.DelegatingAuthenticationEntryPoint - Trying to match using RequestHeaderRequestMatcher [expectedHeaderName=X-Requested-With, expectedHeaderValue=XMLHttpRequest]
2025-03-08 14:12:57.225 [http-nio-8083-exec-7] DEBUG o.s.s.w.a.DelegatingAuthenticationEntryPoint - No match found. Using default entry point org.springframework.security.web.authentication.www.BasicAuthenticationEntryPoint@6d8d435b
2025-03-08 14:12:59.344 [http-nio-8083-exec-2] DEBUG o.s.security.web.FilterChainProxy - Securing GET /actuator/health
2025-03-08 14:12:59.345 [http-nio-8083-exec-2] DEBUG o.s.s.w.a.AnonymousAuthenticationFilter - Set SecurityContextHolder to anonymous SecurityContext
2025-03-08 14:12:59.345 [http-nio-8083-exec-2] DEBUG o.s.s.w.s.HttpSessionRequestCache - Saved request http://localhost:8083/actuator/health?continue to session
2025-03-08 14:12:59.345 [http-nio-8083-exec-2] DEBUG o.s.s.w.a.DelegatingAuthenticationEntryPoint - Trying to match using And [Not [RequestHeaderRequestMatcher [expectedHeaderName=X-Requested-With, expectedHeaderValue=XMLHttpRequest]], MediaTypeRequestMatcher [contentNegotiationStrategy=org.springframework.web.accept.ContentNegotiationManager@36453773, matchingMediaTypes=[application/xhtml+xml, image/*, text/html, text/plain], useEquals=false, ignoredMediaTypes=[*/*]]]
2025-03-08 14:12:59.345 [http-nio-8083-exec-2] DEBUG o.s.s.w.a.DelegatingAuthenticationEntryPoint - Trying to match using Or [RequestHeaderRequestMatcher [expectedHeaderName=X-Requested-With, expectedHeaderValue=XMLHttpRequest], And [Not [MediaTypeRequestMatcher [contentNegotiationStrategy=org.springframework.web.accept.ContentNegotiationManager@36453773, matchingMediaTypes=[text/html], useEquals=false, ignoredMediaTypes=[]]], MediaTypeRequestMatcher [contentNegotiationStrategy=org.springframework.web.accept.ContentNegotiationManager@36453773, matchingMediaTypes=[application/atom+xml, application/x-www-form-urlencoded, application/json, application/octet-stream, application/xml, multipart/form-data, text/xml], useEquals=false, ignoredMediaTypes=[*/*]]], MediaTypeRequestMatcher [contentNegotiationStrategy=org.springframework.web.accept.ContentNegotiationManager@36453773, matchingMediaTypes=[*/*], useEquals=true, ignoredMediaTypes=[]]]
2025-03-08 14:12:59.345 [http-nio-8083-exec-2] DEBUG o.s.s.w.a.DelegatingAuthenticationEntryPoint - Match found! Executing org.springframework.security.web.authentication.DelegatingAuthenticationEntryPoint@50caeb4b
2025-03-08 14:12:59.345 [http-nio-8083-exec-2] DEBUG o.s.s.w.a.DelegatingAuthenticationEntryPoint - Trying to match using RequestHeaderRequestMatcher [expectedHeaderName=X-Requested-With, expectedHeaderValue=XMLHttpRequest]
2025-03-08 14:12:59.345 [http-nio-8083-exec-2] DEBUG o.s.s.w.a.DelegatingAuthenticationEntryPoint - No match found. Using default entry point org.springframework.security.web.authentication.www.BasicAuthenticationEntryPoint@6d8d435b
2025-03-08 14:12:59.346 [http-nio-8083-exec-2] DEBUG o.s.security.web.FilterChainProxy - Securing GET /error
2025-03-08 14:12:59.346 [http-nio-8083-exec-2] DEBUG o.s.s.w.a.AnonymousAuthenticationFilter - Set SecurityContextHolder to anonymous SecurityContext
2025-03-08 14:12:59.346 [http-nio-8083-exec-2] DEBUG o.s.s.w.s.HttpSessionRequestCache - Saved request http://localhost:8083/error?continue to session
2025-03-08 14:12:59.346 [http-nio-8083-exec-2] DEBUG o.s.s.w.a.DelegatingAuthenticationEntryPoint - Trying to match using And [Not [RequestHeaderRequestMatcher [expectedHeaderName=X-Requested-With, expectedHeaderValue=XMLHttpRequest]], MediaTypeRequestMatcher [contentNegotiationStrategy=org.springframework.web.accept.ContentNegotiationManager@36453773, matchingMediaTypes=[application/xhtml+xml, image/*, text/html, text/plain], useEquals=false, ignoredMediaTypes=[*/*]]]
2025-03-08 14:12:59.347 [http-nio-8083-exec-2] DEBUG o.s.s.w.a.DelegatingAuthenticationEntryPoint - Trying to match using Or [RequestHeaderRequestMatcher [expectedHeaderName=X-Requested-With, expectedHeaderValue=XMLHttpRequest], And [Not [MediaTypeRequestMatcher [contentNegotiationStrategy=org.springframework.web.accept.ContentNegotiationManager@36453773, matchingMediaTypes=[text/html], useEquals=false, ignoredMediaTypes=[]]], MediaTypeRequestMatcher [contentNegotiationStrategy=org.springframework.web.accept.ContentNegotiationManager@36453773, matchingMediaTypes=[application/atom+xml, application/x-www-form-urlencoded, application/json, application/octet-stream, application/xml, multipart/form-data, text/xml], useEquals=false, ignoredMediaTypes=[*/*]]], MediaTypeRequestMatcher [contentNegotiationStrategy=org.springframework.web.accept.ContentNegotiationManager@36453773, matchingMediaTypes=[*/*], useEquals=true, ignoredMediaTypes=[]]]
2025-03-08 14:12:59.347 [http-nio-8083-exec-2] DEBUG o.s.s.w.a.DelegatingAuthenticationEntryPoint - Match found! Executing org.springframework.security.web.authentication.DelegatingAuthenticationEntryPoint@50caeb4b
2025-03-08 14:12:59.347 [http-nio-8083-exec-2] DEBUG o.s.s.w.a.DelegatingAuthenticationEntryPoint - Trying to match using RequestHeaderRequestMatcher [expectedHeaderName=X-Requested-With, expectedHeaderValue=XMLHttpRequest]
2025-03-08 14:12:59.347 [http-nio-8083-exec-2] DEBUG o.s.s.w.a.DelegatingAuthenticationEntryPoint - No match found. Using default entry point org.springframework.security.web.authentication.www.BasicAuthenticationEntryPoint@6d8d435b
2025-03-08 14:13:01.466 [http-nio-8083-exec-3] DEBUG o.s.security.web.FilterChainProxy - Securing GET /actuator/health
2025-03-08 14:13:01.466 [http-nio-8083-exec-3] DEBUG o.s.s.w.a.AnonymousAuthenticationFilter - Set SecurityContextHolder to anonymous SecurityContext
2025-03-08 14:13:01.467 [http-nio-8083-exec-3] DEBUG o.s.s.w.s.HttpSessionRequestCache - Saved request http://localhost:8083/actuator/health?continue to session
2025-03-08 14:13:01.467 [http-nio-8083-exec-3] DEBUG o.s.s.w.a.DelegatingAuthenticationEntryPoint - Trying to match using And [Not [RequestHeaderRequestMatcher [expectedHeaderName=X-Requested-With, expectedHeaderValue=XMLHttpRequest]], MediaTypeRequestMatcher [contentNegotiationStrategy=org.springframework.web.accept.ContentNegotiationManager@36453773, matchingMediaTypes=[application/xhtml+xml, image/*, text/html, text/plain], useEquals=false, ignoredMediaTypes=[*/*]]]
2025-03-08 14:13:01.467 [http-nio-8083-exec-3] DEBUG o.s.s.w.a.DelegatingAuthenticationEntryPoint - Trying to match using Or [RequestHeaderRequestMatcher [expectedHeaderName=X-Requested-With, expectedHeaderValue=XMLHttpRequest], And [Not [MediaTypeRequestMatcher [contentNegotiationStrategy=org.springframework.web.accept.ContentNegotiationManager@36453773, matchingMediaTypes=[text/html], useEquals=false, ignoredMediaTypes=[]]], MediaTypeRequestMatcher [contentNegotiationStrategy=org.springframework.web.accept.ContentNegotiationManager@36453773, matchingMediaTypes=[application/atom+xml, application/x-www-form-urlencoded, application/json, application/octet-stream, application/xml, multipart/form-data, text/xml], useEquals=false, ignoredMediaTypes=[*/*]]], MediaTypeRequestMatcher [contentNegotiationStrategy=org.springframework.web.accept.ContentNegotiationManager@36453773, matchingMediaTypes=[*/*], useEquals=true, ignoredMediaTypes=[]]]
2025-03-08 14:13:01.467 [http-nio-8083-exec-3] DEBUG o.s.s.w.a.DelegatingAuthenticationEntryPoint - Match found! Executing org.springframework.security.web.authentication.DelegatingAuthenticationEntryPoint@50caeb4b
2025-03-08 14:13:01.467 [http-nio-8083-exec-3] DEBUG o.s.s.w.a.DelegatingAuthenticationEntryPoint - Trying to match using RequestHeaderRequestMatcher [expectedHeaderName=X-Requested-With, expectedHeaderValue=XMLHttpRequest]
2025-03-08 14:13:01.467 [http-nio-8083-exec-3] DEBUG o.s.s.w.a.DelegatingAuthenticationEntryPoint - No match found. Using default entry point org.springframework.security.web.authentication.www.BasicAuthenticationEntryPoint@6d8d435b
2025-03-08 14:13:01.468 [http-nio-8083-exec-3] DEBUG o.s.security.web.FilterChainProxy - Securing GET /error
2025-03-08 14:13:01.468 [http-nio-8083-exec-3] DEBUG o.s.s.w.a.AnonymousAuthenticationFilter - Set SecurityContextHolder to anonymous SecurityContext
2025-03-08 14:13:01.468 [http-nio-8083-exec-3] DEBUG o.s.s.w.s.HttpSessionRequestCache - Saved request http://localhost:8083/error?continue to session
2025-03-08 14:13:01.468 [http-nio-8083-exec-3] DEBUG o.s.s.w.a.DelegatingAuthenticationEntryPoint - Trying to match using And [Not [RequestHeaderRequestMatcher [expectedHeaderName=X-Requested-With, expectedHeaderValue=XMLHttpRequest]], MediaTypeRequestMatcher [contentNegotiationStrategy=org.springframework.web.accept.ContentNegotiationManager@36453773, matchingMediaTypes=[application/xhtml+xml, image/*, text/html, text/plain], useEquals=false, ignoredMediaTypes=[*/*]]]
2025-03-08 14:13:01.468 [http-nio-8083-exec-3] DEBUG o.s.s.w.a.DelegatingAuthenticationEntryPoint - Trying to match using Or [RequestHeaderRequestMatcher [expectedHeaderName=X-Requested-With, expectedHeaderValue=XMLHttpRequest], And [Not [MediaTypeRequestMatcher [contentNegotiationStrategy=org.springframework.web.accept.ContentNegotiationManager@36453773, matchingMediaTypes=[text/html], useEquals=false, ignoredMediaTypes=[]]], MediaTypeRequestMatcher [contentNegotiationStrategy=org.springframework.web.accept.ContentNegotiationManager@36453773, matchingMediaTypes=[application/atom+xml, application/x-www-form-urlencoded, application/json, application/octet-stream, application/xml, multipart/form-data, text/xml], useEquals=false, ignoredMediaTypes=[*/*]]], MediaTypeRequestMatcher [contentNegotiationStrategy=org.springframework.web.accept.ContentNegotiationManager@36453773, matchingMediaTypes=[*/*], useEquals=true, ignoredMediaTypes=[]]]
2025-03-08 14:13:01.470 [http-nio-8083-exec-3] DEBUG o.s.s.w.a.DelegatingAuthenticationEntryPoint - Match found! Executing org.springframework.security.web.authentication.DelegatingAuthenticationEntryPoint@50caeb4b
2025-03-08 14:13:01.470 [http-nio-8083-exec-3] DEBUG o.s.s.w.a.DelegatingAuthenticationEntryPoint - Trying to match using RequestHeaderRequestMatcher [expectedHeaderName=X-Requested-With, expectedHeaderValue=XMLHttpRequest]
2025-03-08 14:13:01.470 [http-nio-8083-exec-3] DEBUG o.s.s.w.a.DelegatingAuthenticationEntryPoint - No match found. Using default entry point org.springframework.security.web.authentication.www.BasicAuthenticationEntryPoint@6d8d435b
2025-03-08 14:13:03.591 [http-nio-8083-exec-5] DEBUG o.s.security.web.FilterChainProxy - Securing GET /actuator/health
2025-03-08 14:13:03.591 [http-nio-8083-exec-5] DEBUG o.s.s.w.a.AnonymousAuthenticationFilter - Set SecurityContextHolder to anonymous SecurityContext
2025-03-08 14:13:03.591 [http-nio-8083-exec-5] DEBUG o.s.s.w.s.HttpSessionRequestCache - Saved request http://localhost:8083/actuator/health?continue to session
2025-03-08 14:13:03.591 [http-nio-8083-exec-5] DEBUG o.s.s.w.a.DelegatingAuthenticationEntryPoint - Trying to match using And [Not [RequestHeaderRequestMatcher [expectedHeaderName=X-Requested-With, expectedHeaderValue=XMLHttpRequest]], MediaTypeRequestMatcher [contentNegotiationStrategy=org.springframework.web.accept.ContentNegotiationManager@36453773, matchingMediaTypes=[application/xhtml+xml, image/*, text/html, text/plain], useEquals=false, ignoredMediaTypes=[*/*]]]
2025-03-08 14:13:03.591 [http-nio-8083-exec-5] DEBUG o.s.s.w.a.DelegatingAuthenticationEntryPoint - Trying to match using Or [RequestHeaderRequestMatcher [expectedHeaderName=X-Requested-With, expectedHeaderValue=XMLHttpRequest], And [Not [MediaTypeRequestMatcher [contentNegotiationStrategy=org.springframework.web.accept.ContentNegotiationManager@36453773, matchingMediaTypes=[text/html], useEquals=false, ignoredMediaTypes=[]]], MediaTypeRequestMatcher [contentNegotiationStrategy=org.springframework.web.accept.ContentNegotiationManager@36453773, matchingMediaTypes=[application/atom+xml, application/x-www-form-urlencoded, application/json, application/octet-stream, application/xml, multipart/form-data, text/xml], useEquals=false, ignoredMediaTypes=[*/*]]], MediaTypeRequestMatcher [contentNegotiationStrategy=org.springframework.web.accept.ContentNegotiationManager@36453773, matchingMediaTypes=[*/*], useEquals=true, ignoredMediaTypes=[]]]
2025-03-08 14:13:03.592 [http-nio-8083-exec-5] DEBUG o.s.s.w.a.DelegatingAuthenticationEntryPoint - Match found! Executing org.springframework.security.web.authentication.DelegatingAuthenticationEntryPoint@50caeb4b
2025-03-08 14:13:03.592 [http-nio-8083-exec-5] DEBUG o.s.s.w.a.DelegatingAuthenticationEntryPoint - Trying to match using RequestHeaderRequestMatcher [expectedHeaderName=X-Requested-With, expectedHeaderValue=XMLHttpRequest]
2025-03-08 14:13:03.592 [http-nio-8083-exec-5] DEBUG o.s.s.w.a.DelegatingAuthenticationEntryPoint - No match found. Using default entry point org.springframework.security.web.authentication.www.BasicAuthenticationEntryPoint@6d8d435b
2025-03-08 14:13:03.592 [http-nio-8083-exec-5] DEBUG o.s.security.web.FilterChainProxy - Securing GET /error
2025-03-08 14:13:03.592 [http-nio-8083-exec-5] DEBUG o.s.s.w.a.AnonymousAuthenticationFilter - Set SecurityContextHolder to anonymous SecurityContext
2025-03-08 14:13:03.592 [http-nio-8083-exec-5] DEBUG o.s.s.w.s.HttpSessionRequestCache - Saved request http://localhost:8083/error?continue to session
2025-03-08 14:13:03.592 [http-nio-8083-exec-5] DEBUG o.s.s.w.a.DelegatingAuthenticationEntryPoint - Trying to match using And [Not [RequestHeaderRequestMatcher [expectedHeaderName=X-Requested-With, expectedHeaderValue=XMLHttpRequest]], MediaTypeRequestMatcher [contentNegotiationStrategy=org.springframework.web.accept.ContentNegotiationManager@36453773, matchingMediaTypes=[application/xhtml+xml, image/*, text/html, text/plain], useEquals=false, ignoredMediaTypes=[*/*]]]
2025-03-08 14:13:03.593 [http-nio-8083-exec-5] DEBUG o.s.s.w.a.DelegatingAuthenticationEntryPoint - Trying to match using Or [RequestHeaderRequestMatcher [expectedHeaderName=X-Requested-With, expectedHeaderValue=XMLHttpRequest], And [Not [MediaTypeRequestMatcher [contentNegotiationStrategy=org.springframework.web.accept.ContentNegotiationManager@36453773, matchingMediaTypes=[text/html], useEquals=false, ignoredMediaTypes=[]]], MediaTypeRequestMatcher [contentNegotiationStrategy=org.springframework.web.accept.ContentNegotiationManager@36453773, matchingMediaTypes=[application/atom+xml, application/x-www-form-urlencoded, application/json, application/octet-stream, application/xml, multipart/form-data, text/xml], useEquals=false, ignoredMediaTypes=[*/*]]], MediaTypeRequestMatcher [contentNegotiationStrategy=org.springframework.web.accept.ContentNegotiationManager@36453773, matchingMediaTypes=[*/*], useEquals=true, ignoredMediaTypes=[]]]
2025-03-08 14:13:03.593 [http-nio-8083-exec-5] DEBUG o.s.s.w.a.DelegatingAuthenticationEntryPoint - Match found! Executing org.springframework.security.web.authentication.DelegatingAuthenticationEntryPoint@50caeb4b
2025-03-08 14:13:03.593 [http-nio-8083-exec-5] DEBUG o.s.s.w.a.DelegatingAuthenticationEntryPoint - Trying to match using RequestHeaderRequestMatcher [expectedHeaderName=X-Requested-With, expectedHeaderValue=XMLHttpRequest]
2025-03-08 14:13:03.593 [http-nio-8083-exec-5] DEBUG o.s.s.w.a.DelegatingAuthenticationEntryPoint - No match found. Using default entry point org.springframework.security.web.authentication.www.BasicAuthenticationEntryPoint@6d8d435b
2025-03-08 14:13:05.715 [http-nio-8083-exec-6] DEBUG o.s.security.web.FilterChainProxy - Securing GET /actuator/health
2025-03-08 14:13:05.715 [http-nio-8083-exec-6] DEBUG o.s.s.w.a.AnonymousAuthenticationFilter - Set SecurityContextHolder to anonymous SecurityContext
2025-03-08 14:13:05.716 [http-nio-8083-exec-6] DEBUG o.s.s.w.s.HttpSessionRequestCache - Saved request http://localhost:8083/actuator/health?continue to session
2025-03-08 14:13:05.716 [http-nio-8083-exec-6] DEBUG o.s.s.w.a.DelegatingAuthenticationEntryPoint - Trying to match using And [Not [RequestHeaderRequestMatcher [expectedHeaderName=X-Requested-With, expectedHeaderValue=XMLHttpRequest]], MediaTypeRequestMatcher [contentNegotiationStrategy=org.springframework.web.accept.ContentNegotiationManager@36453773, matchingMediaTypes=[application/xhtml+xml, image/*, text/html, text/plain], useEquals=false, ignoredMediaTypes=[*/*]]]
2025-03-08 14:13:05.716 [http-nio-8083-exec-6] DEBUG o.s.s.w.a.DelegatingAuthenticationEntryPoint - Trying to match using Or [RequestHeaderRequestMatcher [expectedHeaderName=X-Requested-With, expectedHeaderValue=XMLHttpRequest], And [Not [MediaTypeRequestMatcher [contentNegotiationStrategy=org.springframework.web.accept.ContentNegotiationManager@36453773, matchingMediaTypes=[text/html], useEquals=false, ignoredMediaTypes=[]]], MediaTypeRequestMatcher [contentNegotiationStrategy=org.springframework.web.accept.ContentNegotiationManager@36453773, matchingMediaTypes=[application/atom+xml, application/x-www-form-urlencoded, application/json, application/octet-stream, application/xml, multipart/form-data, text/xml], useEquals=false, ignoredMediaTypes=[*/*]]], MediaTypeRequestMatcher [contentNegotiationStrategy=org.springframework.web.accept.ContentNegotiationManager@36453773, matchingMediaTypes=[*/*], useEquals=true, ignoredMediaTypes=[]]]
2025-03-08 14:13:05.716 [http-nio-8083-exec-6] DEBUG o.s.s.w.a.DelegatingAuthenticationEntryPoint - Match found! Executing org.springframework.security.web.authentication.DelegatingAuthenticationEntryPoint@50caeb4b
2025-03-08 14:13:05.716 [http-nio-8083-exec-6] DEBUG o.s.s.w.a.DelegatingAuthenticationEntryPoint - Trying to match using RequestHeaderRequestMatcher [expectedHeaderName=X-Requested-With, expectedHeaderValue=XMLHttpRequest]
2025-03-08 14:13:05.716 [http-nio-8083-exec-6] DEBUG o.s.s.w.a.DelegatingAuthenticationEntryPoint - No match found. Using default entry point org.springframework.security.web.authentication.www.BasicAuthenticationEntryPoint@6d8d435b
2025-03-08 14:13:05.716 [http-nio-8083-exec-6] DEBUG o.s.security.web.FilterChainProxy - Securing GET /error
2025-03-08 14:13:05.717 [http-nio-8083-exec-6] DEBUG o.s.s.w.a.AnonymousAuthenticationFilter - Set SecurityContextHolder to anonymous SecurityContext
2025-03-08 14:13:05.717 [http-nio-8083-exec-6] DEBUG o.s.s.w.s.HttpSessionRequestCache - Saved request http://localhost:8083/error?continue to session
2025-03-08 14:13:05.717 [http-nio-8083-exec-6] DEBUG o.s.s.w.a.DelegatingAuthenticationEntryPoint - Trying to match using And [Not [RequestHeaderRequestMatcher [expectedHeaderName=X-Requested-With, expectedHeaderValue=XMLHttpRequest]], MediaTypeRequestMatcher [contentNegotiationStrategy=org.springframework.web.accept.ContentNegotiationManager@36453773, matchingMediaTypes=[application/xhtml+xml, image/*, text/html, text/plain], useEquals=false, ignoredMediaTypes=[*/*]]]
2025-03-08 14:13:05.717 [http-nio-8083-exec-6] DEBUG o.s.s.w.a.DelegatingAuthenticationEntryPoint - Trying to match using Or [RequestHeaderRequestMatcher [expectedHeaderName=X-Requested-With, expectedHeaderValue=XMLHttpRequest], And [Not [MediaTypeRequestMatcher [contentNegotiationStrategy=org.springframework.web.accept.ContentNegotiationManager@36453773, matchingMediaTypes=[text/html], useEquals=false, ignoredMediaTypes=[]]], MediaTypeRequestMatcher [contentNegotiationStrategy=org.springframework.web.accept.ContentNegotiationManager@36453773, matchingMediaTypes=[application/atom+xml, application/x-www-form-urlencoded, application/json, application/octet-stream, application/xml, multipart/form-data, text/xml], useEquals=false, ignoredMediaTypes=[*/*]]], MediaTypeRequestMatcher [contentNegotiationStrategy=org.springframework.web.accept.ContentNegotiationManager@36453773, matchingMediaTypes=[*/*], useEquals=true, ignoredMediaTypes=[]]]
2025-03-08 14:13:05.717 [http-nio-8083-exec-6] DEBUG o.s.s.w.a.DelegatingAuthenticationEntryPoint - Match found! Executing org.springframework.security.web.authentication.DelegatingAuthenticationEntryPoint@50caeb4b
2025-03-08 14:13:05.717 [http-nio-8083-exec-6] DEBUG o.s.s.w.a.DelegatingAuthenticationEntryPoint - Trying to match using RequestHeaderRequestMatcher [expectedHeaderName=X-Requested-With, expectedHeaderValue=XMLHttpRequest]
2025-03-08 14:13:05.717 [http-nio-8083-exec-6] DEBUG o.s.s.w.a.DelegatingAuthenticationEntryPoint - No match found. Using default entry point org.springframework.security.web.authentication.www.BasicAuthenticationEntryPoint@6d8d435b
2025-03-08 14:13:07.842 [http-nio-8083-exec-7] DEBUG o.s.security.web.FilterChainProxy - Securing GET /actuator/health
2025-03-08 14:13:07.843 [http-nio-8083-exec-7] DEBUG o.s.s.w.a.AnonymousAuthenticationFilter - Set SecurityContextHolder to anonymous SecurityContext
2025-03-08 14:13:07.844 [http-nio-8083-exec-7] DEBUG o.s.s.w.s.HttpSessionRequestCache - Saved request http://localhost:8083/actuator/health?continue to session
2025-03-08 14:13:07.844 [http-nio-8083-exec-7] DEBUG o.s.s.w.a.DelegatingAuthenticationEntryPoint - Trying to match using And [Not [RequestHeaderRequestMatcher [expectedHeaderName=X-Requested-With, expectedHeaderValue=XMLHttpRequest]], MediaTypeRequestMatcher [contentNegotiationStrategy=org.springframework.web.accept.ContentNegotiationManager@36453773, matchingMediaTypes=[application/xhtml+xml, image/*, text/html, text/plain], useEquals=false, ignoredMediaTypes=[*/*]]]
2025-03-08 14:13:07.845 [http-nio-8083-exec-7] DEBUG o.s.s.w.a.DelegatingAuthenticationEntryPoint - Trying to match using Or [RequestHeaderRequestMatcher [expectedHeaderName=X-Requested-With, expectedHeaderValue=XMLHttpRequest], And [Not [MediaTypeRequestMatcher [contentNegotiationStrategy=org.springframework.web.accept.ContentNegotiationManager@36453773, matchingMediaTypes=[text/html], useEquals=false, ignoredMediaTypes=[]]], MediaTypeRequestMatcher [contentNegotiationStrategy=org.springframework.web.accept.ContentNegotiationManager@36453773, matchingMediaTypes=[application/atom+xml, application/x-www-form-urlencoded, application/json, application/octet-stream, application/xml, multipart/form-data, text/xml], useEquals=false, ignoredMediaTypes=[*/*]]], MediaTypeRequestMatcher [contentNegotiationStrategy=org.springframework.web.accept.ContentNegotiationManager@36453773, matchingMediaTypes=[*/*], useEquals=true, ignoredMediaTypes=[]]]
2025-03-08 14:13:07.845 [http-nio-8083-exec-7] DEBUG o.s.s.w.a.DelegatingAuthenticationEntryPoint - Match found! Executing org.springframework.security.web.authentication.DelegatingAuthenticationEntryPoint@50caeb4b
2025-03-08 14:13:07.845 [http-nio-8083-exec-7] DEBUG o.s.s.w.a.DelegatingAuthenticationEntryPoint - Trying to match using RequestHeaderRequestMatcher [expectedHeaderName=X-Requested-With, expectedHeaderValue=XMLHttpRequest]
2025-03-08 14:13:07.846 [http-nio-8083-exec-7] DEBUG o.s.s.w.a.DelegatingAuthenticationEntryPoint - No match found. Using default entry point org.springframework.security.web.authentication.www.BasicAuthenticationEntryPoint@6d8d435b
2025-03-08 14:13:07.848 [http-nio-8083-exec-7] DEBUG o.s.security.web.FilterChainProxy - Securing GET /error
2025-03-08 14:13:07.848 [http-nio-8083-exec-7] DEBUG o.s.s.w.a.AnonymousAuthenticationFilter - Set SecurityContextHolder to anonymous SecurityContext
2025-03-08 14:13:07.849 [http-nio-8083-exec-7] DEBUG o.s.s.w.s.HttpSessionRequestCache - Saved request http://localhost:8083/error?continue to session
2025-03-08 14:13:07.849 [http-nio-8083-exec-7] DEBUG o.s.s.w.a.DelegatingAuthenticationEntryPoint - Trying to match using And [Not [RequestHeaderRequestMatcher [expectedHeaderName=X-Requested-With, expectedHeaderValue=XMLHttpRequest]], MediaTypeRequestMatcher [contentNegotiationStrategy=org.springframework.web.accept.ContentNegotiationManager@36453773, matchingMediaTypes=[application/xhtml+xml, image/*, text/html, text/plain], useEquals=false, ignoredMediaTypes=[*/*]]]
2025-03-08 14:13:07.849 [http-nio-8083-exec-7] DEBUG o.s.s.w.a.DelegatingAuthenticationEntryPoint - Trying to match using Or [RequestHeaderRequestMatcher [expectedHeaderName=X-Requested-With, expectedHeaderValue=XMLHttpRequest], And [Not [MediaTypeRequestMatcher [contentNegotiationStrategy=org.springframework.web.accept.ContentNegotiationManager@36453773, matchingMediaTypes=[text/html], useEquals=false, ignoredMediaTypes=[]]], MediaTypeRequestMatcher [contentNegotiationStrategy=org.springframework.web.accept.ContentNegotiationManager@36453773, matchingMediaTypes=[application/atom+xml, application/x-www-form-urlencoded, application/json, application/octet-stream, application/xml, multipart/form-data, text/xml], useEquals=false, ignoredMediaTypes=[*/*]]], MediaTypeRequestMatcher [contentNegotiationStrategy=org.springframework.web.accept.ContentNegotiationManager@36453773, matchingMediaTypes=[*/*], useEquals=true, ignoredMediaTypes=[]]]
2025-03-08 14:13:07.849 [http-nio-8083-exec-7] DEBUG o.s.s.w.a.DelegatingAuthenticationEntryPoint - Match found! Executing org.springframework.security.web.authentication.DelegatingAuthenticationEntryPoint@50caeb4b
2025-03-08 14:13:07.851 [http-nio-8083-exec-7] DEBUG o.s.s.w.a.DelegatingAuthenticationEntryPoint - Trying to match using RequestHeaderRequestMatcher [expectedHeaderName=X-Requested-With, expectedHeaderValue=XMLHttpRequest]
2025-03-08 14:13:07.851 [http-nio-8083-exec-7] DEBUG o.s.s.w.a.DelegatingAuthenticationEntryPoint - No match found. Using default entry point org.springframework.security.web.authentication.www.BasicAuthenticationEntryPoint@6d8d435b
2025-03-08 14:13:09.984 [http-nio-8083-exec-1] DEBUG o.s.security.web.FilterChainProxy - Securing GET /actuator/health
2025-03-08 14:13:09.985 [http-nio-8083-exec-1] DEBUG o.s.s.w.a.AnonymousAuthenticationFilter - Set SecurityContextHolder to anonymous SecurityContext
2025-03-08 14:13:09.986 [http-nio-8083-exec-1] DEBUG o.s.s.w.s.HttpSessionRequestCache - Saved request http://localhost:8083/actuator/health?continue to session
2025-03-08 14:13:09.986 [http-nio-8083-exec-1] DEBUG o.s.s.w.a.DelegatingAuthenticationEntryPoint - Trying to match using And [Not [RequestHeaderRequestMatcher [expectedHeaderName=X-Requested-With, expectedHeaderValue=XMLHttpRequest]], MediaTypeRequestMatcher [contentNegotiationStrategy=org.springframework.web.accept.ContentNegotiationManager@36453773, matchingMediaTypes=[application/xhtml+xml, image/*, text/html, text/plain], useEquals=false, ignoredMediaTypes=[*/*]]]
2025-03-08 14:13:09.987 [http-nio-8083-exec-1] DEBUG o.s.s.w.a.DelegatingAuthenticationEntryPoint - Trying to match using Or [RequestHeaderRequestMatcher [expectedHeaderName=X-Requested-With, expectedHeaderValue=XMLHttpRequest], And [Not [MediaTypeRequestMatcher [contentNegotiationStrategy=org.springframework.web.accept.ContentNegotiationManager@36453773, matchingMediaTypes=[text/html], useEquals=false, ignoredMediaTypes=[]]], MediaTypeRequestMatcher [contentNegotiationStrategy=org.springframework.web.accept.ContentNegotiationManager@36453773, matchingMediaTypes=[application/atom+xml, application/x-www-form-urlencoded, application/json, application/octet-stream, application/xml, multipart/form-data, text/xml], useEquals=false, ignoredMediaTypes=[*/*]]], MediaTypeRequestMatcher [contentNegotiationStrategy=org.springframework.web.accept.ContentNegotiationManager@36453773, matchingMediaTypes=[*/*], useEquals=true, ignoredMediaTypes=[]]]
2025-03-08 14:13:09.987 [http-nio-8083-exec-1] DEBUG o.s.s.w.a.DelegatingAuthenticationEntryPoint - Match found! Executing org.springframework.security.web.authentication.DelegatingAuthenticationEntryPoint@50caeb4b
2025-03-08 14:13:09.987 [http-nio-8083-exec-1] DEBUG o.s.s.w.a.DelegatingAuthenticationEntryPoint - Trying to match using RequestHeaderRequestMatcher [expectedHeaderName=X-Requested-With, expectedHeaderValue=XMLHttpRequest]
2025-03-08 14:13:09.988 [http-nio-8083-exec-1] DEBUG o.s.s.w.a.DelegatingAuthenticationEntryPoint - No match found. Using default entry point org.springframework.security.web.authentication.www.BasicAuthenticationEntryPoint@6d8d435b
2025-03-08 14:13:09.990 [http-nio-8083-exec-1] DEBUG o.s.security.web.FilterChainProxy - Securing GET /error
2025-03-08 14:13:09.990 [http-nio-8083-exec-1] DEBUG o.s.s.w.a.AnonymousAuthenticationFilter - Set SecurityContextHolder to anonymous SecurityContext
2025-03-08 14:13:09.991 [http-nio-8083-exec-1] DEBUG o.s.s.w.s.HttpSessionRequestCache - Saved request http://localhost:8083/error?continue to session
2025-03-08 14:13:09.991 [http-nio-8083-exec-1] DEBUG o.s.s.w.a.DelegatingAuthenticationEntryPoint - Trying to match using And [Not [RequestHeaderRequestMatcher [expectedHeaderName=X-Requested-With, expectedHeaderValue=XMLHttpRequest]], MediaTypeRequestMatcher [contentNegotiationStrategy=org.springframework.web.accept.ContentNegotiationManager@36453773, matchingMediaTypes=[application/xhtml+xml, image/*, text/html, text/plain], useEquals=false, ignoredMediaTypes=[*/*]]]
2025-03-08 14:13:09.991 [http-nio-8083-exec-1] DEBUG o.s.s.w.a.DelegatingAuthenticationEntryPoint - Trying to match using Or [RequestHeaderRequestMatcher [expectedHeaderName=X-Requested-With, expectedHeaderValue=XMLHttpRequest], And [Not [MediaTypeRequestMatcher [contentNegotiationStrategy=org.springframework.web.accept.ContentNegotiationManager@36453773, matchingMediaTypes=[text/html], useEquals=false, ignoredMediaTypes=[]]], MediaTypeRequestMatcher [contentNegotiationStrategy=org.springframework.web.accept.ContentNegotiationManager@36453773, matchingMediaTypes=[application/atom+xml, application/x-www-form-urlencoded, application/json, application/octet-stream, application/xml, multipart/form-data, text/xml], useEquals=false, ignoredMediaTypes=[*/*]]], MediaTypeRequestMatcher [contentNegotiationStrategy=org.springframework.web.accept.ContentNegotiationManager@36453773, matchingMediaTypes=[*/*], useEquals=true, ignoredMediaTypes=[]]]
2025-03-08 14:13:09.993 [http-nio-8083-exec-1] DEBUG o.s.s.w.a.DelegatingAuthenticationEntryPoint - Match found! Executing org.springframework.security.web.authentication.DelegatingAuthenticationEntryPoint@50caeb4b
2025-03-08 14:13:09.993 [http-nio-8083-exec-1] DEBUG o.s.s.w.a.DelegatingAuthenticationEntryPoint - Trying to match using RequestHeaderRequestMatcher [expectedHeaderName=X-Requested-With, expectedHeaderValue=XMLHttpRequest]
2025-03-08 14:13:09.993 [http-nio-8083-exec-1] DEBUG o.s.s.w.a.DelegatingAuthenticationEntryPoint - No match found. Using default entry point org.springframework.security.web.authentication.www.BasicAuthenticationEntryPoint@6d8d435b
2025-03-08 14:13:12.096 [http-nio-8083-exec-2] DEBUG o.s.security.web.FilterChainProxy - Securing GET /actuator/health
2025-03-08 14:13:12.097 [http-nio-8083-exec-2] DEBUG o.s.s.w.a.AnonymousAuthenticationFilter - Set SecurityContextHolder to anonymous SecurityContext
2025-03-08 14:13:12.098 [http-nio-8083-exec-2] DEBUG o.s.s.w.s.HttpSessionRequestCache - Saved request http://localhost:8083/actuator/health?continue to session
2025-03-08 14:13:12.099 [http-nio-8083-exec-2] DEBUG o.s.s.w.a.DelegatingAuthenticationEntryPoint - Trying to match using And [Not [RequestHeaderRequestMatcher [expectedHeaderName=X-Requested-With, expectedHeaderValue=XMLHttpRequest]], MediaTypeRequestMatcher [contentNegotiationStrategy=org.springframework.web.accept.ContentNegotiationManager@36453773, matchingMediaTypes=[application/xhtml+xml, image/*, text/html, text/plain], useEquals=false, ignoredMediaTypes=[*/*]]]
2025-03-08 14:13:12.099 [http-nio-8083-exec-2] DEBUG o.s.s.w.a.DelegatingAuthenticationEntryPoint - Trying to match using Or [RequestHeaderRequestMatcher [expectedHeaderName=X-Requested-With, expectedHeaderValue=XMLHttpRequest], And [Not [MediaTypeRequestMatcher [contentNegotiationStrategy=org.springframework.web.accept.ContentNegotiationManager@36453773, matchingMediaTypes=[text/html], useEquals=false, ignoredMediaTypes=[]]], MediaTypeRequestMatcher [contentNegotiationStrategy=org.springframework.web.accept.ContentNegotiationManager@36453773, matchingMediaTypes=[application/atom+xml, application/x-www-form-urlencoded, application/json, application/octet-stream, application/xml, multipart/form-data, text/xml], useEquals=false, ignoredMediaTypes=[*/*]]], MediaTypeRequestMatcher [contentNegotiationStrategy=org.springframework.web.accept.ContentNegotiationManager@36453773, matchingMediaTypes=[*/*], useEquals=true, ignoredMediaTypes=[]]]
2025-03-08 14:13:12.099 [http-nio-8083-exec-2] DEBUG o.s.s.w.a.DelegatingAuthenticationEntryPoint - Match found! Executing org.springframework.security.web.authentication.DelegatingAuthenticationEntryPoint@50caeb4b
2025-03-08 14:13:12.099 [http-nio-8083-exec-2] DEBUG o.s.s.w.a.DelegatingAuthenticationEntryPoint - Trying to match using RequestHeaderRequestMatcher [expectedHeaderName=X-Requested-With, expectedHeaderValue=XMLHttpRequest]
2025-03-08 14:13:12.099 [http-nio-8083-exec-2] DEBUG o.s.s.w.a.DelegatingAuthenticationEntryPoint - No match found. Using default entry point org.springframework.security.web.authentication.www.BasicAuthenticationEntryPoint@6d8d435b
2025-03-08 14:13:12.101 [http-nio-8083-exec-2] DEBUG o.s.security.web.FilterChainProxy - Securing GET /error
2025-03-08 14:13:12.101 [http-nio-8083-exec-2] DEBUG o.s.s.w.a.AnonymousAuthenticationFilter - Set SecurityContextHolder to anonymous SecurityContext
2025-03-08 14:13:12.102 [http-nio-8083-exec-2] DEBUG o.s.s.w.s.HttpSessionRequestCache - Saved request http://localhost:8083/error?continue to session
2025-03-08 14:13:12.102 [http-nio-8083-exec-2] DEBUG o.s.s.w.a.DelegatingAuthenticationEntryPoint - Trying to match using And [Not [RequestHeaderRequestMatcher [expectedHeaderName=X-Requested-With, expectedHeaderValue=XMLHttpRequest]], MediaTypeRequestMatcher [contentNegotiationStrategy=org.springframework.web.accept.ContentNegotiationManager@36453773, matchingMediaTypes=[application/xhtml+xml, image/*, text/html, text/plain], useEquals=false, ignoredMediaTypes=[*/*]]]
2025-03-08 14:13:12.103 [http-nio-8083-exec-2] DEBUG o.s.s.w.a.DelegatingAuthenticationEntryPoint - Trying to match using Or [RequestHeaderRequestMatcher [expectedHeaderName=X-Requested-With, expectedHeaderValue=XMLHttpRequest], And [Not [MediaTypeRequestMatcher [contentNegotiationStrategy=org.springframework.web.accept.ContentNegotiationManager@36453773, matchingMediaTypes=[text/html], useEquals=false, ignoredMediaTypes=[]]], MediaTypeRequestMatcher [contentNegotiationStrategy=org.springframework.web.accept.ContentNegotiationManager@36453773, matchingMediaTypes=[application/atom+xml, application/x-www-form-urlencoded, application/json, application/octet-stream, application/xml, multipart/form-data, text/xml], useEquals=false, ignoredMediaTypes=[*/*]]], MediaTypeRequestMatcher [contentNegotiationStrategy=org.springframework.web.accept.ContentNegotiationManager@36453773, matchingMediaTypes=[*/*], useEquals=true, ignoredMediaTypes=[]]]
2025-03-08 14:13:12.103 [http-nio-8083-exec-2] DEBUG o.s.s.w.a.DelegatingAuthenticationEntryPoint - Match found! Executing org.springframework.security.web.authentication.DelegatingAuthenticationEntryPoint@50caeb4b
2025-03-08 14:13:12.103 [http-nio-8083-exec-2] DEBUG o.s.s.w.a.DelegatingAuthenticationEntryPoint - Trying to match using RequestHeaderRequestMatcher [expectedHeaderName=X-Requested-With, expectedHeaderValue=XMLHttpRequest]
2025-03-08 14:13:12.104 [http-nio-8083-exec-2] DEBUG o.s.s.w.a.DelegatingAuthenticationEntryPoint - No match found. Using default entry point org.springframework.security.web.authentication.www.BasicAuthenticationEntryPoint@6d8d435b
2025-03-08 14:13:14.226 [http-nio-8083-exec-4] DEBUG o.s.security.web.FilterChainProxy - Securing GET /actuator/health
2025-03-08 14:13:14.227 [http-nio-8083-exec-4] DEBUG o.s.s.w.a.AnonymousAuthenticationFilter - Set SecurityContextHolder to anonymous SecurityContext
2025-03-08 14:13:14.228 [http-nio-8083-exec-4] DEBUG o.s.s.w.s.HttpSessionRequestCache - Saved request http://localhost:8083/actuator/health?continue to session
2025-03-08 14:13:14.228 [http-nio-8083-exec-4] DEBUG o.s.s.w.a.DelegatingAuthenticationEntryPoint - Trying to match using And [Not [RequestHeaderRequestMatcher [expectedHeaderName=X-Requested-With, expectedHeaderValue=XMLHttpRequest]], MediaTypeRequestMatcher [contentNegotiationStrategy=org.springframework.web.accept.ContentNegotiationManager@36453773, matchingMediaTypes=[application/xhtml+xml, image/*, text/html, text/plain], useEquals=false, ignoredMediaTypes=[*/*]]]
2025-03-08 14:13:14.228 [http-nio-8083-exec-4] DEBUG o.s.s.w.a.DelegatingAuthenticationEntryPoint - Trying to match using Or [RequestHeaderRequestMatcher [expectedHeaderName=X-Requested-With, expectedHeaderValue=XMLHttpRequest], And [Not [MediaTypeRequestMatcher [contentNegotiationStrategy=org.springframework.web.accept.ContentNegotiationManager@36453773, matchingMediaTypes=[text/html], useEquals=false, ignoredMediaTypes=[]]], MediaTypeRequestMatcher [contentNegotiationStrategy=org.springframework.web.accept.ContentNegotiationManager@36453773, matchingMediaTypes=[application/atom+xml, application/x-www-form-urlencoded, application/json, application/octet-stream, application/xml, multipart/form-data, text/xml], useEquals=false, ignoredMediaTypes=[*/*]]], MediaTypeRequestMatcher [contentNegotiationStrategy=org.springframework.web.accept.ContentNegotiationManager@36453773, matchingMediaTypes=[*/*], useEquals=true, ignoredMediaTypes=[]]]
2025-03-08 14:13:14.230 [http-nio-8083-exec-4] DEBUG o.s.s.w.a.DelegatingAuthenticationEntryPoint - Match found! Executing org.springframework.security.web.authentication.DelegatingAuthenticationEntryPoint@50caeb4b
2025-03-08 14:13:14.230 [http-nio-8083-exec-4] DEBUG o.s.s.w.a.DelegatingAuthenticationEntryPoint - Trying to match using RequestHeaderRequestMatcher [expectedHeaderName=X-Requested-With, expectedHeaderValue=XMLHttpRequest]
2025-03-08 14:13:14.230 [http-nio-8083-exec-4] DEBUG o.s.s.w.a.DelegatingAuthenticationEntryPoint - No match found. Using default entry point org.springframework.security.web.authentication.www.BasicAuthenticationEntryPoint@6d8d435b
2025-03-08 14:13:14.232 [http-nio-8083-exec-4] DEBUG o.s.security.web.FilterChainProxy - Securing GET /error
2025-03-08 14:13:14.233 [http-nio-8083-exec-4] DEBUG o.s.s.w.a.AnonymousAuthenticationFilter - Set SecurityContextHolder to anonymous SecurityContext
2025-03-08 14:13:14.234 [http-nio-8083-exec-4] DEBUG o.s.s.w.s.HttpSessionRequestCache - Saved request http://localhost:8083/error?continue to session
2025-03-08 14:13:14.234 [http-nio-8083-exec-4] DEBUG o.s.s.w.a.DelegatingAuthenticationEntryPoint - Trying to match using And [Not [RequestHeaderRequestMatcher [expectedHeaderName=X-Requested-With, expectedHeaderValue=XMLHttpRequest]], MediaTypeRequestMatcher [contentNegotiationStrategy=org.springframework.web.accept.ContentNegotiationManager@36453773, matchingMediaTypes=[application/xhtml+xml, image/*, text/html, text/plain], useEquals=false, ignoredMediaTypes=[*/*]]]
2025-03-08 14:13:14.234 [http-nio-8083-exec-4] DEBUG o.s.s.w.a.DelegatingAuthenticationEntryPoint - Trying to match using Or [RequestHeaderRequestMatcher [expectedHeaderName=X-Requested-With, expectedHeaderValue=XMLHttpRequest], And [Not [MediaTypeRequestMatcher [contentNegotiationStrategy=org.springframework.web.accept.ContentNegotiationManager@36453773, matchingMediaTypes=[text/html], useEquals=false, ignoredMediaTypes=[]]], MediaTypeRequestMatcher [contentNegotiationStrategy=org.springframework.web.accept.ContentNegotiationManager@36453773, matchingMediaTypes=[application/atom+xml, application/x-www-form-urlencoded, application/json, application/octet-stream, application/xml, multipart/form-data, text/xml], useEquals=false, ignoredMediaTypes=[*/*]]], MediaTypeRequestMatcher [contentNegotiationStrategy=org.springframework.web.accept.ContentNegotiationManager@36453773, matchingMediaTypes=[*/*], useEquals=true, ignoredMediaTypes=[]]]
2025-03-08 14:13:14.234 [http-nio-8083-exec-4] DEBUG o.s.s.w.a.DelegatingAuthenticationEntryPoint - Match found! Executing org.springframework.security.web.authentication.DelegatingAuthenticationEntryPoint@50caeb4b
2025-03-08 14:13:14.234 [http-nio-8083-exec-4] DEBUG o.s.s.w.a.DelegatingAuthenticationEntryPoint - Trying to match using RequestHeaderRequestMatcher [expectedHeaderName=X-Requested-With, expectedHeaderValue=XMLHttpRequest]
2025-03-08 14:13:14.235 [http-nio-8083-exec-4] DEBUG o.s.s.w.a.DelegatingAuthenticationEntryPoint - No match found. Using default entry point org.springframework.security.web.authentication.www.BasicAuthenticationEntryPoint@6d8d435b
2025-03-08 14:13:16.349 [http-nio-8083-exec-3] DEBUG o.s.security.web.FilterChainProxy - Securing GET /actuator/health
2025-03-08 14:13:16.350 [http-nio-8083-exec-3] DEBUG o.s.s.w.a.AnonymousAuthenticationFilter - Set SecurityContextHolder to anonymous SecurityContext
2025-03-08 14:13:16.355 [http-nio-8083-exec-3] DEBUG o.s.s.w.s.HttpSessionRequestCache - Saved request http://localhost:8083/actuator/health?continue to session
2025-03-08 14:13:16.356 [http-nio-8083-exec-3] DEBUG o.s.s.w.a.DelegatingAuthenticationEntryPoint - Trying to match using And [Not [RequestHeaderRequestMatcher [expectedHeaderName=X-Requested-With, expectedHeaderValue=XMLHttpRequest]], MediaTypeRequestMatcher [contentNegotiationStrategy=org.springframework.web.accept.ContentNegotiationManager@36453773, matchingMediaTypes=[application/xhtml+xml, image/*, text/html, text/plain], useEquals=false, ignoredMediaTypes=[*/*]]]
2025-03-08 14:13:16.356 [http-nio-8083-exec-3] DEBUG o.s.s.w.a.DelegatingAuthenticationEntryPoint - Trying to match using Or [RequestHeaderRequestMatcher [expectedHeaderName=X-Requested-With, expectedHeaderValue=XMLHttpRequest], And [Not [MediaTypeRequestMatcher [contentNegotiationStrategy=org.springframework.web.accept.ContentNegotiationManager@36453773, matchingMediaTypes=[text/html], useEquals=false, ignoredMediaTypes=[]]], MediaTypeRequestMatcher [contentNegotiationStrategy=org.springframework.web.accept.ContentNegotiationManager@36453773, matchingMediaTypes=[application/atom+xml, application/x-www-form-urlencoded, application/json, application/octet-stream, application/xml, multipart/form-data, text/xml], useEquals=false, ignoredMediaTypes=[*/*]]], MediaTypeRequestMatcher [contentNegotiationStrategy=org.springframework.web.accept.ContentNegotiationManager@36453773, matchingMediaTypes=[*/*], useEquals=true, ignoredMediaTypes=[]]]
2025-03-08 14:13:16.358 [http-nio-8083-exec-3] DEBUG o.s.s.w.a.DelegatingAuthenticationEntryPoint - Match found! Executing org.springframework.security.web.authentication.DelegatingAuthenticationEntryPoint@50caeb4b
2025-03-08 14:13:16.359 [http-nio-8083-exec-3] DEBUG o.s.s.w.a.DelegatingAuthenticationEntryPoint - Trying to match using RequestHeaderRequestMatcher [expectedHeaderName=X-Requested-With, expectedHeaderValue=XMLHttpRequest]
2025-03-08 14:13:16.359 [http-nio-8083-exec-3] DEBUG o.s.s.w.a.DelegatingAuthenticationEntryPoint - No match found. Using default entry point org.springframework.security.web.authentication.www.BasicAuthenticationEntryPoint@6d8d435b
2025-03-08 14:13:16.362 [http-nio-8083-exec-3] DEBUG o.s.security.web.FilterChainProxy - Securing GET /error
2025-03-08 14:13:16.362 [http-nio-8083-exec-3] DEBUG o.s.s.w.a.AnonymousAuthenticationFilter - Set SecurityContextHolder to anonymous SecurityContext
2025-03-08 14:13:16.364 [http-nio-8083-exec-3] DEBUG o.s.s.w.s.HttpSessionRequestCache - Saved request http://localhost:8083/error?continue to session
2025-03-08 14:13:16.365 [http-nio-8083-exec-3] DEBUG o.s.s.w.a.DelegatingAuthenticationEntryPoint - Trying to match using And [Not [RequestHeaderRequestMatcher [expectedHeaderName=X-Requested-With, expectedHeaderValue=XMLHttpRequest]], MediaTypeRequestMatcher [contentNegotiationStrategy=org.springframework.web.accept.ContentNegotiationManager@36453773, matchingMediaTypes=[application/xhtml+xml, image/*, text/html, text/plain], useEquals=false, ignoredMediaTypes=[*/*]]]
2025-03-08 14:13:16.365 [http-nio-8083-exec-3] DEBUG o.s.s.w.a.DelegatingAuthenticationEntryPoint - Trying to match using Or [RequestHeaderRequestMatcher [expectedHeaderName=X-Requested-With, expectedHeaderValue=XMLHttpRequest], And [Not [MediaTypeRequestMatcher [contentNegotiationStrategy=org.springframework.web.accept.ContentNegotiationManager@36453773, matchingMediaTypes=[text/html], useEquals=false, ignoredMediaTypes=[]]], MediaTypeRequestMatcher [contentNegotiationStrategy=org.springframework.web.accept.ContentNegotiationManager@36453773, matchingMediaTypes=[application/atom+xml, application/x-www-form-urlencoded, application/json, application/octet-stream, application/xml, multipart/form-data, text/xml], useEquals=false, ignoredMediaTypes=[*/*]]], MediaTypeRequestMatcher [contentNegotiationStrategy=org.springframework.web.accept.ContentNegotiationManager@36453773, matchingMediaTypes=[*/*], useEquals=true, ignoredMediaTypes=[]]]
2025-03-08 14:13:16.365 [http-nio-8083-exec-3] DEBUG o.s.s.w.a.DelegatingAuthenticationEntryPoint - Match found! Executing org.springframework.security.web.authentication.DelegatingAuthenticationEntryPoint@50caeb4b
2025-03-08 14:13:16.365 [http-nio-8083-exec-3] DEBUG o.s.s.w.a.DelegatingAuthenticationEntryPoint - Trying to match using RequestHeaderRequestMatcher [expectedHeaderName=X-Requested-With, expectedHeaderValue=XMLHttpRequest]
2025-03-08 14:13:16.366 [http-nio-8083-exec-3] DEBUG o.s.s.w.a.DelegatingAuthenticationEntryPoint - No match found. Using default entry point org.springframework.security.web.authentication.www.BasicAuthenticationEntryPoint@6d8d435b
2025-03-08 14:13:18.470 [http-nio-8083-exec-10] DEBUG o.s.security.web.FilterChainProxy - Securing GET /actuator/health
2025-03-08 14:13:18.470 [http-nio-8083-exec-10] DEBUG o.s.s.w.a.AnonymousAuthenticationFilter - Set SecurityContextHolder to anonymous SecurityContext
2025-03-08 14:13:18.472 [http-nio-8083-exec-10] DEBUG o.s.s.w.s.HttpSessionRequestCache - Saved request http://localhost:8083/actuator/health?continue to session
2025-03-08 14:13:18.472 [http-nio-8083-exec-10] DEBUG o.s.s.w.a.DelegatingAuthenticationEntryPoint - Trying to match using And [Not [RequestHeaderRequestMatcher [expectedHeaderName=X-Requested-With, expectedHeaderValue=XMLHttpRequest]], MediaTypeRequestMatcher [contentNegotiationStrategy=org.springframework.web.accept.ContentNegotiationManager@36453773, matchingMediaTypes=[application/xhtml+xml, image/*, text/html, text/plain], useEquals=false, ignoredMediaTypes=[*/*]]]
2025-03-08 14:13:18.472 [http-nio-8083-exec-10] DEBUG o.s.s.w.a.DelegatingAuthenticationEntryPoint - Trying to match using Or [RequestHeaderRequestMatcher [expectedHeaderName=X-Requested-With, expectedHeaderValue=XMLHttpRequest], And [Not [MediaTypeRequestMatcher [contentNegotiationStrategy=org.springframework.web.accept.ContentNegotiationManager@36453773, matchingMediaTypes=[text/html], useEquals=false, ignoredMediaTypes=[]]], MediaTypeRequestMatcher [contentNegotiationStrategy=org.springframework.web.accept.ContentNegotiationManager@36453773, matchingMediaTypes=[application/atom+xml, application/x-www-form-urlencoded, application/json, application/octet-stream, application/xml, multipart/form-data, text/xml], useEquals=false, ignoredMediaTypes=[*/*]]], MediaTypeRequestMatcher [contentNegotiationStrategy=org.springframework.web.accept.ContentNegotiationManager@36453773, matchingMediaTypes=[*/*], useEquals=true, ignoredMediaTypes=[]]]
2025-03-08 14:13:18.472 [http-nio-8083-exec-10] DEBUG o.s.s.w.a.DelegatingAuthenticationEntryPoint - Match found! Executing org.springframework.security.web.authentication.DelegatingAuthenticationEntryPoint@50caeb4b
2025-03-08 14:13:18.472 [http-nio-8083-exec-10] DEBUG o.s.s.w.a.DelegatingAuthenticationEntryPoint - Trying to match using RequestHeaderRequestMatcher [expectedHeaderName=X-Requested-With, expectedHeaderValue=XMLHttpRequest]
2025-03-08 14:13:18.472 [http-nio-8083-exec-10] DEBUG o.s.s.w.a.DelegatingAuthenticationEntryPoint - No match found. Using default entry point org.springframework.security.web.authentication.www.BasicAuthenticationEntryPoint@6d8d435b
2025-03-08 14:13:18.475 [http-nio-8083-exec-10] DEBUG o.s.security.web.FilterChainProxy - Securing GET /error
2025-03-08 14:13:18.475 [http-nio-8083-exec-10] DEBUG o.s.s.w.a.AnonymousAuthenticationFilter - Set SecurityContextHolder to anonymous SecurityContext
2025-03-08 14:13:18.476 [http-nio-8083-exec-10] DEBUG o.s.s.w.s.HttpSessionRequestCache - Saved request http://localhost:8083/error?continue to session
2025-03-08 14:13:18.477 [http-nio-8083-exec-10] DEBUG o.s.s.w.a.DelegatingAuthenticationEntryPoint - Trying to match using And [Not [RequestHeaderRequestMatcher [expectedHeaderName=X-Requested-With, expectedHeaderValue=XMLHttpRequest]], MediaTypeRequestMatcher [contentNegotiationStrategy=org.springframework.web.accept.ContentNegotiationManager@36453773, matchingMediaTypes=[application/xhtml+xml, image/*, text/html, text/plain], useEquals=false, ignoredMediaTypes=[*/*]]]
2025-03-08 14:13:18.477 [http-nio-8083-exec-10] DEBUG o.s.s.w.a.DelegatingAuthenticationEntryPoint - Trying to match using Or [RequestHeaderRequestMatcher [expectedHeaderName=X-Requested-With, expectedHeaderValue=XMLHttpRequest], And [Not [MediaTypeRequestMatcher [contentNegotiationStrategy=org.springframework.web.accept.ContentNegotiationManager@36453773, matchingMediaTypes=[text/html], useEquals=false, ignoredMediaTypes=[]]], MediaTypeRequestMatcher [contentNegotiationStrategy=org.springframework.web.accept.ContentNegotiationManager@36453773, matchingMediaTypes=[application/atom+xml, application/x-www-form-urlencoded, application/json, application/octet-stream, application/xml, multipart/form-data, text/xml], useEquals=false, ignoredMediaTypes=[*/*]]], MediaTypeRequestMatcher [contentNegotiationStrategy=org.springframework.web.accept.ContentNegotiationManager@36453773, matchingMediaTypes=[*/*], useEquals=true, ignoredMediaTypes=[]]]
2025-03-08 14:13:18.477 [http-nio-8083-exec-10] DEBUG o.s.s.w.a.DelegatingAuthenticationEntryPoint - Match found! Executing org.springframework.security.web.authentication.DelegatingAuthenticationEntryPoint@50caeb4b
2025-03-08 14:13:18.477 [http-nio-8083-exec-10] DEBUG o.s.s.w.a.DelegatingAuthenticationEntryPoint - Trying to match using RequestHeaderRequestMatcher [expectedHeaderName=X-Requested-With, expectedHeaderValue=XMLHttpRequest]
2025-03-08 14:13:18.477 [http-nio-8083-exec-10] DEBUG o.s.s.w.a.DelegatingAuthenticationEntryPoint - No match found. Using default entry point org.springframework.security.web.authentication.www.BasicAuthenticationEntryPoint@6d8d435b
2025-03-08 14:13:20.597 [http-nio-8083-exec-8] DEBUG o.s.security.web.FilterChainProxy - Securing GET /actuator/health
2025-03-08 14:13:20.598 [http-nio-8083-exec-8] DEBUG o.s.s.w.a.AnonymousAuthenticationFilter - Set SecurityContextHolder to anonymous SecurityContext
2025-03-08 14:13:20.599 [http-nio-8083-exec-8] DEBUG o.s.s.w.s.HttpSessionRequestCache - Saved request http://localhost:8083/actuator/health?continue to session
2025-03-08 14:13:20.599 [http-nio-8083-exec-8] DEBUG o.s.s.w.a.DelegatingAuthenticationEntryPoint - Trying to match using And [Not [RequestHeaderRequestMatcher [expectedHeaderName=X-Requested-With, expectedHeaderValue=XMLHttpRequest]], MediaTypeRequestMatcher [contentNegotiationStrategy=org.springframework.web.accept.ContentNegotiationManager@36453773, matchingMediaTypes=[application/xhtml+xml, image/*, text/html, text/plain], useEquals=false, ignoredMediaTypes=[*/*]]]
2025-03-08 14:13:20.599 [http-nio-8083-exec-8] DEBUG o.s.s.w.a.DelegatingAuthenticationEntryPoint - Trying to match using Or [RequestHeaderRequestMatcher [expectedHeaderName=X-Requested-With, expectedHeaderValue=XMLHttpRequest], And [Not [MediaTypeRequestMatcher [contentNegotiationStrategy=org.springframework.web.accept.ContentNegotiationManager@36453773, matchingMediaTypes=[text/html], useEquals=false, ignoredMediaTypes=[]]], MediaTypeRequestMatcher [contentNegotiationStrategy=org.springframework.web.accept.ContentNegotiationManager@36453773, matchingMediaTypes=[application/atom+xml, application/x-www-form-urlencoded, application/json, application/octet-stream, application/xml, multipart/form-data, text/xml], useEquals=false, ignoredMediaTypes=[*/*]]], MediaTypeRequestMatcher [contentNegotiationStrategy=org.springframework.web.accept.ContentNegotiationManager@36453773, matchingMediaTypes=[*/*], useEquals=true, ignoredMediaTypes=[]]]
2025-03-08 14:13:20.599 [http-nio-8083-exec-8] DEBUG o.s.s.w.a.DelegatingAuthenticationEntryPoint - Match found! Executing org.springframework.security.web.authentication.DelegatingAuthenticationEntryPoint@50caeb4b
2025-03-08 14:13:20.599 [http-nio-8083-exec-8] DEBUG o.s.s.w.a.DelegatingAuthenticationEntryPoint - Trying to match using RequestHeaderRequestMatcher [expectedHeaderName=X-Requested-With, expectedHeaderValue=XMLHttpRequest]
2025-03-08 14:13:20.599 [http-nio-8083-exec-8] DEBUG o.s.s.w.a.DelegatingAuthenticationEntryPoint - No match found. Using default entry point org.springframework.security.web.authentication.www.BasicAuthenticationEntryPoint@6d8d435b
2025-03-08 14:13:20.602 [http-nio-8083-exec-8] DEBUG o.s.security.web.FilterChainProxy - Securing GET /error
2025-03-08 14:13:20.602 [http-nio-8083-exec-8] DEBUG o.s.s.w.a.AnonymousAuthenticationFilter - Set SecurityContextHolder to anonymous SecurityContext
2025-03-08 14:13:20.603 [http-nio-8083-exec-8] DEBUG o.s.s.w.s.HttpSessionRequestCache - Saved request http://localhost:8083/error?continue to session
2025-03-08 14:13:20.603 [http-nio-8083-exec-8] DEBUG o.s.s.w.a.DelegatingAuthenticationEntryPoint - Trying to match using And [Not [RequestHeaderRequestMatcher [expectedHeaderName=X-Requested-With, expectedHeaderValue=XMLHttpRequest]], MediaTypeRequestMatcher [contentNegotiationStrategy=org.springframework.web.accept.ContentNegotiationManager@36453773, matchingMediaTypes=[application/xhtml+xml, image/*, text/html, text/plain], useEquals=false, ignoredMediaTypes=[*/*]]]
2025-03-08 14:13:20.603 [http-nio-8083-exec-8] DEBUG o.s.s.w.a.DelegatingAuthenticationEntryPoint - Trying to match using Or [RequestHeaderRequestMatcher [expectedHeaderName=X-Requested-With, expectedHeaderValue=XMLHttpRequest], And [Not [MediaTypeRequestMatcher [contentNegotiationStrategy=org.springframework.web.accept.ContentNegotiationManager@36453773, matchingMediaTypes=[text/html], useEquals=false, ignoredMediaTypes=[]]], MediaTypeRequestMatcher [contentNegotiationStrategy=org.springframework.web.accept.ContentNegotiationManager@36453773, matchingMediaTypes=[application/atom+xml, application/x-www-form-urlencoded, application/json, application/octet-stream, application/xml, multipart/form-data, text/xml], useEquals=false, ignoredMediaTypes=[*/*]]], MediaTypeRequestMatcher [contentNegotiationStrategy=org.springframework.web.accept.ContentNegotiationManager@36453773, matchingMediaTypes=[*/*], useEquals=true, ignoredMediaTypes=[]]]
2025-03-08 14:13:20.603 [http-nio-8083-exec-8] DEBUG o.s.s.w.a.DelegatingAuthenticationEntryPoint - Match found! Executing org.springframework.security.web.authentication.DelegatingAuthenticationEntryPoint@50caeb4b
2025-03-08 14:13:20.604 [http-nio-8083-exec-8] DEBUG o.s.s.w.a.DelegatingAuthenticationEntryPoint - Trying to match using RequestHeaderRequestMatcher [expectedHeaderName=X-Requested-With, expectedHeaderValue=XMLHttpRequest]
2025-03-08 14:13:20.604 [http-nio-8083-exec-8] DEBUG o.s.s.w.a.DelegatingAuthenticationEntryPoint - No match found. Using default entry point org.springframework.security.web.authentication.www.BasicAuthenticationEntryPoint@6d8d435b
2025-03-08 14:13:22.737 [http-nio-8083-exec-5] DEBUG o.s.security.web.FilterChainProxy - Securing GET /actuator/health
2025-03-08 14:13:22.738 [http-nio-8083-exec-5] DEBUG o.s.s.w.a.AnonymousAuthenticationFilter - Set SecurityContextHolder to anonymous SecurityContext
2025-03-08 14:13:22.739 [http-nio-8083-exec-5] DEBUG o.s.s.w.s.HttpSessionRequestCache - Saved request http://localhost:8083/actuator/health?continue to session
2025-03-08 14:13:22.739 [http-nio-8083-exec-5] DEBUG o.s.s.w.a.DelegatingAuthenticationEntryPoint - Trying to match using And [Not [RequestHeaderRequestMatcher [expectedHeaderName=X-Requested-With, expectedHeaderValue=XMLHttpRequest]], MediaTypeRequestMatcher [contentNegotiationStrategy=org.springframework.web.accept.ContentNegotiationManager@36453773, matchingMediaTypes=[application/xhtml+xml, image/*, text/html, text/plain], useEquals=false, ignoredMediaTypes=[*/*]]]
2025-03-08 14:13:22.740 [http-nio-8083-exec-5] DEBUG o.s.s.w.a.DelegatingAuthenticationEntryPoint - Trying to match using Or [RequestHeaderRequestMatcher [expectedHeaderName=X-Requested-With, expectedHeaderValue=XMLHttpRequest], And [Not [MediaTypeRequestMatcher [contentNegotiationStrategy=org.springframework.web.accept.ContentNegotiationManager@36453773, matchingMediaTypes=[text/html], useEquals=false, ignoredMediaTypes=[]]], MediaTypeRequestMatcher [contentNegotiationStrategy=org.springframework.web.accept.ContentNegotiationManager@36453773, matchingMediaTypes=[application/atom+xml, application/x-www-form-urlencoded, application/json, application/octet-stream, application/xml, multipart/form-data, text/xml], useEquals=false, ignoredMediaTypes=[*/*]]], MediaTypeRequestMatcher [contentNegotiationStrategy=org.springframework.web.accept.ContentNegotiationManager@36453773, matchingMediaTypes=[*/*], useEquals=true, ignoredMediaTypes=[]]]
2025-03-08 14:13:22.740 [http-nio-8083-exec-5] DEBUG o.s.s.w.a.DelegatingAuthenticationEntryPoint - Match found! Executing org.springframework.security.web.authentication.DelegatingAuthenticationEntryPoint@50caeb4b
2025-03-08 14:13:22.740 [http-nio-8083-exec-5] DEBUG o.s.s.w.a.DelegatingAuthenticationEntryPoint - Trying to match using RequestHeaderRequestMatcher [expectedHeaderName=X-Requested-With, expectedHeaderValue=XMLHttpRequest]
2025-03-08 14:13:22.740 [http-nio-8083-exec-5] DEBUG o.s.s.w.a.DelegatingAuthenticationEntryPoint - No match found. Using default entry point org.springframework.security.web.authentication.www.BasicAuthenticationEntryPoint@6d8d435b
2025-03-08 14:13:22.742 [http-nio-8083-exec-5] DEBUG o.s.security.web.FilterChainProxy - Securing GET /error
2025-03-08 14:13:22.742 [http-nio-8083-exec-5] DEBUG o.s.s.w.a.AnonymousAuthenticationFilter - Set SecurityContextHolder to anonymous SecurityContext
2025-03-08 14:13:22.742 [http-nio-8083-exec-5] DEBUG o.s.s.w.s.HttpSessionRequestCache - Saved request http://localhost:8083/error?continue to session
2025-03-08 14:13:22.743 [http-nio-8083-exec-5] DEBUG o.s.s.w.a.DelegatingAuthenticationEntryPoint - Trying to match using And [Not [RequestHeaderRequestMatcher [expectedHeaderName=X-Requested-With, expectedHeaderValue=XMLHttpRequest]], MediaTypeRequestMatcher [contentNegotiationStrategy=org.springframework.web.accept.ContentNegotiationManager@36453773, matchingMediaTypes=[application/xhtml+xml, image/*, text/html, text/plain], useEquals=false, ignoredMediaTypes=[*/*]]]
2025-03-08 14:13:22.743 [http-nio-8083-exec-5] DEBUG o.s.s.w.a.DelegatingAuthenticationEntryPoint - Trying to match using Or [RequestHeaderRequestMatcher [expectedHeaderName=X-Requested-With, expectedHeaderValue=XMLHttpRequest], And [Not [MediaTypeRequestMatcher [contentNegotiationStrategy=org.springframework.web.accept.ContentNegotiationManager@36453773, matchingMediaTypes=[text/html], useEquals=false, ignoredMediaTypes=[]]], MediaTypeRequestMatcher [contentNegotiationStrategy=org.springframework.web.accept.ContentNegotiationManager@36453773, matchingMediaTypes=[application/atom+xml, application/x-www-form-urlencoded, application/json, application/octet-stream, application/xml, multipart/form-data, text/xml], useEquals=false, ignoredMediaTypes=[*/*]]], MediaTypeRequestMatcher [contentNegotiationStrategy=org.springframework.web.accept.ContentNegotiationManager@36453773, matchingMediaTypes=[*/*], useEquals=true, ignoredMediaTypes=[]]]
2025-03-08 14:13:22.743 [http-nio-8083-exec-5] DEBUG o.s.s.w.a.DelegatingAuthenticationEntryPoint - Match found! Executing org.springframework.security.web.authentication.DelegatingAuthenticationEntryPoint@50caeb4b
2025-03-08 14:13:22.744 [http-nio-8083-exec-5] DEBUG o.s.s.w.a.DelegatingAuthenticationEntryPoint - Trying to match using RequestHeaderRequestMatcher [expectedHeaderName=X-Requested-With, expectedHeaderValue=XMLHttpRequest]
2025-03-08 14:13:22.744 [http-nio-8083-exec-5] DEBUG o.s.s.w.a.DelegatingAuthenticationEntryPoint - No match found. Using default entry point org.springframework.security.web.authentication.www.BasicAuthenticationEntryPoint@6d8d435b
2025-03-08 14:13:24.845 [http-nio-8083-exec-6] DEBUG o.s.security.web.FilterChainProxy - Securing GET /actuator/health
2025-03-08 14:13:24.846 [http-nio-8083-exec-6] DEBUG o.s.s.w.a.AnonymousAuthenticationFilter - Set SecurityContextHolder to anonymous SecurityContext
2025-03-08 14:13:24.847 [http-nio-8083-exec-6] DEBUG o.s.s.w.s.HttpSessionRequestCache - Saved request http://localhost:8083/actuator/health?continue to session
2025-03-08 14:13:24.847 [http-nio-8083-exec-6] DEBUG o.s.s.w.a.DelegatingAuthenticationEntryPoint - Trying to match using And [Not [RequestHeaderRequestMatcher [expectedHeaderName=X-Requested-With, expectedHeaderValue=XMLHttpRequest]], MediaTypeRequestMatcher [contentNegotiationStrategy=org.springframework.web.accept.ContentNegotiationManager@36453773, matchingMediaTypes=[application/xhtml+xml, image/*, text/html, text/plain], useEquals=false, ignoredMediaTypes=[*/*]]]
2025-03-08 14:13:24.848 [http-nio-8083-exec-6] DEBUG o.s.s.w.a.DelegatingAuthenticationEntryPoint - Trying to match using Or [RequestHeaderRequestMatcher [expectedHeaderName=X-Requested-With, expectedHeaderValue=XMLHttpRequest], And [Not [MediaTypeRequestMatcher [contentNegotiationStrategy=org.springframework.web.accept.ContentNegotiationManager@36453773, matchingMediaTypes=[text/html], useEquals=false, ignoredMediaTypes=[]]], MediaTypeRequestMatcher [contentNegotiationStrategy=org.springframework.web.accept.ContentNegotiationManager@36453773, matchingMediaTypes=[application/atom+xml, application/x-www-form-urlencoded, application/json, application/octet-stream, application/xml, multipart/form-data, text/xml], useEquals=false, ignoredMediaTypes=[*/*]]], MediaTypeRequestMatcher [contentNegotiationStrategy=org.springframework.web.accept.ContentNegotiationManager@36453773, matchingMediaTypes=[*/*], useEquals=true, ignoredMediaTypes=[]]]
2025-03-08 14:13:24.848 [http-nio-8083-exec-6] DEBUG o.s.s.w.a.DelegatingAuthenticationEntryPoint - Match found! Executing org.springframework.security.web.authentication.DelegatingAuthenticationEntryPoint@50caeb4b
2025-03-08 14:13:24.848 [http-nio-8083-exec-6] DEBUG o.s.s.w.a.DelegatingAuthenticationEntryPoint - Trying to match using RequestHeaderRequestMatcher [expectedHeaderName=X-Requested-With, expectedHeaderValue=XMLHttpRequest]
2025-03-08 14:13:24.848 [http-nio-8083-exec-6] DEBUG o.s.s.w.a.DelegatingAuthenticationEntryPoint - No match found. Using default entry point org.springframework.security.web.authentication.www.BasicAuthenticationEntryPoint@6d8d435b
2025-03-08 14:13:24.850 [http-nio-8083-exec-6] DEBUG o.s.security.web.FilterChainProxy - Securing GET /error
2025-03-08 14:13:24.850 [http-nio-8083-exec-6] DEBUG o.s.s.w.a.AnonymousAuthenticationFilter - Set SecurityContextHolder to anonymous SecurityContext
2025-03-08 14:13:24.850 [http-nio-8083-exec-6] DEBUG o.s.s.w.s.HttpSessionRequestCache - Saved request http://localhost:8083/error?continue to session
2025-03-08 14:13:24.852 [http-nio-8083-exec-6] DEBUG o.s.s.w.a.DelegatingAuthenticationEntryPoint - Trying to match using And [Not [RequestHeaderRequestMatcher [expectedHeaderName=X-Requested-With, expectedHeaderValue=XMLHttpRequest]], MediaTypeRequestMatcher [contentNegotiationStrategy=org.springframework.web.accept.ContentNegotiationManager@36453773, matchingMediaTypes=[application/xhtml+xml, image/*, text/html, text/plain], useEquals=false, ignoredMediaTypes=[*/*]]]
2025-03-08 14:13:24.852 [http-nio-8083-exec-6] DEBUG o.s.s.w.a.DelegatingAuthenticationEntryPoint - Trying to match using Or [RequestHeaderRequestMatcher [expectedHeaderName=X-Requested-With, expectedHeaderValue=XMLHttpRequest], And [Not [MediaTypeRequestMatcher [contentNegotiationStrategy=org.springframework.web.accept.ContentNegotiationManager@36453773, matchingMediaTypes=[text/html], useEquals=false, ignoredMediaTypes=[]]], MediaTypeRequestMatcher [contentNegotiationStrategy=org.springframework.web.accept.ContentNegotiationManager@36453773, matchingMediaTypes=[application/atom+xml, application/x-www-form-urlencoded, application/json, application/octet-stream, application/xml, multipart/form-data, text/xml], useEquals=false, ignoredMediaTypes=[*/*]]], MediaTypeRequestMatcher [contentNegotiationStrategy=org.springframework.web.accept.ContentNegotiationManager@36453773, matchingMediaTypes=[*/*], useEquals=true, ignoredMediaTypes=[]]]
2025-03-08 14:13:24.852 [http-nio-8083-exec-6] DEBUG o.s.s.w.a.DelegatingAuthenticationEntryPoint - Match found! Executing org.springframework.security.web.authentication.DelegatingAuthenticationEntryPoint@50caeb4b
2025-03-08 14:13:24.852 [http-nio-8083-exec-6] DEBUG o.s.s.w.a.DelegatingAuthenticationEntryPoint - Trying to match using RequestHeaderRequestMatcher [expectedHeaderName=X-Requested-With, expectedHeaderValue=XMLHttpRequest]
2025-03-08 14:13:24.852 [http-nio-8083-exec-6] DEBUG o.s.s.w.a.DelegatingAuthenticationEntryPoint - No match found. Using default entry point org.springframework.security.web.authentication.www.BasicAuthenticationEntryPoint@6d8d435b
2025-03-08 14:13:26.973 [http-nio-8083-exec-9] DEBUG o.s.security.web.FilterChainProxy - Securing GET /actuator/health
2025-03-08 14:13:26.974 [http-nio-8083-exec-9] DEBUG o.s.s.w.a.AnonymousAuthenticationFilter - Set SecurityContextHolder to anonymous SecurityContext
2025-03-08 14:13:26.975 [http-nio-8083-exec-9] DEBUG o.s.s.w.s.HttpSessionRequestCache - Saved request http://localhost:8083/actuator/health?continue to session
2025-03-08 14:13:26.976 [http-nio-8083-exec-9] DEBUG o.s.s.w.a.DelegatingAuthenticationEntryPoint - Trying to match using And [Not [RequestHeaderRequestMatcher [expectedHeaderName=X-Requested-With, expectedHeaderValue=XMLHttpRequest]], MediaTypeRequestMatcher [contentNegotiationStrategy=org.springframework.web.accept.ContentNegotiationManager@36453773, matchingMediaTypes=[application/xhtml+xml, image/*, text/html, text/plain], useEquals=false, ignoredMediaTypes=[*/*]]]
2025-03-08 14:13:26.976 [http-nio-8083-exec-9] DEBUG o.s.s.w.a.DelegatingAuthenticationEntryPoint - Trying to match using Or [RequestHeaderRequestMatcher [expectedHeaderName=X-Requested-With, expectedHeaderValue=XMLHttpRequest], And [Not [MediaTypeRequestMatcher [contentNegotiationStrategy=org.springframework.web.accept.ContentNegotiationManager@36453773, matchingMediaTypes=[text/html], useEquals=false, ignoredMediaTypes=[]]], MediaTypeRequestMatcher [contentNegotiationStrategy=org.springframework.web.accept.ContentNegotiationManager@36453773, matchingMediaTypes=[application/atom+xml, application/x-www-form-urlencoded, application/json, application/octet-stream, application/xml, multipart/form-data, text/xml], useEquals=false, ignoredMediaTypes=[*/*]]], MediaTypeRequestMatcher [contentNegotiationStrategy=org.springframework.web.accept.ContentNegotiationManager@36453773, matchingMediaTypes=[*/*], useEquals=true, ignoredMediaTypes=[]]]
2025-03-08 14:13:26.977 [http-nio-8083-exec-9] DEBUG o.s.s.w.a.DelegatingAuthenticationEntryPoint - Match found! Executing org.springframework.security.web.authentication.DelegatingAuthenticationEntryPoint@50caeb4b
2025-03-08 14:13:26.977 [http-nio-8083-exec-9] DEBUG o.s.s.w.a.DelegatingAuthenticationEntryPoint - Trying to match using RequestHeaderRequestMatcher [expectedHeaderName=X-Requested-With, expectedHeaderValue=XMLHttpRequest]
2025-03-08 14:13:26.977 [http-nio-8083-exec-9] DEBUG o.s.s.w.a.DelegatingAuthenticationEntryPoint - No match found. Using default entry point org.springframework.security.web.authentication.www.BasicAuthenticationEntryPoint@6d8d435b
2025-03-08 14:13:26.979 [http-nio-8083-exec-9] DEBUG o.s.security.web.FilterChainProxy - Securing GET /error
2025-03-08 14:13:26.979 [http-nio-8083-exec-9] DEBUG o.s.s.w.a.AnonymousAuthenticationFilter - Set SecurityContextHolder to anonymous SecurityContext
2025-03-08 14:13:26.980 [http-nio-8083-exec-9] DEBUG o.s.s.w.s.HttpSessionRequestCache - Saved request http://localhost:8083/error?continue to session
2025-03-08 14:13:26.980 [http-nio-8083-exec-9] DEBUG o.s.s.w.a.DelegatingAuthenticationEntryPoint - Trying to match using And [Not [RequestHeaderRequestMatcher [expectedHeaderName=X-Requested-With, expectedHeaderValue=XMLHttpRequest]], MediaTypeRequestMatcher [contentNegotiationStrategy=org.springframework.web.accept.ContentNegotiationManager@36453773, matchingMediaTypes=[application/xhtml+xml, image/*, text/html, text/plain], useEquals=false, ignoredMediaTypes=[*/*]]]
2025-03-08 14:13:26.980 [http-nio-8083-exec-9] DEBUG o.s.s.w.a.DelegatingAuthenticationEntryPoint - Trying to match using Or [RequestHeaderRequestMatcher [expectedHeaderName=X-Requested-With, expectedHeaderValue=XMLHttpRequest], And [Not [MediaTypeRequestMatcher [contentNegotiationStrategy=org.springframework.web.accept.ContentNegotiationManager@36453773, matchingMediaTypes=[text/html], useEquals=false, ignoredMediaTypes=[]]], MediaTypeRequestMatcher [contentNegotiationStrategy=org.springframework.web.accept.ContentNegotiationManager@36453773, matchingMediaTypes=[application/atom+xml, application/x-www-form-urlencoded, application/json, application/octet-stream, application/xml, multipart/form-data, text/xml], useEquals=false, ignoredMediaTypes=[*/*]]], MediaTypeRequestMatcher [contentNegotiationStrategy=org.springframework.web.accept.ContentNegotiationManager@36453773, matchingMediaTypes=[*/*], useEquals=true, ignoredMediaTypes=[]]]
2025-03-08 14:13:26.980 [http-nio-8083-exec-9] DEBUG o.s.s.w.a.DelegatingAuthenticationEntryPoint - Match found! Executing org.springframework.security.web.authentication.DelegatingAuthenticationEntryPoint@50caeb4b
2025-03-08 14:13:26.980 [http-nio-8083-exec-9] DEBUG o.s.s.w.a.DelegatingAuthenticationEntryPoint - Trying to match using RequestHeaderRequestMatcher [expectedHeaderName=X-Requested-With, expectedHeaderValue=XMLHttpRequest]
2025-03-08 14:13:26.980 [http-nio-8083-exec-9] DEBUG o.s.s.w.a.DelegatingAuthenticationEntryPoint - No match found. Using default entry point org.springframework.security.web.authentication.www.BasicAuthenticationEntryPoint@6d8d435b
2025-03-08 14:13:29.107 [http-nio-8083-exec-7] DEBUG o.s.security.web.FilterChainProxy - Securing GET /actuator/health
2025-03-08 14:13:29.107 [http-nio-8083-exec-7] DEBUG o.s.s.w.a.AnonymousAuthenticationFilter - Set SecurityContextHolder to anonymous SecurityContext
2025-03-08 14:13:29.108 [http-nio-8083-exec-7] DEBUG o.s.s.w.s.HttpSessionRequestCache - Saved request http://localhost:8083/actuator/health?continue to session
2025-03-08 14:13:29.109 [http-nio-8083-exec-7] DEBUG o.s.s.w.a.DelegatingAuthenticationEntryPoint - Trying to match using And [Not [RequestHeaderRequestMatcher [expectedHeaderName=X-Requested-With, expectedHeaderValue=XMLHttpRequest]], MediaTypeRequestMatcher [contentNegotiationStrategy=org.springframework.web.accept.ContentNegotiationManager@36453773, matchingMediaTypes=[application/xhtml+xml, image/*, text/html, text/plain], useEquals=false, ignoredMediaTypes=[*/*]]]
2025-03-08 14:13:29.109 [http-nio-8083-exec-7] DEBUG o.s.s.w.a.DelegatingAuthenticationEntryPoint - Trying to match using Or [RequestHeaderRequestMatcher [expectedHeaderName=X-Requested-With, expectedHeaderValue=XMLHttpRequest], And [Not [MediaTypeRequestMatcher [contentNegotiationStrategy=org.springframework.web.accept.ContentNegotiationManager@36453773, matchingMediaTypes=[text/html], useEquals=false, ignoredMediaTypes=[]]], MediaTypeRequestMatcher [contentNegotiationStrategy=org.springframework.web.accept.ContentNegotiationManager@36453773, matchingMediaTypes=[application/atom+xml, application/x-www-form-urlencoded, application/json, application/octet-stream, application/xml, multipart/form-data, text/xml], useEquals=false, ignoredMediaTypes=[*/*]]], MediaTypeRequestMatcher [contentNegotiationStrategy=org.springframework.web.accept.ContentNegotiationManager@36453773, matchingMediaTypes=[*/*], useEquals=true, ignoredMediaTypes=[]]]
2025-03-08 14:13:29.109 [http-nio-8083-exec-7] DEBUG o.s.s.w.a.DelegatingAuthenticationEntryPoint - Match found! Executing org.springframework.security.web.authentication.DelegatingAuthenticationEntryPoint@50caeb4b
2025-03-08 14:13:29.109 [http-nio-8083-exec-7] DEBUG o.s.s.w.a.DelegatingAuthenticationEntryPoint - Trying to match using RequestHeaderRequestMatcher [expectedHeaderName=X-Requested-With, expectedHeaderValue=XMLHttpRequest]
2025-03-08 14:13:29.109 [http-nio-8083-exec-7] DEBUG o.s.s.w.a.DelegatingAuthenticationEntryPoint - No match found. Using default entry point org.springframework.security.web.authentication.www.BasicAuthenticationEntryPoint@6d8d435b
2025-03-08 14:13:29.111 [http-nio-8083-exec-7] DEBUG o.s.security.web.FilterChainProxy - Securing GET /error
2025-03-08 14:13:29.111 [http-nio-8083-exec-7] DEBUG o.s.s.w.a.AnonymousAuthenticationFilter - Set SecurityContextHolder to anonymous SecurityContext
2025-03-08 14:13:29.111 [http-nio-8083-exec-7] DEBUG o.s.s.w.s.HttpSessionRequestCache - Saved request http://localhost:8083/error?continue to session
2025-03-08 14:13:29.111 [http-nio-8083-exec-7] DEBUG o.s.s.w.a.DelegatingAuthenticationEntryPoint - Trying to match using And [Not [RequestHeaderRequestMatcher [expectedHeaderName=X-Requested-With, expectedHeaderValue=XMLHttpRequest]], MediaTypeRequestMatcher [contentNegotiationStrategy=org.springframework.web.accept.ContentNegotiationManager@36453773, matchingMediaTypes=[application/xhtml+xml, image/*, text/html, text/plain], useEquals=false, ignoredMediaTypes=[*/*]]]
2025-03-08 14:13:29.111 [http-nio-8083-exec-7] DEBUG o.s.s.w.a.DelegatingAuthenticationEntryPoint - Trying to match using Or [RequestHeaderRequestMatcher [expectedHeaderName=X-Requested-With, expectedHeaderValue=XMLHttpRequest], And [Not [MediaTypeRequestMatcher [contentNegotiationStrategy=org.springframework.web.accept.ContentNegotiationManager@36453773, matchingMediaTypes=[text/html], useEquals=false, ignoredMediaTypes=[]]], MediaTypeRequestMatcher [contentNegotiationStrategy=org.springframework.web.accept.ContentNegotiationManager@36453773, matchingMediaTypes=[application/atom+xml, application/x-www-form-urlencoded, application/json, application/octet-stream, application/xml, multipart/form-data, text/xml], useEquals=false, ignoredMediaTypes=[*/*]]], MediaTypeRequestMatcher [contentNegotiationStrategy=org.springframework.web.accept.ContentNegotiationManager@36453773, matchingMediaTypes=[*/*], useEquals=true, ignoredMediaTypes=[]]]
2025-03-08 14:13:29.112 [http-nio-8083-exec-7] DEBUG o.s.s.w.a.DelegatingAuthenticationEntryPoint - Match found! Executing org.springframework.security.web.authentication.DelegatingAuthenticationEntryPoint@50caeb4b
2025-03-08 14:13:29.112 [http-nio-8083-exec-7] DEBUG o.s.s.w.a.DelegatingAuthenticationEntryPoint - Trying to match using RequestHeaderRequestMatcher [expectedHeaderName=X-Requested-With, expectedHeaderValue=XMLHttpRequest]
2025-03-08 14:13:29.113 [http-nio-8083-exec-7] DEBUG o.s.s.w.a.DelegatingAuthenticationEntryPoint - No match found. Using default entry point org.springframework.security.web.authentication.www.BasicAuthenticationEntryPoint@6d8d435b
2025-03-08 14:13:31.221 [http-nio-8083-exec-1] DEBUG o.s.security.web.FilterChainProxy - Securing GET /actuator/health
2025-03-08 14:13:31.221 [http-nio-8083-exec-1] DEBUG o.s.s.w.a.AnonymousAuthenticationFilter - Set SecurityContextHolder to anonymous SecurityContext
2025-03-08 14:13:31.222 [http-nio-8083-exec-1] DEBUG o.s.s.w.s.HttpSessionRequestCache - Saved request http://localhost:8083/actuator/health?continue to session
2025-03-08 14:13:31.222 [http-nio-8083-exec-1] DEBUG o.s.s.w.a.DelegatingAuthenticationEntryPoint - Trying to match using And [Not [RequestHeaderRequestMatcher [expectedHeaderName=X-Requested-With, expectedHeaderValue=XMLHttpRequest]], MediaTypeRequestMatcher [contentNegotiationStrategy=org.springframework.web.accept.ContentNegotiationManager@36453773, matchingMediaTypes=[application/xhtml+xml, image/*, text/html, text/plain], useEquals=false, ignoredMediaTypes=[*/*]]]
2025-03-08 14:13:31.222 [http-nio-8083-exec-1] DEBUG o.s.s.w.a.DelegatingAuthenticationEntryPoint - Trying to match using Or [RequestHeaderRequestMatcher [expectedHeaderName=X-Requested-With, expectedHeaderValue=XMLHttpRequest], And [Not [MediaTypeRequestMatcher [contentNegotiationStrategy=org.springframework.web.accept.ContentNegotiationManager@36453773, matchingMediaTypes=[text/html], useEquals=false, ignoredMediaTypes=[]]], MediaTypeRequestMatcher [contentNegotiationStrategy=org.springframework.web.accept.ContentNegotiationManager@36453773, matchingMediaTypes=[application/atom+xml, application/x-www-form-urlencoded, application/json, application/octet-stream, application/xml, multipart/form-data, text/xml], useEquals=false, ignoredMediaTypes=[*/*]]], MediaTypeRequestMatcher [contentNegotiationStrategy=org.springframework.web.accept.ContentNegotiationManager@36453773, matchingMediaTypes=[*/*], useEquals=true, ignoredMediaTypes=[]]]
2025-03-08 14:13:31.222 [http-nio-8083-exec-1] DEBUG o.s.s.w.a.DelegatingAuthenticationEntryPoint - Match found! Executing org.springframework.security.web.authentication.DelegatingAuthenticationEntryPoint@50caeb4b
2025-03-08 14:13:31.222 [http-nio-8083-exec-1] DEBUG o.s.s.w.a.DelegatingAuthenticationEntryPoint - Trying to match using RequestHeaderRequestMatcher [expectedHeaderName=X-Requested-With, expectedHeaderValue=XMLHttpRequest]
2025-03-08 14:13:31.222 [http-nio-8083-exec-1] DEBUG o.s.s.w.a.DelegatingAuthenticationEntryPoint - No match found. Using default entry point org.springframework.security.web.authentication.www.BasicAuthenticationEntryPoint@6d8d435b
2025-03-08 14:13:31.222 [http-nio-8083-exec-1] DEBUG o.s.security.web.FilterChainProxy - Securing GET /error
2025-03-08 14:13:31.222 [http-nio-8083-exec-1] DEBUG o.s.s.w.a.AnonymousAuthenticationFilter - Set SecurityContextHolder to anonymous SecurityContext
2025-03-08 14:13:31.222 [http-nio-8083-exec-1] DEBUG o.s.s.w.s.HttpSessionRequestCache - Saved request http://localhost:8083/error?continue to session
2025-03-08 14:13:31.222 [http-nio-8083-exec-1] DEBUG o.s.s.w.a.DelegatingAuthenticationEntryPoint - Trying to match using And [Not [RequestHeaderRequestMatcher [expectedHeaderName=X-Requested-With, expectedHeaderValue=XMLHttpRequest]], MediaTypeRequestMatcher [contentNegotiationStrategy=org.springframework.web.accept.ContentNegotiationManager@36453773, matchingMediaTypes=[application/xhtml+xml, image/*, text/html, text/plain], useEquals=false, ignoredMediaTypes=[*/*]]]
2025-03-08 14:13:31.222 [http-nio-8083-exec-1] DEBUG o.s.s.w.a.DelegatingAuthenticationEntryPoint - Trying to match using Or [RequestHeaderRequestMatcher [expectedHeaderName=X-Requested-With, expectedHeaderValue=XMLHttpRequest], And [Not [MediaTypeRequestMatcher [contentNegotiationStrategy=org.springframework.web.accept.ContentNegotiationManager@36453773, matchingMediaTypes=[text/html], useEquals=false, ignoredMediaTypes=[]]], MediaTypeRequestMatcher [contentNegotiationStrategy=org.springframework.web.accept.ContentNegotiationManager@36453773, matchingMediaTypes=[application/atom+xml, application/x-www-form-urlencoded, application/json, application/octet-stream, application/xml, multipart/form-data, text/xml], useEquals=false, ignoredMediaTypes=[*/*]]], MediaTypeRequestMatcher [contentNegotiationStrategy=org.springframework.web.accept.ContentNegotiationManager@36453773, matchingMediaTypes=[*/*], useEquals=true, ignoredMediaTypes=[]]]
2025-03-08 14:13:31.224 [http-nio-8083-exec-1] DEBUG o.s.s.w.a.DelegatingAuthenticationEntryPoint - Match found! Executing org.springframework.security.web.authentication.DelegatingAuthenticationEntryPoint@50caeb4b
2025-03-08 14:13:31.224 [http-nio-8083-exec-1] DEBUG o.s.s.w.a.DelegatingAuthenticationEntryPoint - Trying to match using RequestHeaderRequestMatcher [expectedHeaderName=X-Requested-With, expectedHeaderValue=XMLHttpRequest]
2025-03-08 14:13:31.224 [http-nio-8083-exec-1] DEBUG o.s.s.w.a.DelegatingAuthenticationEntryPoint - No match found. Using default entry point org.springframework.security.web.authentication.www.BasicAuthenticationEntryPoint@6d8d435b
2025-03-08 14:13:33.343 [http-nio-8083-exec-4] DEBUG o.s.security.web.FilterChainProxy - Securing GET /actuator/health
2025-03-08 14:13:33.343 [http-nio-8083-exec-4] DEBUG o.s.s.w.a.AnonymousAuthenticationFilter - Set SecurityContextHolder to anonymous SecurityContext
2025-03-08 14:13:33.344 [http-nio-8083-exec-4] DEBUG o.s.s.w.s.HttpSessionRequestCache - Saved request http://localhost:8083/actuator/health?continue to session
2025-03-08 14:13:33.344 [http-nio-8083-exec-4] DEBUG o.s.s.w.a.DelegatingAuthenticationEntryPoint - Trying to match using And [Not [RequestHeaderRequestMatcher [expectedHeaderName=X-Requested-With, expectedHeaderValue=XMLHttpRequest]], MediaTypeRequestMatcher [contentNegotiationStrategy=org.springframework.web.accept.ContentNegotiationManager@36453773, matchingMediaTypes=[application/xhtml+xml, image/*, text/html, text/plain], useEquals=false, ignoredMediaTypes=[*/*]]]
2025-03-08 14:13:33.344 [http-nio-8083-exec-4] DEBUG o.s.s.w.a.DelegatingAuthenticationEntryPoint - Trying to match using Or [RequestHeaderRequestMatcher [expectedHeaderName=X-Requested-With, expectedHeaderValue=XMLHttpRequest], And [Not [MediaTypeRequestMatcher [contentNegotiationStrategy=org.springframework.web.accept.ContentNegotiationManager@36453773, matchingMediaTypes=[text/html], useEquals=false, ignoredMediaTypes=[]]], MediaTypeRequestMatcher [contentNegotiationStrategy=org.springframework.web.accept.ContentNegotiationManager@36453773, matchingMediaTypes=[application/atom+xml, application/x-www-form-urlencoded, application/json, application/octet-stream, application/xml, multipart/form-data, text/xml], useEquals=false, ignoredMediaTypes=[*/*]]], MediaTypeRequestMatcher [contentNegotiationStrategy=org.springframework.web.accept.ContentNegotiationManager@36453773, matchingMediaTypes=[*/*], useEquals=true, ignoredMediaTypes=[]]]
2025-03-08 14:13:33.344 [http-nio-8083-exec-4] DEBUG o.s.s.w.a.DelegatingAuthenticationEntryPoint - Match found! Executing org.springframework.security.web.authentication.DelegatingAuthenticationEntryPoint@50caeb4b
2025-03-08 14:13:33.344 [http-nio-8083-exec-4] DEBUG o.s.s.w.a.DelegatingAuthenticationEntryPoint - Trying to match using RequestHeaderRequestMatcher [expectedHeaderName=X-Requested-With, expectedHeaderValue=XMLHttpRequest]
2025-03-08 14:13:33.344 [http-nio-8083-exec-4] DEBUG o.s.s.w.a.DelegatingAuthenticationEntryPoint - No match found. Using default entry point org.springframework.security.web.authentication.www.BasicAuthenticationEntryPoint@6d8d435b
2025-03-08 14:13:33.344 [http-nio-8083-exec-4] DEBUG o.s.security.web.FilterChainProxy - Securing GET /error
2025-03-08 14:13:33.344 [http-nio-8083-exec-4] DEBUG o.s.s.w.a.AnonymousAuthenticationFilter - Set SecurityContextHolder to anonymous SecurityContext
2025-03-08 14:13:33.345 [http-nio-8083-exec-4] DEBUG o.s.s.w.s.HttpSessionRequestCache - Saved request http://localhost:8083/error?continue to session
2025-03-08 14:13:33.345 [http-nio-8083-exec-4] DEBUG o.s.s.w.a.DelegatingAuthenticationEntryPoint - Trying to match using And [Not [RequestHeaderRequestMatcher [expectedHeaderName=X-Requested-With, expectedHeaderValue=XMLHttpRequest]], MediaTypeRequestMatcher [contentNegotiationStrategy=org.springframework.web.accept.ContentNegotiationManager@36453773, matchingMediaTypes=[application/xhtml+xml, image/*, text/html, text/plain], useEquals=false, ignoredMediaTypes=[*/*]]]
2025-03-08 14:13:33.345 [http-nio-8083-exec-4] DEBUG o.s.s.w.a.DelegatingAuthenticationEntryPoint - Trying to match using Or [RequestHeaderRequestMatcher [expectedHeaderName=X-Requested-With, expectedHeaderValue=XMLHttpRequest], And [Not [MediaTypeRequestMatcher [contentNegotiationStrategy=org.springframework.web.accept.ContentNegotiationManager@36453773, matchingMediaTypes=[text/html], useEquals=false, ignoredMediaTypes=[]]], MediaTypeRequestMatcher [contentNegotiationStrategy=org.springframework.web.accept.ContentNegotiationManager@36453773, matchingMediaTypes=[application/atom+xml, application/x-www-form-urlencoded, application/json, application/octet-stream, application/xml, multipart/form-data, text/xml], useEquals=false, ignoredMediaTypes=[*/*]]], MediaTypeRequestMatcher [contentNegotiationStrategy=org.springframework.web.accept.ContentNegotiationManager@36453773, matchingMediaTypes=[*/*], useEquals=true, ignoredMediaTypes=[]]]
2025-03-08 14:13:33.345 [http-nio-8083-exec-4] DEBUG o.s.s.w.a.DelegatingAuthenticationEntryPoint - Match found! Executing org.springframework.security.web.authentication.DelegatingAuthenticationEntryPoint@50caeb4b
2025-03-08 14:13:33.345 [http-nio-8083-exec-4] DEBUG o.s.s.w.a.DelegatingAuthenticationEntryPoint - Trying to match using RequestHeaderRequestMatcher [expectedHeaderName=X-Requested-With, expectedHeaderValue=XMLHttpRequest]
2025-03-08 14:13:33.345 [http-nio-8083-exec-4] DEBUG o.s.s.w.a.DelegatingAuthenticationEntryPoint - No match found. Using default entry point org.springframework.security.web.authentication.www.BasicAuthenticationEntryPoint@6d8d435b
2025-03-08 14:13:35.470 [http-nio-8083-exec-10] DEBUG o.s.security.web.FilterChainProxy - Securing GET /actuator/health
2025-03-08 14:13:35.470 [http-nio-8083-exec-10] DEBUG o.s.s.w.a.AnonymousAuthenticationFilter - Set SecurityContextHolder to anonymous SecurityContext
2025-03-08 14:13:35.471 [http-nio-8083-exec-10] DEBUG o.s.s.w.s.HttpSessionRequestCache - Saved request http://localhost:8083/actuator/health?continue to session
2025-03-08 14:13:35.471 [http-nio-8083-exec-10] DEBUG o.s.s.w.a.DelegatingAuthenticationEntryPoint - Trying to match using And [Not [RequestHeaderRequestMatcher [expectedHeaderName=X-Requested-With, expectedHeaderValue=XMLHttpRequest]], MediaTypeRequestMatcher [contentNegotiationStrategy=org.springframework.web.accept.ContentNegotiationManager@36453773, matchingMediaTypes=[application/xhtml+xml, image/*, text/html, text/plain], useEquals=false, ignoredMediaTypes=[*/*]]]
2025-03-08 14:13:35.471 [http-nio-8083-exec-10] DEBUG o.s.s.w.a.DelegatingAuthenticationEntryPoint - Trying to match using Or [RequestHeaderRequestMatcher [expectedHeaderName=X-Requested-With, expectedHeaderValue=XMLHttpRequest], And [Not [MediaTypeRequestMatcher [contentNegotiationStrategy=org.springframework.web.accept.ContentNegotiationManager@36453773, matchingMediaTypes=[text/html], useEquals=false, ignoredMediaTypes=[]]], MediaTypeRequestMatcher [contentNegotiationStrategy=org.springframework.web.accept.ContentNegotiationManager@36453773, matchingMediaTypes=[application/atom+xml, application/x-www-form-urlencoded, application/json, application/octet-stream, application/xml, multipart/form-data, text/xml], useEquals=false, ignoredMediaTypes=[*/*]]], MediaTypeRequestMatcher [contentNegotiationStrategy=org.springframework.web.accept.ContentNegotiationManager@36453773, matchingMediaTypes=[*/*], useEquals=true, ignoredMediaTypes=[]]]
2025-03-08 14:13:35.471 [http-nio-8083-exec-10] DEBUG o.s.s.w.a.DelegatingAuthenticationEntryPoint - Match found! Executing org.springframework.security.web.authentication.DelegatingAuthenticationEntryPoint@50caeb4b
2025-03-08 14:13:35.471 [http-nio-8083-exec-10] DEBUG o.s.s.w.a.DelegatingAuthenticationEntryPoint - Trying to match using RequestHeaderRequestMatcher [expectedHeaderName=X-Requested-With, expectedHeaderValue=XMLHttpRequest]
2025-03-08 14:13:35.471 [http-nio-8083-exec-10] DEBUG o.s.s.w.a.DelegatingAuthenticationEntryPoint - No match found. Using default entry point org.springframework.security.web.authentication.www.BasicAuthenticationEntryPoint@6d8d435b
2025-03-08 14:13:35.471 [http-nio-8083-exec-10] DEBUG o.s.security.web.FilterChainProxy - Securing GET /error
2025-03-08 14:13:35.471 [http-nio-8083-exec-10] DEBUG o.s.s.w.a.AnonymousAuthenticationFilter - Set SecurityContextHolder to anonymous SecurityContext
2025-03-08 14:13:35.472 [http-nio-8083-exec-10] DEBUG o.s.s.w.s.HttpSessionRequestCache - Saved request http://localhost:8083/error?continue to session
2025-03-08 14:13:35.472 [http-nio-8083-exec-10] DEBUG o.s.s.w.a.DelegatingAuthenticationEntryPoint - Trying to match using And [Not [RequestHeaderRequestMatcher [expectedHeaderName=X-Requested-With, expectedHeaderValue=XMLHttpRequest]], MediaTypeRequestMatcher [contentNegotiationStrategy=org.springframework.web.accept.ContentNegotiationManager@36453773, matchingMediaTypes=[application/xhtml+xml, image/*, text/html, text/plain], useEquals=false, ignoredMediaTypes=[*/*]]]
2025-03-08 14:13:35.472 [http-nio-8083-exec-10] DEBUG o.s.s.w.a.DelegatingAuthenticationEntryPoint - Trying to match using Or [RequestHeaderRequestMatcher [expectedHeaderName=X-Requested-With, expectedHeaderValue=XMLHttpRequest], And [Not [MediaTypeRequestMatcher [contentNegotiationStrategy=org.springframework.web.accept.ContentNegotiationManager@36453773, matchingMediaTypes=[text/html], useEquals=false, ignoredMediaTypes=[]]], MediaTypeRequestMatcher [contentNegotiationStrategy=org.springframework.web.accept.ContentNegotiationManager@36453773, matchingMediaTypes=[application/atom+xml, application/x-www-form-urlencoded, application/json, application/octet-stream, application/xml, multipart/form-data, text/xml], useEquals=false, ignoredMediaTypes=[*/*]]], MediaTypeRequestMatcher [contentNegotiationStrategy=org.springframework.web.accept.ContentNegotiationManager@36453773, matchingMediaTypes=[*/*], useEquals=true, ignoredMediaTypes=[]]]
2025-03-08 14:13:35.472 [http-nio-8083-exec-10] DEBUG o.s.s.w.a.DelegatingAuthenticationEntryPoint - Match found! Executing org.springframework.security.web.authentication.DelegatingAuthenticationEntryPoint@50caeb4b
2025-03-08 14:13:35.472 [http-nio-8083-exec-10] DEBUG o.s.s.w.a.DelegatingAuthenticationEntryPoint - Trying to match using RequestHeaderRequestMatcher [expectedHeaderName=X-Requested-With, expectedHeaderValue=XMLHttpRequest]
2025-03-08 14:13:35.472 [http-nio-8083-exec-10] DEBUG o.s.s.w.a.DelegatingAuthenticationEntryPoint - No match found. Using default entry point org.springframework.security.web.authentication.www.BasicAuthenticationEntryPoint@6d8d435b
2025-03-08 14:13:37.598 [http-nio-8083-exec-5] DEBUG o.s.security.web.FilterChainProxy - Securing GET /actuator/health
2025-03-08 14:13:37.598 [http-nio-8083-exec-5] DEBUG o.s.s.w.a.AnonymousAuthenticationFilter - Set SecurityContextHolder to anonymous SecurityContext
2025-03-08 14:13:37.598 [http-nio-8083-exec-5] DEBUG o.s.s.w.s.HttpSessionRequestCache - Saved request http://localhost:8083/actuator/health?continue to session
2025-03-08 14:13:37.598 [http-nio-8083-exec-5] DEBUG o.s.s.w.a.DelegatingAuthenticationEntryPoint - Trying to match using And [Not [RequestHeaderRequestMatcher [expectedHeaderName=X-Requested-With, expectedHeaderValue=XMLHttpRequest]], MediaTypeRequestMatcher [contentNegotiationStrategy=org.springframework.web.accept.ContentNegotiationManager@36453773, matchingMediaTypes=[application/xhtml+xml, image/*, text/html, text/plain], useEquals=false, ignoredMediaTypes=[*/*]]]
2025-03-08 14:13:37.598 [http-nio-8083-exec-5] DEBUG o.s.s.w.a.DelegatingAuthenticationEntryPoint - Trying to match using Or [RequestHeaderRequestMatcher [expectedHeaderName=X-Requested-With, expectedHeaderValue=XMLHttpRequest], And [Not [MediaTypeRequestMatcher [contentNegotiationStrategy=org.springframework.web.accept.ContentNegotiationManager@36453773, matchingMediaTypes=[text/html], useEquals=false, ignoredMediaTypes=[]]], MediaTypeRequestMatcher [contentNegotiationStrategy=org.springframework.web.accept.ContentNegotiationManager@36453773, matchingMediaTypes=[application/atom+xml, application/x-www-form-urlencoded, application/json, application/octet-stream, application/xml, multipart/form-data, text/xml], useEquals=false, ignoredMediaTypes=[*/*]]], MediaTypeRequestMatcher [contentNegotiationStrategy=org.springframework.web.accept.ContentNegotiationManager@36453773, matchingMediaTypes=[*/*], useEquals=true, ignoredMediaTypes=[]]]
2025-03-08 14:13:37.599 [http-nio-8083-exec-5] DEBUG o.s.s.w.a.DelegatingAuthenticationEntryPoint - Match found! Executing org.springframework.security.web.authentication.DelegatingAuthenticationEntryPoint@50caeb4b
2025-03-08 14:13:37.599 [http-nio-8083-exec-5] DEBUG o.s.s.w.a.DelegatingAuthenticationEntryPoint - Trying to match using RequestHeaderRequestMatcher [expectedHeaderName=X-Requested-With, expectedHeaderValue=XMLHttpRequest]
2025-03-08 14:13:37.599 [http-nio-8083-exec-5] DEBUG o.s.s.w.a.DelegatingAuthenticationEntryPoint - No match found. Using default entry point org.springframework.security.web.authentication.www.BasicAuthenticationEntryPoint@6d8d435b
2025-03-08 14:13:37.599 [http-nio-8083-exec-5] DEBUG o.s.security.web.FilterChainProxy - Securing GET /error
2025-03-08 14:13:37.599 [http-nio-8083-exec-5] DEBUG o.s.s.w.a.AnonymousAuthenticationFilter - Set SecurityContextHolder to anonymous SecurityContext
2025-03-08 14:13:37.599 [http-nio-8083-exec-5] DEBUG o.s.s.w.s.HttpSessionRequestCache - Saved request http://localhost:8083/error?continue to session
2025-03-08 14:13:37.599 [http-nio-8083-exec-5] DEBUG o.s.s.w.a.DelegatingAuthenticationEntryPoint - Trying to match using And [Not [RequestHeaderRequestMatcher [expectedHeaderName=X-Requested-With, expectedHeaderValue=XMLHttpRequest]], MediaTypeRequestMatcher [contentNegotiationStrategy=org.springframework.web.accept.ContentNegotiationManager@36453773, matchingMediaTypes=[application/xhtml+xml, image/*, text/html, text/plain], useEquals=false, ignoredMediaTypes=[*/*]]]
2025-03-08 14:13:37.599 [http-nio-8083-exec-5] DEBUG o.s.s.w.a.DelegatingAuthenticationEntryPoint - Trying to match using Or [RequestHeaderRequestMatcher [expectedHeaderName=X-Requested-With, expectedHeaderValue=XMLHttpRequest], And [Not [MediaTypeRequestMatcher [contentNegotiationStrategy=org.springframework.web.accept.ContentNegotiationManager@36453773, matchingMediaTypes=[text/html], useEquals=false, ignoredMediaTypes=[]]], MediaTypeRequestMatcher [contentNegotiationStrategy=org.springframework.web.accept.ContentNegotiationManager@36453773, matchingMediaTypes=[application/atom+xml, application/x-www-form-urlencoded, application/json, application/octet-stream, application/xml, multipart/form-data, text/xml], useEquals=false, ignoredMediaTypes=[*/*]]], MediaTypeRequestMatcher [contentNegotiationStrategy=org.springframework.web.accept.ContentNegotiationManager@36453773, matchingMediaTypes=[*/*], useEquals=true, ignoredMediaTypes=[]]]
2025-03-08 14:13:37.599 [http-nio-8083-exec-5] DEBUG o.s.s.w.a.DelegatingAuthenticationEntryPoint - Match found! Executing org.springframework.security.web.authentication.DelegatingAuthenticationEntryPoint@50caeb4b
2025-03-08 14:13:37.599 [http-nio-8083-exec-5] DEBUG o.s.s.w.a.DelegatingAuthenticationEntryPoint - Trying to match using RequestHeaderRequestMatcher [expectedHeaderName=X-Requested-With, expectedHeaderValue=XMLHttpRequest]
2025-03-08 14:13:37.599 [http-nio-8083-exec-5] DEBUG o.s.s.w.a.DelegatingAuthenticationEntryPoint - No match found. Using default entry point org.springframework.security.web.authentication.www.BasicAuthenticationEntryPoint@6d8d435b
2025-03-08 14:13:39.717 [http-nio-8083-exec-9] DEBUG o.s.security.web.FilterChainProxy - Securing GET /actuator/health
2025-03-08 14:13:39.717 [http-nio-8083-exec-9] DEBUG o.s.s.w.a.AnonymousAuthenticationFilter - Set SecurityContextHolder to anonymous SecurityContext
2025-03-08 14:13:39.717 [http-nio-8083-exec-9] DEBUG o.s.s.w.s.HttpSessionRequestCache - Saved request http://localhost:8083/actuator/health?continue to session
2025-03-08 14:13:39.717 [http-nio-8083-exec-9] DEBUG o.s.s.w.a.DelegatingAuthenticationEntryPoint - Trying to match using And [Not [RequestHeaderRequestMatcher [expectedHeaderName=X-Requested-With, expectedHeaderValue=XMLHttpRequest]], MediaTypeRequestMatcher [contentNegotiationStrategy=org.springframework.web.accept.ContentNegotiationManager@36453773, matchingMediaTypes=[application/xhtml+xml, image/*, text/html, text/plain], useEquals=false, ignoredMediaTypes=[*/*]]]
2025-03-08 14:13:39.717 [http-nio-8083-exec-9] DEBUG o.s.s.w.a.DelegatingAuthenticationEntryPoint - Trying to match using Or [RequestHeaderRequestMatcher [expectedHeaderName=X-Requested-With, expectedHeaderValue=XMLHttpRequest], And [Not [MediaTypeRequestMatcher [contentNegotiationStrategy=org.springframework.web.accept.ContentNegotiationManager@36453773, matchingMediaTypes=[text/html], useEquals=false, ignoredMediaTypes=[]]], MediaTypeRequestMatcher [contentNegotiationStrategy=org.springframework.web.accept.ContentNegotiationManager@36453773, matchingMediaTypes=[application/atom+xml, application/x-www-form-urlencoded, application/json, application/octet-stream, application/xml, multipart/form-data, text/xml], useEquals=false, ignoredMediaTypes=[*/*]]], MediaTypeRequestMatcher [contentNegotiationStrategy=org.springframework.web.accept.ContentNegotiationManager@36453773, matchingMediaTypes=[*/*], useEquals=true, ignoredMediaTypes=[]]]
2025-03-08 14:13:39.717 [http-nio-8083-exec-9] DEBUG o.s.s.w.a.DelegatingAuthenticationEntryPoint - Match found! Executing org.springframework.security.web.authentication.DelegatingAuthenticationEntryPoint@50caeb4b
2025-03-08 14:13:39.717 [http-nio-8083-exec-9] DEBUG o.s.s.w.a.DelegatingAuthenticationEntryPoint - Trying to match using RequestHeaderRequestMatcher [expectedHeaderName=X-Requested-With, expectedHeaderValue=XMLHttpRequest]
2025-03-08 14:13:39.717 [http-nio-8083-exec-9] DEBUG o.s.s.w.a.DelegatingAuthenticationEntryPoint - No match found. Using default entry point org.springframework.security.web.authentication.www.BasicAuthenticationEntryPoint@6d8d435b
2025-03-08 14:13:39.718 [http-nio-8083-exec-9] DEBUG o.s.security.web.FilterChainProxy - Securing GET /error
2025-03-08 14:13:39.718 [http-nio-8083-exec-9] DEBUG o.s.s.w.a.AnonymousAuthenticationFilter - Set SecurityContextHolder to anonymous SecurityContext
2025-03-08 14:13:39.718 [http-nio-8083-exec-9] DEBUG o.s.s.w.s.HttpSessionRequestCache - Saved request http://localhost:8083/error?continue to session
2025-03-08 14:13:39.718 [http-nio-8083-exec-9] DEBUG o.s.s.w.a.DelegatingAuthenticationEntryPoint - Trying to match using And [Not [RequestHeaderRequestMatcher [expectedHeaderName=X-Requested-With, expectedHeaderValue=XMLHttpRequest]], MediaTypeRequestMatcher [contentNegotiationStrategy=org.springframework.web.accept.ContentNegotiationManager@36453773, matchingMediaTypes=[application/xhtml+xml, image/*, text/html, text/plain], useEquals=false, ignoredMediaTypes=[*/*]]]
2025-03-08 14:13:39.718 [http-nio-8083-exec-9] DEBUG o.s.s.w.a.DelegatingAuthenticationEntryPoint - Trying to match using Or [RequestHeaderRequestMatcher [expectedHeaderName=X-Requested-With, expectedHeaderValue=XMLHttpRequest], And [Not [MediaTypeRequestMatcher [contentNegotiationStrategy=org.springframework.web.accept.ContentNegotiationManager@36453773, matchingMediaTypes=[text/html], useEquals=false, ignoredMediaTypes=[]]], MediaTypeRequestMatcher [contentNegotiationStrategy=org.springframework.web.accept.ContentNegotiationManager@36453773, matchingMediaTypes=[application/atom+xml, application/x-www-form-urlencoded, application/json, application/octet-stream, application/xml, multipart/form-data, text/xml], useEquals=false, ignoredMediaTypes=[*/*]]], MediaTypeRequestMatcher [contentNegotiationStrategy=org.springframework.web.accept.ContentNegotiationManager@36453773, matchingMediaTypes=[*/*], useEquals=true, ignoredMediaTypes=[]]]
2025-03-08 14:13:39.718 [http-nio-8083-exec-9] DEBUG o.s.s.w.a.DelegatingAuthenticationEntryPoint - Match found! Executing org.springframework.security.web.authentication.DelegatingAuthenticationEntryPoint@50caeb4b
2025-03-08 14:13:39.718 [http-nio-8083-exec-9] DEBUG o.s.s.w.a.DelegatingAuthenticationEntryPoint - Trying to match using RequestHeaderRequestMatcher [expectedHeaderName=X-Requested-With, expectedHeaderValue=XMLHttpRequest]
2025-03-08 14:13:39.718 [http-nio-8083-exec-9] DEBUG o.s.s.w.a.DelegatingAuthenticationEntryPoint - No match found. Using default entry point org.springframework.security.web.authentication.www.BasicAuthenticationEntryPoint@6d8d435b
2025-03-08 14:13:41.840 [http-nio-8083-exec-1] DEBUG o.s.security.web.FilterChainProxy - Securing GET /actuator/health
2025-03-08 14:13:41.840 [http-nio-8083-exec-1] DEBUG o.s.s.w.a.AnonymousAuthenticationFilter - Set SecurityContextHolder to anonymous SecurityContext
2025-03-08 14:13:41.840 [http-nio-8083-exec-1] DEBUG o.s.s.w.s.HttpSessionRequestCache - Saved request http://localhost:8083/actuator/health?continue to session
2025-03-08 14:13:41.840 [http-nio-8083-exec-1] DEBUG o.s.s.w.a.DelegatingAuthenticationEntryPoint - Trying to match using And [Not [RequestHeaderRequestMatcher [expectedHeaderName=X-Requested-With, expectedHeaderValue=XMLHttpRequest]], MediaTypeRequestMatcher [contentNegotiationStrategy=org.springframework.web.accept.ContentNegotiationManager@36453773, matchingMediaTypes=[application/xhtml+xml, image/*, text/html, text/plain], useEquals=false, ignoredMediaTypes=[*/*]]]
2025-03-08 14:13:41.840 [http-nio-8083-exec-1] DEBUG o.s.s.w.a.DelegatingAuthenticationEntryPoint - Trying to match using Or [RequestHeaderRequestMatcher [expectedHeaderName=X-Requested-With, expectedHeaderValue=XMLHttpRequest], And [Not [MediaTypeRequestMatcher [contentNegotiationStrategy=org.springframework.web.accept.ContentNegotiationManager@36453773, matchingMediaTypes=[text/html], useEquals=false, ignoredMediaTypes=[]]], MediaTypeRequestMatcher [contentNegotiationStrategy=org.springframework.web.accept.ContentNegotiationManager@36453773, matchingMediaTypes=[application/atom+xml, application/x-www-form-urlencoded, application/json, application/octet-stream, application/xml, multipart/form-data, text/xml], useEquals=false, ignoredMediaTypes=[*/*]]], MediaTypeRequestMatcher [contentNegotiationStrategy=org.springframework.web.accept.ContentNegotiationManager@36453773, matchingMediaTypes=[*/*], useEquals=true, ignoredMediaTypes=[]]]
2025-03-08 14:13:41.840 [http-nio-8083-exec-1] DEBUG o.s.s.w.a.DelegatingAuthenticationEntryPoint - Match found! Executing org.springframework.security.web.authentication.DelegatingAuthenticationEntryPoint@50caeb4b
2025-03-08 14:13:41.840 [http-nio-8083-exec-1] DEBUG o.s.s.w.a.DelegatingAuthenticationEntryPoint - Trying to match using RequestHeaderRequestMatcher [expectedHeaderName=X-Requested-With, expectedHeaderValue=XMLHttpRequest]
2025-03-08 14:13:41.840 [http-nio-8083-exec-1] DEBUG o.s.s.w.a.DelegatingAuthenticationEntryPoint - No match found. Using default entry point org.springframework.security.web.authentication.www.BasicAuthenticationEntryPoint@6d8d435b
2025-03-08 14:13:41.841 [http-nio-8083-exec-1] DEBUG o.s.security.web.FilterChainProxy - Securing GET /error
2025-03-08 14:13:41.841 [http-nio-8083-exec-1] DEBUG o.s.s.w.a.AnonymousAuthenticationFilter - Set SecurityContextHolder to anonymous SecurityContext
2025-03-08 14:13:41.841 [http-nio-8083-exec-1] DEBUG o.s.s.w.s.HttpSessionRequestCache - Saved request http://localhost:8083/error?continue to session
2025-03-08 14:13:41.841 [http-nio-8083-exec-1] DEBUG o.s.s.w.a.DelegatingAuthenticationEntryPoint - Trying to match using And [Not [RequestHeaderRequestMatcher [expectedHeaderName=X-Requested-With, expectedHeaderValue=XMLHttpRequest]], MediaTypeRequestMatcher [contentNegotiationStrategy=org.springframework.web.accept.ContentNegotiationManager@36453773, matchingMediaTypes=[application/xhtml+xml, image/*, text/html, text/plain], useEquals=false, ignoredMediaTypes=[*/*]]]
2025-03-08 14:13:41.841 [http-nio-8083-exec-1] DEBUG o.s.s.w.a.DelegatingAuthenticationEntryPoint - Trying to match using Or [RequestHeaderRequestMatcher [expectedHeaderName=X-Requested-With, expectedHeaderValue=XMLHttpRequest], And [Not [MediaTypeRequestMatcher [contentNegotiationStrategy=org.springframework.web.accept.ContentNegotiationManager@36453773, matchingMediaTypes=[text/html], useEquals=false, ignoredMediaTypes=[]]], MediaTypeRequestMatcher [contentNegotiationStrategy=org.springframework.web.accept.ContentNegotiationManager@36453773, matchingMediaTypes=[application/atom+xml, application/x-www-form-urlencoded, application/json, application/octet-stream, application/xml, multipart/form-data, text/xml], useEquals=false, ignoredMediaTypes=[*/*]]], MediaTypeRequestMatcher [contentNegotiationStrategy=org.springframework.web.accept.ContentNegotiationManager@36453773, matchingMediaTypes=[*/*], useEquals=true, ignoredMediaTypes=[]]]
2025-03-08 14:13:41.841 [http-nio-8083-exec-1] DEBUG o.s.s.w.a.DelegatingAuthenticationEntryPoint - Match found! Executing org.springframework.security.web.authentication.DelegatingAuthenticationEntryPoint@50caeb4b
2025-03-08 14:13:41.841 [http-nio-8083-exec-1] DEBUG o.s.s.w.a.DelegatingAuthenticationEntryPoint - Trying to match using RequestHeaderRequestMatcher [expectedHeaderName=X-Requested-With, expectedHeaderValue=XMLHttpRequest]
2025-03-08 14:13:41.841 [http-nio-8083-exec-1] DEBUG o.s.s.w.a.DelegatingAuthenticationEntryPoint - No match found. Using default entry point org.springframework.security.web.authentication.www.BasicAuthenticationEntryPoint@6d8d435b
2025-03-08 14:13:43.961 [http-nio-8083-exec-4] DEBUG o.s.security.web.FilterChainProxy - Securing GET /actuator/health
2025-03-08 14:13:43.961 [http-nio-8083-exec-4] DEBUG o.s.s.w.a.AnonymousAuthenticationFilter - Set SecurityContextHolder to anonymous SecurityContext
2025-03-08 14:13:43.961 [http-nio-8083-exec-4] DEBUG o.s.s.w.s.HttpSessionRequestCache - Saved request http://localhost:8083/actuator/health?continue to session
2025-03-08 14:13:43.961 [http-nio-8083-exec-4] DEBUG o.s.s.w.a.DelegatingAuthenticationEntryPoint - Trying to match using And [Not [RequestHeaderRequestMatcher [expectedHeaderName=X-Requested-With, expectedHeaderValue=XMLHttpRequest]], MediaTypeRequestMatcher [contentNegotiationStrategy=org.springframework.web.accept.ContentNegotiationManager@36453773, matchingMediaTypes=[application/xhtml+xml, image/*, text/html, text/plain], useEquals=false, ignoredMediaTypes=[*/*]]]
2025-03-08 14:13:43.961 [http-nio-8083-exec-4] DEBUG o.s.s.w.a.DelegatingAuthenticationEntryPoint - Trying to match using Or [RequestHeaderRequestMatcher [expectedHeaderName=X-Requested-With, expectedHeaderValue=XMLHttpRequest], And [Not [MediaTypeRequestMatcher [contentNegotiationStrategy=org.springframework.web.accept.ContentNegotiationManager@36453773, matchingMediaTypes=[text/html], useEquals=false, ignoredMediaTypes=[]]], MediaTypeRequestMatcher [contentNegotiationStrategy=org.springframework.web.accept.ContentNegotiationManager@36453773, matchingMediaTypes=[application/atom+xml, application/x-www-form-urlencoded, application/json, application/octet-stream, application/xml, multipart/form-data, text/xml], useEquals=false, ignoredMediaTypes=[*/*]]], MediaTypeRequestMatcher [contentNegotiationStrategy=org.springframework.web.accept.ContentNegotiationManager@36453773, matchingMediaTypes=[*/*], useEquals=true, ignoredMediaTypes=[]]]
2025-03-08 14:13:43.961 [http-nio-8083-exec-4] DEBUG o.s.s.w.a.DelegatingAuthenticationEntryPoint - Match found! Executing org.springframework.security.web.authentication.DelegatingAuthenticationEntryPoint@50caeb4b
2025-03-08 14:13:43.961 [http-nio-8083-exec-4] DEBUG o.s.s.w.a.DelegatingAuthenticationEntryPoint - Trying to match using RequestHeaderRequestMatcher [expectedHeaderName=X-Requested-With, expectedHeaderValue=XMLHttpRequest]
2025-03-08 14:13:43.961 [http-nio-8083-exec-4] DEBUG o.s.s.w.a.DelegatingAuthenticationEntryPoint - No match found. Using default entry point org.springframework.security.web.authentication.www.BasicAuthenticationEntryPoint@6d8d435b
2025-03-08 14:13:43.962 [http-nio-8083-exec-4] DEBUG o.s.security.web.FilterChainProxy - Securing GET /error
2025-03-08 14:13:43.962 [http-nio-8083-exec-4] DEBUG o.s.s.w.a.AnonymousAuthenticationFilter - Set SecurityContextHolder to anonymous SecurityContext
2025-03-08 14:13:43.962 [http-nio-8083-exec-4] DEBUG o.s.s.w.s.HttpSessionRequestCache - Saved request http://localhost:8083/error?continue to session
2025-03-08 14:13:43.962 [http-nio-8083-exec-4] DEBUG o.s.s.w.a.DelegatingAuthenticationEntryPoint - Trying to match using And [Not [RequestHeaderRequestMatcher [expectedHeaderName=X-Requested-With, expectedHeaderValue=XMLHttpRequest]], MediaTypeRequestMatcher [contentNegotiationStrategy=org.springframework.web.accept.ContentNegotiationManager@36453773, matchingMediaTypes=[application/xhtml+xml, image/*, text/html, text/plain], useEquals=false, ignoredMediaTypes=[*/*]]]
2025-03-08 14:13:43.962 [http-nio-8083-exec-4] DEBUG o.s.s.w.a.DelegatingAuthenticationEntryPoint - Trying to match using Or [RequestHeaderRequestMatcher [expectedHeaderName=X-Requested-With, expectedHeaderValue=XMLHttpRequest], And [Not [MediaTypeRequestMatcher [contentNegotiationStrategy=org.springframework.web.accept.ContentNegotiationManager@36453773, matchingMediaTypes=[text/html], useEquals=false, ignoredMediaTypes=[]]], MediaTypeRequestMatcher [contentNegotiationStrategy=org.springframework.web.accept.ContentNegotiationManager@36453773, matchingMediaTypes=[application/atom+xml, application/x-www-form-urlencoded, application/json, application/octet-stream, application/xml, multipart/form-data, text/xml], useEquals=false, ignoredMediaTypes=[*/*]]], MediaTypeRequestMatcher [contentNegotiationStrategy=org.springframework.web.accept.ContentNegotiationManager@36453773, matchingMediaTypes=[*/*], useEquals=true, ignoredMediaTypes=[]]]
2025-03-08 14:13:43.962 [http-nio-8083-exec-4] DEBUG o.s.s.w.a.DelegatingAuthenticationEntryPoint - Match found! Executing org.springframework.security.web.authentication.DelegatingAuthenticationEntryPoint@50caeb4b
2025-03-08 14:13:43.962 [http-nio-8083-exec-4] DEBUG o.s.s.w.a.DelegatingAuthenticationEntryPoint - Trying to match using RequestHeaderRequestMatcher [expectedHeaderName=X-Requested-With, expectedHeaderValue=XMLHttpRequest]
2025-03-08 14:13:43.962 [http-nio-8083-exec-4] DEBUG o.s.s.w.a.DelegatingAuthenticationEntryPoint - No match found. Using default entry point org.springframework.security.web.authentication.www.BasicAuthenticationEntryPoint@6d8d435b
2025-03-08 14:13:46.095 [http-nio-8083-exec-10] DEBUG o.s.security.web.FilterChainProxy - Securing GET /actuator/health
2025-03-08 14:13:46.095 [http-nio-8083-exec-10] DEBUG o.s.s.w.a.AnonymousAuthenticationFilter - Set SecurityContextHolder to anonymous SecurityContext
2025-03-08 14:13:46.096 [http-nio-8083-exec-10] DEBUG o.s.s.w.s.HttpSessionRequestCache - Saved request http://localhost:8083/actuator/health?continue to session
2025-03-08 14:13:46.096 [http-nio-8083-exec-10] DEBUG o.s.s.w.a.DelegatingAuthenticationEntryPoint - Trying to match using And [Not [RequestHeaderRequestMatcher [expectedHeaderName=X-Requested-With, expectedHeaderValue=XMLHttpRequest]], MediaTypeRequestMatcher [contentNegotiationStrategy=org.springframework.web.accept.ContentNegotiationManager@36453773, matchingMediaTypes=[application/xhtml+xml, image/*, text/html, text/plain], useEquals=false, ignoredMediaTypes=[*/*]]]
2025-03-08 14:13:46.096 [http-nio-8083-exec-10] DEBUG o.s.s.w.a.DelegatingAuthenticationEntryPoint - Trying to match using Or [RequestHeaderRequestMatcher [expectedHeaderName=X-Requested-With, expectedHeaderValue=XMLHttpRequest], And [Not [MediaTypeRequestMatcher [contentNegotiationStrategy=org.springframework.web.accept.ContentNegotiationManager@36453773, matchingMediaTypes=[text/html], useEquals=false, ignoredMediaTypes=[]]], MediaTypeRequestMatcher [contentNegotiationStrategy=org.springframework.web.accept.ContentNegotiationManager@36453773, matchingMediaTypes=[application/atom+xml, application/x-www-form-urlencoded, application/json, application/octet-stream, application/xml, multipart/form-data, text/xml], useEquals=false, ignoredMediaTypes=[*/*]]], MediaTypeRequestMatcher [contentNegotiationStrategy=org.springframework.web.accept.ContentNegotiationManager@36453773, matchingMediaTypes=[*/*], useEquals=true, ignoredMediaTypes=[]]]
2025-03-08 14:13:46.096 [http-nio-8083-exec-10] DEBUG o.s.s.w.a.DelegatingAuthenticationEntryPoint - Match found! Executing org.springframework.security.web.authentication.DelegatingAuthenticationEntryPoint@50caeb4b
2025-03-08 14:13:46.096 [http-nio-8083-exec-10] DEBUG o.s.s.w.a.DelegatingAuthenticationEntryPoint - Trying to match using RequestHeaderRequestMatcher [expectedHeaderName=X-Requested-With, expectedHeaderValue=XMLHttpRequest]
2025-03-08 14:13:46.096 [http-nio-8083-exec-10] DEBUG o.s.s.w.a.DelegatingAuthenticationEntryPoint - No match found. Using default entry point org.springframework.security.web.authentication.www.BasicAuthenticationEntryPoint@6d8d435b
2025-03-08 14:13:46.096 [http-nio-8083-exec-10] DEBUG o.s.security.web.FilterChainProxy - Securing GET /error
2025-03-08 14:13:46.096 [http-nio-8083-exec-10] DEBUG o.s.s.w.a.AnonymousAuthenticationFilter - Set SecurityContextHolder to anonymous SecurityContext
2025-03-08 14:13:46.097 [http-nio-8083-exec-10] DEBUG o.s.s.w.s.HttpSessionRequestCache - Saved request http://localhost:8083/error?continue to session
2025-03-08 14:13:46.097 [http-nio-8083-exec-10] DEBUG o.s.s.w.a.DelegatingAuthenticationEntryPoint - Trying to match using And [Not [RequestHeaderRequestMatcher [expectedHeaderName=X-Requested-With, expectedHeaderValue=XMLHttpRequest]], MediaTypeRequestMatcher [contentNegotiationStrategy=org.springframework.web.accept.ContentNegotiationManager@36453773, matchingMediaTypes=[application/xhtml+xml, image/*, text/html, text/plain], useEquals=false, ignoredMediaTypes=[*/*]]]
2025-03-08 14:13:46.097 [http-nio-8083-exec-10] DEBUG o.s.s.w.a.DelegatingAuthenticationEntryPoint - Trying to match using Or [RequestHeaderRequestMatcher [expectedHeaderName=X-Requested-With, expectedHeaderValue=XMLHttpRequest], And [Not [MediaTypeRequestMatcher [contentNegotiationStrategy=org.springframework.web.accept.ContentNegotiationManager@36453773, matchingMediaTypes=[text/html], useEquals=false, ignoredMediaTypes=[]]], MediaTypeRequestMatcher [contentNegotiationStrategy=org.springframework.web.accept.ContentNegotiationManager@36453773, matchingMediaTypes=[application/atom+xml, application/x-www-form-urlencoded, application/json, application/octet-stream, application/xml, multipart/form-data, text/xml], useEquals=false, ignoredMediaTypes=[*/*]]], MediaTypeRequestMatcher [contentNegotiationStrategy=org.springframework.web.accept.ContentNegotiationManager@36453773, matchingMediaTypes=[*/*], useEquals=true, ignoredMediaTypes=[]]]
2025-03-08 14:13:46.097 [http-nio-8083-exec-10] DEBUG o.s.s.w.a.DelegatingAuthenticationEntryPoint - Match found! Executing org.springframework.security.web.authentication.DelegatingAuthenticationEntryPoint@50caeb4b
2025-03-08 14:13:46.097 [http-nio-8083-exec-10] DEBUG o.s.s.w.a.DelegatingAuthenticationEntryPoint - Trying to match using RequestHeaderRequestMatcher [expectedHeaderName=X-Requested-With, expectedHeaderValue=XMLHttpRequest]
2025-03-08 14:13:46.097 [http-nio-8083-exec-10] DEBUG o.s.s.w.a.DelegatingAuthenticationEntryPoint - No match found. Using default entry point org.springframework.security.web.authentication.www.BasicAuthenticationEntryPoint@6d8d435b
2025-03-08 14:13:46.350 [MessageBroker-1] INFO  o.s.w.s.c.WebSocketMessageBrokerStats - WebSocketSession[0 current WS(0)-HttpStream(0)-HttpPoll(0), 0 total, 0 closed abnormally (0 connect failure, 0 send limit, 0 transport error)], stompSubProtocol[processed CONNECT(0)-CONNECTED(0)-DISCONNECT(0)], stompBrokerRelay[null], inboundChannel[pool size = 0, active threads = 0, queued tasks = 0, completed tasks = 0], outboundChannel[pool size = 0, active threads = 0, queued tasks = 0, completed tasks = 0], sockJsScheduler[pool size = 1, active threads = 1, queued tasks = 0, completed tasks = 0]
2025-03-08 14:15:30.010 [http-nio-8083-exec-5] DEBUG o.s.security.web.FilterChainProxy - Securing GET /actuator/health
2025-03-08 14:15:30.010 [http-nio-8083-exec-5] DEBUG o.s.s.w.a.AnonymousAuthenticationFilter - Set SecurityContextHolder to anonymous SecurityContext
2025-03-08 14:15:30.010 [http-nio-8083-exec-5] DEBUG o.s.s.w.s.HttpSessionRequestCache - Saved request http://localhost:8083/actuator/health?continue to session
2025-03-08 14:15:30.010 [http-nio-8083-exec-5] DEBUG o.s.s.w.a.DelegatingAuthenticationEntryPoint - Trying to match using And [Not [RequestHeaderRequestMatcher [expectedHeaderName=X-Requested-With, expectedHeaderValue=XMLHttpRequest]], MediaTypeRequestMatcher [contentNegotiationStrategy=org.springframework.web.accept.ContentNegotiationManager@36453773, matchingMediaTypes=[application/xhtml+xml, image/*, text/html, text/plain], useEquals=false, ignoredMediaTypes=[*/*]]]
2025-03-08 14:15:30.010 [http-nio-8083-exec-5] DEBUG o.s.s.w.a.DelegatingAuthenticationEntryPoint - Trying to match using Or [RequestHeaderRequestMatcher [expectedHeaderName=X-Requested-With, expectedHeaderValue=XMLHttpRequest], And [Not [MediaTypeRequestMatcher [contentNegotiationStrategy=org.springframework.web.accept.ContentNegotiationManager@36453773, matchingMediaTypes=[text/html], useEquals=false, ignoredMediaTypes=[]]], MediaTypeRequestMatcher [contentNegotiationStrategy=org.springframework.web.accept.ContentNegotiationManager@36453773, matchingMediaTypes=[application/atom+xml, application/x-www-form-urlencoded, application/json, application/octet-stream, application/xml, multipart/form-data, text/xml], useEquals=false, ignoredMediaTypes=[*/*]]], MediaTypeRequestMatcher [contentNegotiationStrategy=org.springframework.web.accept.ContentNegotiationManager@36453773, matchingMediaTypes=[*/*], useEquals=true, ignoredMediaTypes=[]]]
2025-03-08 14:15:30.010 [http-nio-8083-exec-5] DEBUG o.s.s.w.a.DelegatingAuthenticationEntryPoint - Match found! Executing org.springframework.security.web.authentication.DelegatingAuthenticationEntryPoint@50caeb4b
2025-03-08 14:15:30.010 [http-nio-8083-exec-5] DEBUG o.s.s.w.a.DelegatingAuthenticationEntryPoint - Trying to match using RequestHeaderRequestMatcher [expectedHeaderName=X-Requested-With, expectedHeaderValue=XMLHttpRequest]
2025-03-08 14:15:30.010 [http-nio-8083-exec-5] DEBUG o.s.s.w.a.DelegatingAuthenticationEntryPoint - No match found. Using default entry point org.springframework.security.web.authentication.www.BasicAuthenticationEntryPoint@6d8d435b
2025-03-08 14:15:30.011 [http-nio-8083-exec-5] DEBUG o.s.security.web.FilterChainProxy - Securing GET /error
2025-03-08 14:15:30.011 [http-nio-8083-exec-5] DEBUG o.s.s.w.a.AnonymousAuthenticationFilter - Set SecurityContextHolder to anonymous SecurityContext
2025-03-08 14:15:30.011 [http-nio-8083-exec-5] DEBUG o.s.s.w.s.HttpSessionRequestCache - Saved request http://localhost:8083/error?continue to session
2025-03-08 14:15:30.011 [http-nio-8083-exec-5] DEBUG o.s.s.w.a.DelegatingAuthenticationEntryPoint - Trying to match using And [Not [RequestHeaderRequestMatcher [expectedHeaderName=X-Requested-With, expectedHeaderValue=XMLHttpRequest]], MediaTypeRequestMatcher [contentNegotiationStrategy=org.springframework.web.accept.ContentNegotiationManager@36453773, matchingMediaTypes=[application/xhtml+xml, image/*, text/html, text/plain], useEquals=false, ignoredMediaTypes=[*/*]]]
2025-03-08 14:15:30.011 [http-nio-8083-exec-5] DEBUG o.s.s.w.a.DelegatingAuthenticationEntryPoint - Trying to match using Or [RequestHeaderRequestMatcher [expectedHeaderName=X-Requested-With, expectedHeaderValue=XMLHttpRequest], And [Not [MediaTypeRequestMatcher [contentNegotiationStrategy=org.springframework.web.accept.ContentNegotiationManager@36453773, matchingMediaTypes=[text/html], useEquals=false, ignoredMediaTypes=[]]], MediaTypeRequestMatcher [contentNegotiationStrategy=org.springframework.web.accept.ContentNegotiationManager@36453773, matchingMediaTypes=[application/atom+xml, application/x-www-form-urlencoded, application/json, application/octet-stream, application/xml, multipart/form-data, text/xml], useEquals=false, ignoredMediaTypes=[*/*]]], MediaTypeRequestMatcher [contentNegotiationStrategy=org.springframework.web.accept.ContentNegotiationManager@36453773, matchingMediaTypes=[*/*], useEquals=true, ignoredMediaTypes=[]]]
2025-03-08 14:15:30.011 [http-nio-8083-exec-5] DEBUG o.s.s.w.a.DelegatingAuthenticationEntryPoint - Match found! Executing org.springframework.security.web.authentication.DelegatingAuthenticationEntryPoint@50caeb4b
2025-03-08 14:15:30.011 [http-nio-8083-exec-5] DEBUG o.s.s.w.a.DelegatingAuthenticationEntryPoint - Trying to match using RequestHeaderRequestMatcher [expectedHeaderName=X-Requested-With, expectedHeaderValue=XMLHttpRequest]
2025-03-08 14:15:30.011 [http-nio-8083-exec-5] DEBUG o.s.s.w.a.DelegatingAuthenticationEntryPoint - No match found. Using default entry point org.springframework.security.web.authentication.www.BasicAuthenticationEntryPoint@6d8d435b
2025-03-08 14:15:30.978 [main] INFO  com.chatapp.RealtimeChatApplication - Starting RealtimeChatApplication v0.0.1-SNAPSHOT using Java 21.0.6 with PID 8920 (D:\jetbrains\cursor\real-time-app\backend\target\realtime-chat-0.0.1-SNAPSHOT.jar started by lenovo in D:\jetbrains\cursor\real-time-app\backend)
2025-03-08 14:15:30.982 [main] INFO  com.chatapp.RealtimeChatApplication - The following 1 profile is active: "prod"
2025-03-08 14:15:31.665 [main] INFO  o.s.d.r.c.RepositoryConfigurationDelegate - Bootstrapping Spring Data JPA repositories in DEFAULT mode.
2025-03-08 14:15:31.681 [main] INFO  o.s.d.r.c.RepositoryConfigurationDelegate - Finished Spring Data repository scanning in 10 ms. Found 0 JPA repository interfaces.
2025-03-08 14:15:32.133 [http-nio-8083-exec-9] DEBUG o.s.security.web.FilterChainProxy - Securing GET /actuator/health
2025-03-08 14:15:32.133 [http-nio-8083-exec-9] DEBUG o.s.s.w.a.AnonymousAuthenticationFilter - Set SecurityContextHolder to anonymous SecurityContext
2025-03-08 14:15:32.133 [http-nio-8083-exec-9] DEBUG o.s.s.w.s.HttpSessionRequestCache - Saved request http://localhost:8083/actuator/health?continue to session
2025-03-08 14:15:32.134 [http-nio-8083-exec-9] DEBUG o.s.s.w.a.DelegatingAuthenticationEntryPoint - Trying to match using And [Not [RequestHeaderRequestMatcher [expectedHeaderName=X-Requested-With, expectedHeaderValue=XMLHttpRequest]], MediaTypeRequestMatcher [contentNegotiationStrategy=org.springframework.web.accept.ContentNegotiationManager@36453773, matchingMediaTypes=[application/xhtml+xml, image/*, text/html, text/plain], useEquals=false, ignoredMediaTypes=[*/*]]]
2025-03-08 14:15:32.134 [http-nio-8083-exec-9] DEBUG o.s.s.w.a.DelegatingAuthenticationEntryPoint - Trying to match using Or [RequestHeaderRequestMatcher [expectedHeaderName=X-Requested-With, expectedHeaderValue=XMLHttpRequest], And [Not [MediaTypeRequestMatcher [contentNegotiationStrategy=org.springframework.web.accept.ContentNegotiationManager@36453773, matchingMediaTypes=[text/html], useEquals=false, ignoredMediaTypes=[]]], MediaTypeRequestMatcher [contentNegotiationStrategy=org.springframework.web.accept.ContentNegotiationManager@36453773, matchingMediaTypes=[application/atom+xml, application/x-www-form-urlencoded, application/json, application/octet-stream, application/xml, multipart/form-data, text/xml], useEquals=false, ignoredMediaTypes=[*/*]]], MediaTypeRequestMatcher [contentNegotiationStrategy=org.springframework.web.accept.ContentNegotiationManager@36453773, matchingMediaTypes=[*/*], useEquals=true, ignoredMediaTypes=[]]]
2025-03-08 14:15:32.134 [http-nio-8083-exec-9] DEBUG o.s.s.w.a.DelegatingAuthenticationEntryPoint - Match found! Executing org.springframework.security.web.authentication.DelegatingAuthenticationEntryPoint@50caeb4b
2025-03-08 14:15:32.134 [http-nio-8083-exec-9] DEBUG o.s.s.w.a.DelegatingAuthenticationEntryPoint - Trying to match using RequestHeaderRequestMatcher [expectedHeaderName=X-Requested-With, expectedHeaderValue=XMLHttpRequest]
2025-03-08 14:15:32.134 [http-nio-8083-exec-9] DEBUG o.s.s.w.a.DelegatingAuthenticationEntryPoint - No match found. Using default entry point org.springframework.security.web.authentication.www.BasicAuthenticationEntryPoint@6d8d435b
2025-03-08 14:15:32.134 [http-nio-8083-exec-9] DEBUG o.s.security.web.FilterChainProxy - Securing GET /error
2025-03-08 14:15:32.134 [http-nio-8083-exec-9] DEBUG o.s.s.w.a.AnonymousAuthenticationFilter - Set SecurityContextHolder to anonymous SecurityContext
2025-03-08 14:15:32.135 [http-nio-8083-exec-9] DEBUG o.s.s.w.s.HttpSessionRequestCache - Saved request http://localhost:8083/error?continue to session
2025-03-08 14:15:32.135 [http-nio-8083-exec-9] DEBUG o.s.s.w.a.DelegatingAuthenticationEntryPoint - Trying to match using And [Not [RequestHeaderRequestMatcher [expectedHeaderName=X-Requested-With, expectedHeaderValue=XMLHttpRequest]], MediaTypeRequestMatcher [contentNegotiationStrategy=org.springframework.web.accept.ContentNegotiationManager@36453773, matchingMediaTypes=[application/xhtml+xml, image/*, text/html, text/plain], useEquals=false, ignoredMediaTypes=[*/*]]]
2025-03-08 14:15:32.135 [http-nio-8083-exec-9] DEBUG o.s.s.w.a.DelegatingAuthenticationEntryPoint - Trying to match using Or [RequestHeaderRequestMatcher [expectedHeaderName=X-Requested-With, expectedHeaderValue=XMLHttpRequest], And [Not [MediaTypeRequestMatcher [contentNegotiationStrategy=org.springframework.web.accept.ContentNegotiationManager@36453773, matchingMediaTypes=[text/html], useEquals=false, ignoredMediaTypes=[]]], MediaTypeRequestMatcher [contentNegotiationStrategy=org.springframework.web.accept.ContentNegotiationManager@36453773, matchingMediaTypes=[application/atom+xml, application/x-www-form-urlencoded, application/json, application/octet-stream, application/xml, multipart/form-data, text/xml], useEquals=false, ignoredMediaTypes=[*/*]]], MediaTypeRequestMatcher [contentNegotiationStrategy=org.springframework.web.accept.ContentNegotiationManager@36453773, matchingMediaTypes=[*/*], useEquals=true, ignoredMediaTypes=[]]]
2025-03-08 14:15:32.135 [http-nio-8083-exec-9] DEBUG o.s.s.w.a.DelegatingAuthenticationEntryPoint - Match found! Executing org.springframework.security.web.authentication.DelegatingAuthenticationEntryPoint@50caeb4b
2025-03-08 14:15:32.135 [http-nio-8083-exec-9] DEBUG o.s.s.w.a.DelegatingAuthenticationEntryPoint - Trying to match using RequestHeaderRequestMatcher [expectedHeaderName=X-Requested-With, expectedHeaderValue=XMLHttpRequest]
2025-03-08 14:15:32.135 [http-nio-8083-exec-9] DEBUG o.s.s.w.a.DelegatingAuthenticationEntryPoint - No match found. Using default entry point org.springframework.security.web.authentication.www.BasicAuthenticationEntryPoint@6d8d435b
2025-03-08 14:15:32.243 [main] INFO  o.s.b.w.e.tomcat.TomcatWebServer - Tomcat initialized with port 8083 (http)
2025-03-08 14:15:32.250 [main] INFO  o.a.coyote.http11.Http11NioProtocol - Initializing ProtocolHandler ["http-nio-8083"]
2025-03-08 14:15:32.252 [main] INFO  o.a.catalina.core.StandardService - Starting service [Tomcat]
2025-03-08 14:15:32.252 [main] INFO  o.a.catalina.core.StandardEngine - Starting Servlet engine: [Apache Tomcat/10.1.19]
2025-03-08 14:15:32.278 [main] INFO  o.a.c.c.C.[Tomcat].[localhost].[/] - Initializing Spring embedded WebApplicationContext
2025-03-08 14:15:32.279 [main] INFO  o.s.b.w.s.c.ServletWebServerApplicationContext - Root WebApplicationContext: initialization completed in 1236 ms
2025-03-08 14:15:32.489 [main] INFO  o.h.jpa.internal.util.LogHelper - HHH000204: Processing PersistenceUnitInfo [name: default]
2025-03-08 14:15:32.610 [main] INFO  org.hibernate.Version - HHH000412: Hibernate ORM core version 6.4.4.Final
2025-03-08 14:15:32.654 [main] INFO  o.h.c.i.RegionFactoryInitiator - HHH000026: Second-level cache disabled
2025-03-08 14:15:32.841 [main] INFO  o.s.o.j.p.SpringPersistenceUnitInfo - No LoadTimeWeaver setup: ignoring JPA class transformer
2025-03-08 14:15:32.871 [main] INFO  com.zaxxer.hikari.HikariDataSource - HikariPool-1 - Starting...
2025-03-08 14:15:34.028 [main] ERROR com.zaxxer.hikari.pool.HikariPool - HikariPool-1 - Exception during pool initialization.
org.h2.jdbc.JdbcSQLNonTransientConnectionException: Database may be already in use: "D:/jetbrains/cursor/real-time-app/backend/data/chatapp.mv.db". Possible solutions: close all other connection(s); use the server mode [90020-224]
	at org.h2.message.DbException.getJdbcSQLException(DbException.java:690)
	at org.h2.message.DbException.getJdbcSQLException(DbException.java:489)
	at org.h2.message.DbException.get(DbException.java:212)
	at org.h2.mvstore.db.Store.convertMVStoreException(Store.java:165)
	at org.h2.mvstore.db.Store.<init>(Store.java:142)
	at org.h2.engine.Database.<init>(Database.java:326)
	at org.h2.engine.Engine.openSession(Engine.java:92)
	at org.h2.engine.Engine.openSession(Engine.java:222)
	at org.h2.engine.Engine.createSession(Engine.java:201)
	at org.h2.engine.SessionRemote.connectEmbeddedOrServer(SessionRemote.java:343)
	at org.h2.jdbc.JdbcConnection.<init>(JdbcConnection.java:125)
	at org.h2.Driver.connect(Driver.java:59)
	at com.zaxxer.hikari.util.DriverDataSource.getConnection(DriverDataSource.java:138)
	at com.zaxxer.hikari.pool.PoolBase.newConnection(PoolBase.java:359)
	at com.zaxxer.hikari.pool.PoolBase.newPoolEntry(PoolBase.java:201)
	at com.zaxxer.hikari.pool.HikariPool.createPoolEntry(HikariPool.java:470)
	at com.zaxxer.hikari.pool.HikariPool.checkFailFast(HikariPool.java:561)
	at com.zaxxer.hikari.pool.HikariPool.<init>(HikariPool.java:100)
	at com.zaxxer.hikari.HikariDataSource.getConnection(HikariDataSource.java:112)
	at org.hibernate.engine.jdbc.connections.internal.DatasourceConnectionProviderImpl.getConnection(DatasourceConnectionProviderImpl.java:122)
	at org.hibernate.engine.jdbc.env.internal.JdbcEnvironmentInitiator$ConnectionProviderJdbcConnectionAccess.obtainConnection(JdbcEnvironmentInitiator.java:428)
	at org.hibernate.resource.transaction.backend.jdbc.internal.JdbcIsolationDelegate.delegateWork(JdbcIsolationDelegate.java:61)
	at org.hibernate.engine.jdbc.env.internal.JdbcEnvironmentInitiator.getJdbcEnvironmentUsingJdbcMetadata(JdbcEnvironmentInitiator.java:276)
	at org.hibernate.engine.jdbc.env.internal.JdbcEnvironmentInitiator.initiateService(JdbcEnvironmentInitiator.java:107)
	at org.hibernate.engine.jdbc.env.internal.JdbcEnvironmentInitiator.initiateService(JdbcEnvironmentInitiator.java:68)
	at org.hibernate.boot.registry.internal.StandardServiceRegistryImpl.initiateService(StandardServiceRegistryImpl.java:130)
	at org.hibernate.service.internal.AbstractServiceRegistryImpl.createService(AbstractServiceRegistryImpl.java:263)
	at org.hibernate.service.internal.AbstractServiceRegistryImpl.initializeService(AbstractServiceRegistryImpl.java:238)
	at org.hibernate.service.internal.AbstractServiceRegistryImpl.getService(AbstractServiceRegistryImpl.java:215)
	at org.hibernate.boot.model.relational.Database.<init>(Database.java:45)
	at org.hibernate.boot.internal.InFlightMetadataCollectorImpl.getDatabase(InFlightMetadataCollectorImpl.java:223)
	at org.hibernate.boot.internal.InFlightMetadataCollectorImpl.<init>(InFlightMetadataCollectorImpl.java:191)
	at org.hibernate.boot.model.process.spi.MetadataBuildingProcess.complete(MetadataBuildingProcess.java:170)
	at org.hibernate.jpa.boot.internal.EntityManagerFactoryBuilderImpl.metadata(EntityManagerFactoryBuilderImpl.java:1432)
	at org.hibernate.jpa.boot.internal.EntityManagerFactoryBuilderImpl.build(EntityManagerFactoryBuilderImpl.java:1503)
	at org.springframework.orm.jpa.vendor.SpringHibernateJpaPersistenceProvider.createContainerEntityManagerFactory(SpringHibernateJpaPersistenceProvider.java:75)
	at org.springframework.orm.jpa.LocalContainerEntityManagerFactoryBean.createNativeEntityManagerFactory(LocalContainerEntityManagerFactoryBean.java:388)
	at org.springframework.orm.jpa.AbstractEntityManagerFactoryBean.buildNativeEntityManagerFactory(AbstractEntityManagerFactoryBean.java:409)
	at org.springframework.orm.jpa.AbstractEntityManagerFactoryBean.afterPropertiesSet(AbstractEntityManagerFactoryBean.java:396)
	at org.springframework.orm.jpa.LocalContainerEntityManagerFactoryBean.afterPropertiesSet(LocalContainerEntityManagerFactoryBean.java:364)
	at org.springframework.beans.factory.support.AbstractAutowireCapableBeanFactory.invokeInitMethods(AbstractAutowireCapableBeanFactory.java:1833)
	at org.springframework.beans.factory.support.AbstractAutowireCapableBeanFactory.initializeBean(AbstractAutowireCapableBeanFactory.java:1782)
	at org.springframework.beans.factory.support.AbstractAutowireCapableBeanFactory.doCreateBean(AbstractAutowireCapableBeanFactory.java:600)
	at org.springframework.beans.factory.support.AbstractAutowireCapableBeanFactory.createBean(AbstractAutowireCapableBeanFactory.java:522)
	at org.springframework.beans.factory.support.AbstractBeanFactory.lambda$doGetBean$0(AbstractBeanFactory.java:325)
	at org.springframework.beans.factory.support.DefaultSingletonBeanRegistry.getSingleton(DefaultSingletonBeanRegistry.java:234)
	at org.springframework.beans.factory.support.AbstractBeanFactory.doGetBean(AbstractBeanFactory.java:323)
	at org.springframework.beans.factory.support.AbstractBeanFactory.getBean(AbstractBeanFactory.java:199)
	at org.springframework.context.support.AbstractApplicationContext.getBean(AbstractApplicationContext.java:1231)
	at org.springframework.context.support.AbstractApplicationContext.finishBeanFactoryInitialization(AbstractApplicationContext.java:949)
	at org.springframework.context.support.AbstractApplicationContext.refresh(AbstractApplicationContext.java:624)
	at org.springframework.boot.web.servlet.context.ServletWebServerApplicationContext.refresh(ServletWebServerApplicationContext.java:146)
	at org.springframework.boot.SpringApplication.refresh(SpringApplication.java:754)
	at org.springframework.boot.SpringApplication.refreshContext(SpringApplication.java:456)
	at org.springframework.boot.SpringApplication.run(SpringApplication.java:334)
	at org.springframework.boot.SpringApplication.run(SpringApplication.java:1354)
	at org.springframework.boot.SpringApplication.run(SpringApplication.java:1343)
	at com.chatapp.RealtimeChatApplication.main(RealtimeChatApplication.java:10)
	at java.base/jdk.internal.reflect.DirectMethodHandleAccessor.invoke(DirectMethodHandleAccessor.java:103)
	at java.base/java.lang.reflect.Method.invoke(Method.java:580)
	at org.springframework.boot.loader.launch.Launcher.launch(Launcher.java:91)
	at org.springframework.boot.loader.launch.Launcher.launch(Launcher.java:53)
	at org.springframework.boot.loader.launch.JarLauncher.main(JarLauncher.java:58)
Caused by: org.h2.mvstore.MVStoreException: The file is locked: D:/jetbrains/cursor/real-time-app/backend/data/chatapp.mv.db [2.2.224/7]
	at org.h2.mvstore.DataUtils.newMVStoreException(DataUtils.java:996)
	at org.h2.mvstore.SingleFileStore.lockFileChannel(SingleFileStore.java:143)
	at org.h2.mvstore.SingleFileStore.open(SingleFileStore.java:117)
	at org.h2.mvstore.SingleFileStore.open(SingleFileStore.java:81)
	at org.h2.mvstore.MVStore.<init>(MVStore.java:286)
	at org.h2.mvstore.MVStore$Builder.open(MVStore.java:2035)
	at org.h2.mvstore.db.Store.<init>(Store.java:133)
	... 58 common frames omitted
2025-03-08 14:15:34.030 [main] WARN  o.h.e.j.e.i.JdbcEnvironmentInitiator - HHH000342: Could not obtain connection to query metadata
java.lang.NullPointerException: Cannot invoke "org.hibernate.engine.jdbc.spi.SqlExceptionHelper.convert(java.sql.SQLException, String)" because the return value of "org.hibernate.resource.transaction.backend.jdbc.internal.JdbcIsolationDelegate.sqlExceptionHelper()" is null
	at org.hibernate.resource.transaction.backend.jdbc.internal.JdbcIsolationDelegate.delegateWork(JdbcIsolationDelegate.java:116)
	at org.hibernate.engine.jdbc.env.internal.JdbcEnvironmentInitiator.getJdbcEnvironmentUsingJdbcMetadata(JdbcEnvironmentInitiator.java:276)
	at org.hibernate.engine.jdbc.env.internal.JdbcEnvironmentInitiator.initiateService(JdbcEnvironmentInitiator.java:107)
	at org.hibernate.engine.jdbc.env.internal.JdbcEnvironmentInitiator.initiateService(JdbcEnvironmentInitiator.java:68)
	at org.hibernate.boot.registry.internal.StandardServiceRegistryImpl.initiateService(StandardServiceRegistryImpl.java:130)
	at org.hibernate.service.internal.AbstractServiceRegistryImpl.createService(AbstractServiceRegistryImpl.java:263)
	at org.hibernate.service.internal.AbstractServiceRegistryImpl.initializeService(AbstractServiceRegistryImpl.java:238)
	at org.hibernate.service.internal.AbstractServiceRegistryImpl.getService(AbstractServiceRegistryImpl.java:215)
	at org.hibernate.boot.model.relational.Database.<init>(Database.java:45)
	at org.hibernate.boot.internal.InFlightMetadataCollectorImpl.getDatabase(InFlightMetadataCollectorImpl.java:223)
	at org.hibernate.boot.internal.InFlightMetadataCollectorImpl.<init>(InFlightMetadataCollectorImpl.java:191)
	at org.hibernate.boot.model.process.spi.MetadataBuildingProcess.complete(MetadataBuildingProcess.java:170)
	at org.hibernate.jpa.boot.internal.EntityManagerFactoryBuilderImpl.metadata(EntityManagerFactoryBuilderImpl.java:1432)
	at org.hibernate.jpa.boot.internal.EntityManagerFactoryBuilderImpl.build(EntityManagerFactoryBuilderImpl.java:1503)
	at org.springframework.orm.jpa.vendor.SpringHibernateJpaPersistenceProvider.createContainerEntityManagerFactory(SpringHibernateJpaPersistenceProvider.java:75)
	at org.springframework.orm.jpa.LocalContainerEntityManagerFactoryBean.createNativeEntityManagerFactory(LocalContainerEntityManagerFactoryBean.java:388)
	at org.springframework.orm.jpa.AbstractEntityManagerFactoryBean.buildNativeEntityManagerFactory(AbstractEntityManagerFactoryBean.java:409)
	at org.springframework.orm.jpa.AbstractEntityManagerFactoryBean.afterPropertiesSet(AbstractEntityManagerFactoryBean.java:396)
	at org.springframework.orm.jpa.LocalContainerEntityManagerFactoryBean.afterPropertiesSet(LocalContainerEntityManagerFactoryBean.java:364)
	at org.springframework.beans.factory.support.AbstractAutowireCapableBeanFactory.invokeInitMethods(AbstractAutowireCapableBeanFactory.java:1833)
	at org.springframework.beans.factory.support.AbstractAutowireCapableBeanFactory.initializeBean(AbstractAutowireCapableBeanFactory.java:1782)
	at org.springframework.beans.factory.support.AbstractAutowireCapableBeanFactory.doCreateBean(AbstractAutowireCapableBeanFactory.java:600)
	at org.springframework.beans.factory.support.AbstractAutowireCapableBeanFactory.createBean(AbstractAutowireCapableBeanFactory.java:522)
	at org.springframework.beans.factory.support.AbstractBeanFactory.lambda$doGetBean$0(AbstractBeanFactory.java:325)
	at org.springframework.beans.factory.support.DefaultSingletonBeanRegistry.getSingleton(DefaultSingletonBeanRegistry.java:234)
	at org.springframework.beans.factory.support.AbstractBeanFactory.doGetBean(AbstractBeanFactory.java:323)
	at org.springframework.beans.factory.support.AbstractBeanFactory.getBean(AbstractBeanFactory.java:199)
	at org.springframework.context.support.AbstractApplicationContext.getBean(AbstractApplicationContext.java:1231)
	at org.springframework.context.support.AbstractApplicationContext.finishBeanFactoryInitialization(AbstractApplicationContext.java:949)
	at org.springframework.context.support.AbstractApplicationContext.refresh(AbstractApplicationContext.java:624)
	at org.springframework.boot.web.servlet.context.ServletWebServerApplicationContext.refresh(ServletWebServerApplicationContext.java:146)
	at org.springframework.boot.SpringApplication.refresh(SpringApplication.java:754)
	at org.springframework.boot.SpringApplication.refreshContext(SpringApplication.java:456)
	at org.springframework.boot.SpringApplication.run(SpringApplication.java:334)
	at org.springframework.boot.SpringApplication.run(SpringApplication.java:1354)
	at org.springframework.boot.SpringApplication.run(SpringApplication.java:1343)
	at com.chatapp.RealtimeChatApplication.main(RealtimeChatApplication.java:10)
	at java.base/jdk.internal.reflect.DirectMethodHandleAccessor.invoke(DirectMethodHandleAccessor.java:103)
	at java.base/java.lang.reflect.Method.invoke(Method.java:580)
	at org.springframework.boot.loader.launch.Launcher.launch(Launcher.java:91)
	at org.springframework.boot.loader.launch.Launcher.launch(Launcher.java:53)
	at org.springframework.boot.loader.launch.JarLauncher.main(JarLauncher.java:58)
2025-03-08 14:15:34.042 [main] WARN  org.hibernate.orm.deprecation - HHH90000025: H2Dialect does not need to be specified explicitly using 'hibernate.dialect' (remove the property setting and it will be selected by default)
2025-03-08 14:15:34.231 [main] INFO  o.h.e.t.j.p.i.JtaPlatformInitiator - HHH000489: No JTA platform available (set 'hibernate.transaction.jta.platform' to enable JTA platform integration)
2025-03-08 14:15:34.234 [main] INFO  o.s.o.j.LocalContainerEntityManagerFactoryBean - Initialized JPA EntityManagerFactory for persistence unit 'default'
2025-03-08 14:15:34.277 [http-nio-8083-exec-1] DEBUG o.s.security.web.FilterChainProxy - Securing GET /actuator/health
2025-03-08 14:15:34.277 [http-nio-8083-exec-1] DEBUG o.s.s.w.a.AnonymousAuthenticationFilter - Set SecurityContextHolder to anonymous SecurityContext
2025-03-08 14:15:34.278 [http-nio-8083-exec-1] DEBUG o.s.s.w.s.HttpSessionRequestCache - Saved request http://localhost:8083/actuator/health?continue to session
2025-03-08 14:15:34.278 [http-nio-8083-exec-1] DEBUG o.s.s.w.a.DelegatingAuthenticationEntryPoint - Trying to match using And [Not [RequestHeaderRequestMatcher [expectedHeaderName=X-Requested-With, expectedHeaderValue=XMLHttpRequest]], MediaTypeRequestMatcher [contentNegotiationStrategy=org.springframework.web.accept.ContentNegotiationManager@36453773, matchingMediaTypes=[application/xhtml+xml, image/*, text/html, text/plain], useEquals=false, ignoredMediaTypes=[*/*]]]
2025-03-08 14:15:34.278 [http-nio-8083-exec-1] DEBUG o.s.s.w.a.DelegatingAuthenticationEntryPoint - Trying to match using Or [RequestHeaderRequestMatcher [expectedHeaderName=X-Requested-With, expectedHeaderValue=XMLHttpRequest], And [Not [MediaTypeRequestMatcher [contentNegotiationStrategy=org.springframework.web.accept.ContentNegotiationManager@36453773, matchingMediaTypes=[text/html], useEquals=false, ignoredMediaTypes=[]]], MediaTypeRequestMatcher [contentNegotiationStrategy=org.springframework.web.accept.ContentNegotiationManager@36453773, matchingMediaTypes=[application/atom+xml, application/x-www-form-urlencoded, application/json, application/octet-stream, application/xml, multipart/form-data, text/xml], useEquals=false, ignoredMediaTypes=[*/*]]], MediaTypeRequestMatcher [contentNegotiationStrategy=org.springframework.web.accept.ContentNegotiationManager@36453773, matchingMediaTypes=[*/*], useEquals=true, ignoredMediaTypes=[]]]
2025-03-08 14:15:34.278 [http-nio-8083-exec-1] DEBUG o.s.s.w.a.DelegatingAuthenticationEntryPoint - Match found! Executing org.springframework.security.web.authentication.DelegatingAuthenticationEntryPoint@50caeb4b
2025-03-08 14:15:34.278 [http-nio-8083-exec-1] DEBUG o.s.s.w.a.DelegatingAuthenticationEntryPoint - Trying to match using RequestHeaderRequestMatcher [expectedHeaderName=X-Requested-With, expectedHeaderValue=XMLHttpRequest]
2025-03-08 14:15:34.278 [http-nio-8083-exec-1] DEBUG o.s.s.w.a.DelegatingAuthenticationEntryPoint - No match found. Using default entry point org.springframework.security.web.authentication.www.BasicAuthenticationEntryPoint@6d8d435b
2025-03-08 14:15:34.279 [http-nio-8083-exec-1] DEBUG o.s.security.web.FilterChainProxy - Securing GET /error
2025-03-08 14:15:34.279 [http-nio-8083-exec-1] DEBUG o.s.s.w.a.AnonymousAuthenticationFilter - Set SecurityContextHolder to anonymous SecurityContext
2025-03-08 14:15:34.280 [http-nio-8083-exec-1] DEBUG o.s.s.w.s.HttpSessionRequestCache - Saved request http://localhost:8083/error?continue to session
2025-03-08 14:15:34.280 [http-nio-8083-exec-1] DEBUG o.s.s.w.a.DelegatingAuthenticationEntryPoint - Trying to match using And [Not [RequestHeaderRequestMatcher [expectedHeaderName=X-Requested-With, expectedHeaderValue=XMLHttpRequest]], MediaTypeRequestMatcher [contentNegotiationStrategy=org.springframework.web.accept.ContentNegotiationManager@36453773, matchingMediaTypes=[application/xhtml+xml, image/*, text/html, text/plain], useEquals=false, ignoredMediaTypes=[*/*]]]
2025-03-08 14:15:34.280 [http-nio-8083-exec-1] DEBUG o.s.s.w.a.DelegatingAuthenticationEntryPoint - Trying to match using Or [RequestHeaderRequestMatcher [expectedHeaderName=X-Requested-With, expectedHeaderValue=XMLHttpRequest], And [Not [MediaTypeRequestMatcher [contentNegotiationStrategy=org.springframework.web.accept.ContentNegotiationManager@36453773, matchingMediaTypes=[text/html], useEquals=false, ignoredMediaTypes=[]]], MediaTypeRequestMatcher [contentNegotiationStrategy=org.springframework.web.accept.ContentNegotiationManager@36453773, matchingMediaTypes=[application/atom+xml, application/x-www-form-urlencoded, application/json, application/octet-stream, application/xml, multipart/form-data, text/xml], useEquals=false, ignoredMediaTypes=[*/*]]], MediaTypeRequestMatcher [contentNegotiationStrategy=org.springframework.web.accept.ContentNegotiationManager@36453773, matchingMediaTypes=[*/*], useEquals=true, ignoredMediaTypes=[]]]
2025-03-08 14:15:34.280 [http-nio-8083-exec-1] DEBUG o.s.s.w.a.DelegatingAuthenticationEntryPoint - Match found! Executing org.springframework.security.web.authentication.DelegatingAuthenticationEntryPoint@50caeb4b
2025-03-08 14:15:34.280 [http-nio-8083-exec-1] DEBUG o.s.s.w.a.DelegatingAuthenticationEntryPoint - Trying to match using RequestHeaderRequestMatcher [expectedHeaderName=X-Requested-With, expectedHeaderValue=XMLHttpRequest]
2025-03-08 14:15:34.280 [http-nio-8083-exec-1] DEBUG o.s.s.w.a.DelegatingAuthenticationEntryPoint - No match found. Using default entry point org.springframework.security.web.authentication.www.BasicAuthenticationEntryPoint@6d8d435b
2025-03-08 14:15:34.416 [main] DEBUG o.s.w.s.s.s.WebSocketHandlerMapping - Patterns [/ws/**] in 'stompWebSocketHandlerMapping'
2025-03-08 14:15:34.466 [main] WARN  o.s.b.a.o.j.JpaBaseConfiguration$JpaWebConfiguration - spring.jpa.open-in-view is enabled by default. Therefore, database queries may be performed during view rendering. Explicitly configure spring.jpa.open-in-view to disable this warning
2025-03-08 14:15:34.534 [main] DEBUG o.s.w.s.m.WebSocketAnnotationMethodMessageHandler - 
	c.c.c.LogController:
	
2025-03-08 14:15:34.539 [main] DEBUG o.s.w.s.m.WebSocketAnnotationMethodMessageHandler - 
	c.c.c.WebRTCSignalingController:
	{[MESSAGE],[/webrtc/call]}: call(Map,SimpMessageHeaderAccessor)
	{[MESSAGE],[/webrtc/answer]}: answer(WebRTCSignal,SimpMessageHeaderAccessor)
	{[MESSAGE],[/webrtc/hangup]}: hangup(Map,SimpMessageHeaderAccessor)
	{[MESSAGE],[/webrtc/adjust-bitrate]}: adjustBitrate(WebRTCSignal,SimpMessageHeaderAccessor)
	{[MESSAGE],[/webrtc/config]}: getWebRTCConfig(SimpMessageHeaderAccessor)
	{[MESSAGE],[/webrtc/ice-candidate]}: iceCandidate(WebRTCSignal,SimpMessageHeaderAccessor)
2025-03-08 14:15:34.545 [main] DEBUG o.s.w.s.m.WebSocketAnnotationMethodMessageHandler - 
	o.s.b.a.w.s.e.BasicErrorController:
	
2025-03-08 14:15:34.683 [main] DEBUG o.s.w.s.m.m.a.RequestMappingHandlerMapping - 3 mappings in 'requestMappingHandlerMapping'
2025-03-08 14:15:34.731 [main] DEBUG o.s.w.s.h.SimpleUrlHandlerMapping - Patterns [/webjars/**, /**] in 'resourceHandlerMapping'
2025-03-08 14:15:34.756 [main] DEBUG o.s.w.s.m.m.a.RequestMappingHandlerAdapter - ControllerAdvice beans: 0 @ModelAttribute, 0 @InitBinder, 1 RequestBodyAdvice, 1 ResponseBodyAdvice
2025-03-08 14:15:34.800 [main] DEBUG o.s.w.s.m.m.a.ExceptionHandlerExceptionResolver - ControllerAdvice beans: 0 @ExceptionHandler, 1 ResponseBodyAdvice
2025-03-08 14:15:35.039 [main] INFO  o.s.s.web.DefaultSecurityFilterChain - Will secure any request with [org.springframework.security.web.session.DisableEncodeUrlFilter@c79780, org.springframework.security.web.context.request.async.WebAsyncManagerIntegrationFilter@594c66c3, org.springframework.security.web.context.SecurityContextHolderFilter@6c4d0224, org.springframework.security.web.header.HeaderWriterFilter@27048db3, org.springframework.web.filter.CorsFilter@64e657b0, org.springframework.security.web.csrf.CsrfFilter@1d40f597, org.springframework.security.web.authentication.logout.LogoutFilter@6fe243a, org.springframework.security.web.authentication.UsernamePasswordAuthenticationFilter@2560a7be, org.springframework.security.web.authentication.ui.DefaultLoginPageGeneratingFilter@471a9e8c, org.springframework.security.web.authentication.ui.DefaultLogoutPageGeneratingFilter@50013a15, org.springframework.security.web.authentication.www.BasicAuthenticationFilter@16c9e378, org.springframework.security.web.savedrequest.RequestCacheAwareFilter@32cec678, org.springframework.security.web.servletapi.SecurityContextHolderAwareRequestFilter@14eb96e9, org.springframework.security.web.authentication.AnonymousAuthenticationFilter@6c46dc02, org.springframework.security.web.access.ExceptionTranslationFilter@26d445e9, org.springframework.security.web.access.intercept.AuthorizationFilter@576b385d]
2025-03-08 14:15:35.098 [main] INFO  o.a.coyote.http11.Http11NioProtocol - Starting ProtocolHandler ["http-nio-8083"]
2025-03-08 14:15:35.113 [main] WARN  o.s.b.w.s.c.AnnotationConfigServletWebServerApplicationContext - Exception encountered during context initialization - cancelling refresh attempt: org.springframework.context.ApplicationContextException: Failed to start bean 'webServerStartStop'
2025-03-08 14:15:35.117 [main] INFO  o.s.o.j.LocalContainerEntityManagerFactoryBean - Closing JPA EntityManagerFactory for persistence unit 'default'
2025-03-08 14:15:35.134 [main] INFO  o.s.b.a.l.ConditionEvaluationReportLogger - 

Error starting ApplicationContext. To display the condition evaluation report re-run your application with 'debug' enabled.
2025-03-08 14:15:35.167 [main] ERROR o.s.b.d.LoggingFailureAnalysisReporter - 

***************************
APPLICATION FAILED TO START
***************************

Description:

Web server failed to start. Port 8083 was already in use.

Action:

Identify and stop the process that's listening on port 8083 or configure this application to listen on another port.

2025-03-08 14:15:36.375 [http-nio-8083-exec-4] DEBUG o.s.security.web.FilterChainProxy - Securing GET /actuator/health
2025-03-08 14:15:36.375 [http-nio-8083-exec-4] DEBUG o.s.s.w.a.AnonymousAuthenticationFilter - Set SecurityContextHolder to anonymous SecurityContext
2025-03-08 14:15:36.375 [http-nio-8083-exec-4] DEBUG o.s.s.w.s.HttpSessionRequestCache - Saved request http://localhost:8083/actuator/health?continue to session
2025-03-08 14:15:36.376 [http-nio-8083-exec-4] DEBUG o.s.s.w.a.DelegatingAuthenticationEntryPoint - Trying to match using And [Not [RequestHeaderRequestMatcher [expectedHeaderName=X-Requested-With, expectedHeaderValue=XMLHttpRequest]], MediaTypeRequestMatcher [contentNegotiationStrategy=org.springframework.web.accept.ContentNegotiationManager@36453773, matchingMediaTypes=[application/xhtml+xml, image/*, text/html, text/plain], useEquals=false, ignoredMediaTypes=[*/*]]]
2025-03-08 14:15:36.376 [http-nio-8083-exec-4] DEBUG o.s.s.w.a.DelegatingAuthenticationEntryPoint - Trying to match using Or [RequestHeaderRequestMatcher [expectedHeaderName=X-Requested-With, expectedHeaderValue=XMLHttpRequest], And [Not [MediaTypeRequestMatcher [contentNegotiationStrategy=org.springframework.web.accept.ContentNegotiationManager@36453773, matchingMediaTypes=[text/html], useEquals=false, ignoredMediaTypes=[]]], MediaTypeRequestMatcher [contentNegotiationStrategy=org.springframework.web.accept.ContentNegotiationManager@36453773, matchingMediaTypes=[application/atom+xml, application/x-www-form-urlencoded, application/json, application/octet-stream, application/xml, multipart/form-data, text/xml], useEquals=false, ignoredMediaTypes=[*/*]]], MediaTypeRequestMatcher [contentNegotiationStrategy=org.springframework.web.accept.ContentNegotiationManager@36453773, matchingMediaTypes=[*/*], useEquals=true, ignoredMediaTypes=[]]]
2025-03-08 14:15:36.376 [http-nio-8083-exec-4] DEBUG o.s.s.w.a.DelegatingAuthenticationEntryPoint - Match found! Executing org.springframework.security.web.authentication.DelegatingAuthenticationEntryPoint@50caeb4b
2025-03-08 14:15:36.376 [http-nio-8083-exec-4] DEBUG o.s.s.w.a.DelegatingAuthenticationEntryPoint - Trying to match using RequestHeaderRequestMatcher [expectedHeaderName=X-Requested-With, expectedHeaderValue=XMLHttpRequest]
2025-03-08 14:15:36.376 [http-nio-8083-exec-4] DEBUG o.s.s.w.a.DelegatingAuthenticationEntryPoint - No match found. Using default entry point org.springframework.security.web.authentication.www.BasicAuthenticationEntryPoint@6d8d435b
2025-03-08 14:15:36.376 [http-nio-8083-exec-4] DEBUG o.s.security.web.FilterChainProxy - Securing GET /error
2025-03-08 14:15:36.376 [http-nio-8083-exec-4] DEBUG o.s.s.w.a.AnonymousAuthenticationFilter - Set SecurityContextHolder to anonymous SecurityContext
2025-03-08 14:15:36.376 [http-nio-8083-exec-4] DEBUG o.s.s.w.s.HttpSessionRequestCache - Saved request http://localhost:8083/error?continue to session
2025-03-08 14:15:36.376 [http-nio-8083-exec-4] DEBUG o.s.s.w.a.DelegatingAuthenticationEntryPoint - Trying to match using And [Not [RequestHeaderRequestMatcher [expectedHeaderName=X-Requested-With, expectedHeaderValue=XMLHttpRequest]], MediaTypeRequestMatcher [contentNegotiationStrategy=org.springframework.web.accept.ContentNegotiationManager@36453773, matchingMediaTypes=[application/xhtml+xml, image/*, text/html, text/plain], useEquals=false, ignoredMediaTypes=[*/*]]]
2025-03-08 14:15:36.376 [http-nio-8083-exec-4] DEBUG o.s.s.w.a.DelegatingAuthenticationEntryPoint - Trying to match using Or [RequestHeaderRequestMatcher [expectedHeaderName=X-Requested-With, expectedHeaderValue=XMLHttpRequest], And [Not [MediaTypeRequestMatcher [contentNegotiationStrategy=org.springframework.web.accept.ContentNegotiationManager@36453773, matchingMediaTypes=[text/html], useEquals=false, ignoredMediaTypes=[]]], MediaTypeRequestMatcher [contentNegotiationStrategy=org.springframework.web.accept.ContentNegotiationManager@36453773, matchingMediaTypes=[application/atom+xml, application/x-www-form-urlencoded, application/json, application/octet-stream, application/xml, multipart/form-data, text/xml], useEquals=false, ignoredMediaTypes=[*/*]]], MediaTypeRequestMatcher [contentNegotiationStrategy=org.springframework.web.accept.ContentNegotiationManager@36453773, matchingMediaTypes=[*/*], useEquals=true, ignoredMediaTypes=[]]]
2025-03-08 14:15:36.376 [http-nio-8083-exec-4] DEBUG o.s.s.w.a.DelegatingAuthenticationEntryPoint - Match found! Executing org.springframework.security.web.authentication.DelegatingAuthenticationEntryPoint@50caeb4b
2025-03-08 14:15:36.376 [http-nio-8083-exec-4] DEBUG o.s.s.w.a.DelegatingAuthenticationEntryPoint - Trying to match using RequestHeaderRequestMatcher [expectedHeaderName=X-Requested-With, expectedHeaderValue=XMLHttpRequest]
2025-03-08 14:15:36.376 [http-nio-8083-exec-4] DEBUG o.s.s.w.a.DelegatingAuthenticationEntryPoint - No match found. Using default entry point org.springframework.security.web.authentication.www.BasicAuthenticationEntryPoint@6d8d435b
2025-03-08 14:15:39.444 [http-nio-8083-exec-10] DEBUG o.s.security.web.FilterChainProxy - Securing GET /actuator/health
2025-03-08 14:15:39.445 [http-nio-8083-exec-10] DEBUG o.s.s.w.a.AnonymousAuthenticationFilter - Set SecurityContextHolder to anonymous SecurityContext
2025-03-08 14:15:39.445 [http-nio-8083-exec-10] DEBUG o.s.s.w.s.HttpSessionRequestCache - Saved request http://localhost:8083/actuator/health?continue to session
2025-03-08 14:15:39.445 [http-nio-8083-exec-10] DEBUG o.s.s.w.a.DelegatingAuthenticationEntryPoint - Trying to match using And [Not [RequestHeaderRequestMatcher [expectedHeaderName=X-Requested-With, expectedHeaderValue=XMLHttpRequest]], MediaTypeRequestMatcher [contentNegotiationStrategy=org.springframework.web.accept.ContentNegotiationManager@36453773, matchingMediaTypes=[application/xhtml+xml, image/*, text/html, text/plain], useEquals=false, ignoredMediaTypes=[*/*]]]
2025-03-08 14:15:39.445 [http-nio-8083-exec-10] DEBUG o.s.s.w.a.DelegatingAuthenticationEntryPoint - Trying to match using Or [RequestHeaderRequestMatcher [expectedHeaderName=X-Requested-With, expectedHeaderValue=XMLHttpRequest], And [Not [MediaTypeRequestMatcher [contentNegotiationStrategy=org.springframework.web.accept.ContentNegotiationManager@36453773, matchingMediaTypes=[text/html], useEquals=false, ignoredMediaTypes=[]]], MediaTypeRequestMatcher [contentNegotiationStrategy=org.springframework.web.accept.ContentNegotiationManager@36453773, matchingMediaTypes=[application/atom+xml, application/x-www-form-urlencoded, application/json, application/octet-stream, application/xml, multipart/form-data, text/xml], useEquals=false, ignoredMediaTypes=[*/*]]], MediaTypeRequestMatcher [contentNegotiationStrategy=org.springframework.web.accept.ContentNegotiationManager@36453773, matchingMediaTypes=[*/*], useEquals=true, ignoredMediaTypes=[]]]
2025-03-08 14:15:39.445 [http-nio-8083-exec-10] DEBUG o.s.s.w.a.DelegatingAuthenticationEntryPoint - Match found! Executing org.springframework.security.web.authentication.DelegatingAuthenticationEntryPoint@50caeb4b
2025-03-08 14:15:39.445 [http-nio-8083-exec-10] DEBUG o.s.s.w.a.DelegatingAuthenticationEntryPoint - Trying to match using RequestHeaderRequestMatcher [expectedHeaderName=X-Requested-With, expectedHeaderValue=XMLHttpRequest]
2025-03-08 14:15:39.445 [http-nio-8083-exec-10] DEBUG o.s.s.w.a.DelegatingAuthenticationEntryPoint - No match found. Using default entry point org.springframework.security.web.authentication.www.BasicAuthenticationEntryPoint@6d8d435b
2025-03-08 14:15:39.446 [http-nio-8083-exec-10] DEBUG o.s.security.web.FilterChainProxy - Securing GET /error
2025-03-08 14:15:39.446 [http-nio-8083-exec-10] DEBUG o.s.s.w.a.AnonymousAuthenticationFilter - Set SecurityContextHolder to anonymous SecurityContext
2025-03-08 14:15:39.446 [http-nio-8083-exec-10] DEBUG o.s.s.w.s.HttpSessionRequestCache - Saved request http://localhost:8083/error?continue to session
2025-03-08 14:15:39.446 [http-nio-8083-exec-10] DEBUG o.s.s.w.a.DelegatingAuthenticationEntryPoint - Trying to match using And [Not [RequestHeaderRequestMatcher [expectedHeaderName=X-Requested-With, expectedHeaderValue=XMLHttpRequest]], MediaTypeRequestMatcher [contentNegotiationStrategy=org.springframework.web.accept.ContentNegotiationManager@36453773, matchingMediaTypes=[application/xhtml+xml, image/*, text/html, text/plain], useEquals=false, ignoredMediaTypes=[*/*]]]
2025-03-08 14:15:39.446 [http-nio-8083-exec-10] DEBUG o.s.s.w.a.DelegatingAuthenticationEntryPoint - Trying to match using Or [RequestHeaderRequestMatcher [expectedHeaderName=X-Requested-With, expectedHeaderValue=XMLHttpRequest], And [Not [MediaTypeRequestMatcher [contentNegotiationStrategy=org.springframework.web.accept.ContentNegotiationManager@36453773, matchingMediaTypes=[text/html], useEquals=false, ignoredMediaTypes=[]]], MediaTypeRequestMatcher [contentNegotiationStrategy=org.springframework.web.accept.ContentNegotiationManager@36453773, matchingMediaTypes=[application/atom+xml, application/x-www-form-urlencoded, application/json, application/octet-stream, application/xml, multipart/form-data, text/xml], useEquals=false, ignoredMediaTypes=[*/*]]], MediaTypeRequestMatcher [contentNegotiationStrategy=org.springframework.web.accept.ContentNegotiationManager@36453773, matchingMediaTypes=[*/*], useEquals=true, ignoredMediaTypes=[]]]
2025-03-08 14:15:39.446 [http-nio-8083-exec-10] DEBUG o.s.s.w.a.DelegatingAuthenticationEntryPoint - Match found! Executing org.springframework.security.web.authentication.DelegatingAuthenticationEntryPoint@50caeb4b
2025-03-08 14:15:39.446 [http-nio-8083-exec-10] DEBUG o.s.s.w.a.DelegatingAuthenticationEntryPoint - Trying to match using RequestHeaderRequestMatcher [expectedHeaderName=X-Requested-With, expectedHeaderValue=XMLHttpRequest]
2025-03-08 14:15:39.446 [http-nio-8083-exec-10] DEBUG o.s.s.w.a.DelegatingAuthenticationEntryPoint - No match found. Using default entry point org.springframework.security.web.authentication.www.BasicAuthenticationEntryPoint@6d8d435b
2025-03-08 14:15:57.364 [http-nio-8083-exec-5] DEBUG o.s.security.web.FilterChainProxy - Securing GET /actuator/health
2025-03-08 14:15:57.364 [http-nio-8083-exec-5] DEBUG o.s.s.w.a.AnonymousAuthenticationFilter - Set SecurityContextHolder to anonymous SecurityContext
2025-03-08 14:15:57.366 [http-nio-8083-exec-5] DEBUG o.s.s.w.s.HttpSessionRequestCache - Saved request http://localhost:8083/actuator/health?continue to session
2025-03-08 14:15:57.366 [http-nio-8083-exec-5] DEBUG o.s.s.w.a.DelegatingAuthenticationEntryPoint - Trying to match using And [Not [RequestHeaderRequestMatcher [expectedHeaderName=X-Requested-With, expectedHeaderValue=XMLHttpRequest]], MediaTypeRequestMatcher [contentNegotiationStrategy=org.springframework.web.accept.ContentNegotiationManager@36453773, matchingMediaTypes=[application/xhtml+xml, image/*, text/html, text/plain], useEquals=false, ignoredMediaTypes=[*/*]]]
2025-03-08 14:15:57.366 [http-nio-8083-exec-5] DEBUG o.s.s.w.a.DelegatingAuthenticationEntryPoint - Trying to match using Or [RequestHeaderRequestMatcher [expectedHeaderName=X-Requested-With, expectedHeaderValue=XMLHttpRequest], And [Not [MediaTypeRequestMatcher [contentNegotiationStrategy=org.springframework.web.accept.ContentNegotiationManager@36453773, matchingMediaTypes=[text/html], useEquals=false, ignoredMediaTypes=[]]], MediaTypeRequestMatcher [contentNegotiationStrategy=org.springframework.web.accept.ContentNegotiationManager@36453773, matchingMediaTypes=[application/atom+xml, application/x-www-form-urlencoded, application/json, application/octet-stream, application/xml, multipart/form-data, text/xml], useEquals=false, ignoredMediaTypes=[*/*]]], MediaTypeRequestMatcher [contentNegotiationStrategy=org.springframework.web.accept.ContentNegotiationManager@36453773, matchingMediaTypes=[*/*], useEquals=true, ignoredMediaTypes=[]]]
2025-03-08 14:15:57.366 [http-nio-8083-exec-5] DEBUG o.s.s.w.a.DelegatingAuthenticationEntryPoint - Match found! Executing org.springframework.security.web.authentication.DelegatingAuthenticationEntryPoint@50caeb4b
2025-03-08 14:15:57.366 [http-nio-8083-exec-5] DEBUG o.s.s.w.a.DelegatingAuthenticationEntryPoint - Trying to match using RequestHeaderRequestMatcher [expectedHeaderName=X-Requested-With, expectedHeaderValue=XMLHttpRequest]
2025-03-08 14:15:57.366 [http-nio-8083-exec-5] DEBUG o.s.s.w.a.DelegatingAuthenticationEntryPoint - No match found. Using default entry point org.springframework.security.web.authentication.www.BasicAuthenticationEntryPoint@6d8d435b
2025-03-08 14:15:57.367 [http-nio-8083-exec-5] DEBUG o.s.security.web.FilterChainProxy - Securing GET /error
2025-03-08 14:15:57.368 [http-nio-8083-exec-5] DEBUG o.s.s.w.a.AnonymousAuthenticationFilter - Set SecurityContextHolder to anonymous SecurityContext
2025-03-08 14:15:57.368 [http-nio-8083-exec-5] DEBUG o.s.s.w.s.HttpSessionRequestCache - Saved request http://localhost:8083/error?continue to session
2025-03-08 14:15:57.368 [http-nio-8083-exec-5] DEBUG o.s.s.w.a.DelegatingAuthenticationEntryPoint - Trying to match using And [Not [RequestHeaderRequestMatcher [expectedHeaderName=X-Requested-With, expectedHeaderValue=XMLHttpRequest]], MediaTypeRequestMatcher [contentNegotiationStrategy=org.springframework.web.accept.ContentNegotiationManager@36453773, matchingMediaTypes=[application/xhtml+xml, image/*, text/html, text/plain], useEquals=false, ignoredMediaTypes=[*/*]]]
2025-03-08 14:15:57.368 [http-nio-8083-exec-5] DEBUG o.s.s.w.a.DelegatingAuthenticationEntryPoint - Trying to match using Or [RequestHeaderRequestMatcher [expectedHeaderName=X-Requested-With, expectedHeaderValue=XMLHttpRequest], And [Not [MediaTypeRequestMatcher [contentNegotiationStrategy=org.springframework.web.accept.ContentNegotiationManager@36453773, matchingMediaTypes=[text/html], useEquals=false, ignoredMediaTypes=[]]], MediaTypeRequestMatcher [contentNegotiationStrategy=org.springframework.web.accept.ContentNegotiationManager@36453773, matchingMediaTypes=[application/atom+xml, application/x-www-form-urlencoded, application/json, application/octet-stream, application/xml, multipart/form-data, text/xml], useEquals=false, ignoredMediaTypes=[*/*]]], MediaTypeRequestMatcher [contentNegotiationStrategy=org.springframework.web.accept.ContentNegotiationManager@36453773, matchingMediaTypes=[*/*], useEquals=true, ignoredMediaTypes=[]]]
2025-03-08 14:15:57.368 [http-nio-8083-exec-5] DEBUG o.s.s.w.a.DelegatingAuthenticationEntryPoint - Match found! Executing org.springframework.security.web.authentication.DelegatingAuthenticationEntryPoint@50caeb4b
2025-03-08 14:15:57.368 [http-nio-8083-exec-5] DEBUG o.s.s.w.a.DelegatingAuthenticationEntryPoint - Trying to match using RequestHeaderRequestMatcher [expectedHeaderName=X-Requested-With, expectedHeaderValue=XMLHttpRequest]
2025-03-08 14:15:57.369 [http-nio-8083-exec-5] DEBUG o.s.s.w.a.DelegatingAuthenticationEntryPoint - No match found. Using default entry point org.springframework.security.web.authentication.www.BasicAuthenticationEntryPoint@6d8d435b
2025-03-08 14:15:58.356 [main] INFO  com.chatapp.RealtimeChatApplication - Starting RealtimeChatApplication v0.0.1-SNAPSHOT using Java 21.0.6 with PID 22036 (D:\jetbrains\cursor\real-time-app\backend\target\realtime-chat-0.0.1-SNAPSHOT.jar started by lenovo in D:\jetbrains\cursor\real-time-app\backend)
2025-03-08 14:15:58.359 [main] INFO  com.chatapp.RealtimeChatApplication - The following 1 profile is active: "prod"
2025-03-08 14:15:59.093 [main] INFO  o.s.d.r.c.RepositoryConfigurationDelegate - Bootstrapping Spring Data JPA repositories in DEFAULT mode.
2025-03-08 14:15:59.117 [main] INFO  o.s.d.r.c.RepositoryConfigurationDelegate - Finished Spring Data repository scanning in 16 ms. Found 0 JPA repository interfaces.
2025-03-08 14:15:59.490 [http-nio-8083-exec-6] DEBUG o.s.security.web.FilterChainProxy - Securing GET /actuator/health
2025-03-08 14:15:59.490 [http-nio-8083-exec-6] DEBUG o.s.s.w.a.AnonymousAuthenticationFilter - Set SecurityContextHolder to anonymous SecurityContext
2025-03-08 14:15:59.491 [http-nio-8083-exec-6] DEBUG o.s.s.w.s.HttpSessionRequestCache - Saved request http://localhost:8083/actuator/health?continue to session
2025-03-08 14:15:59.491 [http-nio-8083-exec-6] DEBUG o.s.s.w.a.DelegatingAuthenticationEntryPoint - Trying to match using And [Not [RequestHeaderRequestMatcher [expectedHeaderName=X-Requested-With, expectedHeaderValue=XMLHttpRequest]], MediaTypeRequestMatcher [contentNegotiationStrategy=org.springframework.web.accept.ContentNegotiationManager@36453773, matchingMediaTypes=[application/xhtml+xml, image/*, text/html, text/plain], useEquals=false, ignoredMediaTypes=[*/*]]]
2025-03-08 14:15:59.491 [http-nio-8083-exec-6] DEBUG o.s.s.w.a.DelegatingAuthenticationEntryPoint - Trying to match using Or [RequestHeaderRequestMatcher [expectedHeaderName=X-Requested-With, expectedHeaderValue=XMLHttpRequest], And [Not [MediaTypeRequestMatcher [contentNegotiationStrategy=org.springframework.web.accept.ContentNegotiationManager@36453773, matchingMediaTypes=[text/html], useEquals=false, ignoredMediaTypes=[]]], MediaTypeRequestMatcher [contentNegotiationStrategy=org.springframework.web.accept.ContentNegotiationManager@36453773, matchingMediaTypes=[application/atom+xml, application/x-www-form-urlencoded, application/json, application/octet-stream, application/xml, multipart/form-data, text/xml], useEquals=false, ignoredMediaTypes=[*/*]]], MediaTypeRequestMatcher [contentNegotiationStrategy=org.springframework.web.accept.ContentNegotiationManager@36453773, matchingMediaTypes=[*/*], useEquals=true, ignoredMediaTypes=[]]]
2025-03-08 14:15:59.491 [http-nio-8083-exec-6] DEBUG o.s.s.w.a.DelegatingAuthenticationEntryPoint - Match found! Executing org.springframework.security.web.authentication.DelegatingAuthenticationEntryPoint@50caeb4b
2025-03-08 14:15:59.491 [http-nio-8083-exec-6] DEBUG o.s.s.w.a.DelegatingAuthenticationEntryPoint - Trying to match using RequestHeaderRequestMatcher [expectedHeaderName=X-Requested-With, expectedHeaderValue=XMLHttpRequest]
2025-03-08 14:15:59.491 [http-nio-8083-exec-6] DEBUG o.s.s.w.a.DelegatingAuthenticationEntryPoint - No match found. Using default entry point org.springframework.security.web.authentication.www.BasicAuthenticationEntryPoint@6d8d435b
2025-03-08 14:15:59.492 [http-nio-8083-exec-6] DEBUG o.s.security.web.FilterChainProxy - Securing GET /error
2025-03-08 14:15:59.492 [http-nio-8083-exec-6] DEBUG o.s.s.w.a.AnonymousAuthenticationFilter - Set SecurityContextHolder to anonymous SecurityContext
2025-03-08 14:15:59.493 [http-nio-8083-exec-6] DEBUG o.s.s.w.s.HttpSessionRequestCache - Saved request http://localhost:8083/error?continue to session
2025-03-08 14:15:59.493 [http-nio-8083-exec-6] DEBUG o.s.s.w.a.DelegatingAuthenticationEntryPoint - Trying to match using And [Not [RequestHeaderRequestMatcher [expectedHeaderName=X-Requested-With, expectedHeaderValue=XMLHttpRequest]], MediaTypeRequestMatcher [contentNegotiationStrategy=org.springframework.web.accept.ContentNegotiationManager@36453773, matchingMediaTypes=[application/xhtml+xml, image/*, text/html, text/plain], useEquals=false, ignoredMediaTypes=[*/*]]]
2025-03-08 14:15:59.493 [http-nio-8083-exec-6] DEBUG o.s.s.w.a.DelegatingAuthenticationEntryPoint - Trying to match using Or [RequestHeaderRequestMatcher [expectedHeaderName=X-Requested-With, expectedHeaderValue=XMLHttpRequest], And [Not [MediaTypeRequestMatcher [contentNegotiationStrategy=org.springframework.web.accept.ContentNegotiationManager@36453773, matchingMediaTypes=[text/html], useEquals=false, ignoredMediaTypes=[]]], MediaTypeRequestMatcher [contentNegotiationStrategy=org.springframework.web.accept.ContentNegotiationManager@36453773, matchingMediaTypes=[application/atom+xml, application/x-www-form-urlencoded, application/json, application/octet-stream, application/xml, multipart/form-data, text/xml], useEquals=false, ignoredMediaTypes=[*/*]]], MediaTypeRequestMatcher [contentNegotiationStrategy=org.springframework.web.accept.ContentNegotiationManager@36453773, matchingMediaTypes=[*/*], useEquals=true, ignoredMediaTypes=[]]]
2025-03-08 14:15:59.493 [http-nio-8083-exec-6] DEBUG o.s.s.w.a.DelegatingAuthenticationEntryPoint - Match found! Executing org.springframework.security.web.authentication.DelegatingAuthenticationEntryPoint@50caeb4b
2025-03-08 14:15:59.493 [http-nio-8083-exec-6] DEBUG o.s.s.w.a.DelegatingAuthenticationEntryPoint - Trying to match using RequestHeaderRequestMatcher [expectedHeaderName=X-Requested-With, expectedHeaderValue=XMLHttpRequest]
2025-03-08 14:15:59.493 [http-nio-8083-exec-6] DEBUG o.s.s.w.a.DelegatingAuthenticationEntryPoint - No match found. Using default entry point org.springframework.security.web.authentication.www.BasicAuthenticationEntryPoint@6d8d435b
2025-03-08 14:15:59.771 [main] INFO  o.s.b.w.e.tomcat.TomcatWebServer - Tomcat initialized with port 8083 (http)
2025-03-08 14:15:59.782 [main] INFO  o.a.coyote.http11.Http11NioProtocol - Initializing ProtocolHandler ["http-nio-8083"]
2025-03-08 14:15:59.785 [main] INFO  o.a.catalina.core.StandardService - Starting service [Tomcat]
2025-03-08 14:15:59.785 [main] INFO  o.a.catalina.core.StandardEngine - Starting Servlet engine: [Apache Tomcat/10.1.19]
2025-03-08 14:15:59.817 [main] INFO  o.a.c.c.C.[Tomcat].[localhost].[/] - Initializing Spring embedded WebApplicationContext
2025-03-08 14:15:59.818 [main] INFO  o.s.b.w.s.c.ServletWebServerApplicationContext - Root WebApplicationContext: initialization completed in 1399 ms
2025-03-08 14:16:00.029 [main] INFO  o.h.jpa.internal.util.LogHelper - HHH000204: Processing PersistenceUnitInfo [name: default]
2025-03-08 14:16:00.126 [main] INFO  org.hibernate.Version - HHH000412: Hibernate ORM core version 6.4.4.Final
2025-03-08 14:16:00.171 [main] INFO  o.h.c.i.RegionFactoryInitiator - HHH000026: Second-level cache disabled
2025-03-08 14:16:00.399 [main] INFO  o.s.o.j.p.SpringPersistenceUnitInfo - No LoadTimeWeaver setup: ignoring JPA class transformer
2025-03-08 14:16:00.432 [main] INFO  com.zaxxer.hikari.HikariDataSource - HikariPool-1 - Starting...
2025-03-08 14:16:01.596 [main] ERROR com.zaxxer.hikari.pool.HikariPool - HikariPool-1 - Exception during pool initialization.
org.h2.jdbc.JdbcSQLNonTransientConnectionException: Database may be already in use: "D:/jetbrains/cursor/real-time-app/backend/data/chatapp.mv.db". Possible solutions: close all other connection(s); use the server mode [90020-224]
	at org.h2.message.DbException.getJdbcSQLException(DbException.java:690)
	at org.h2.message.DbException.getJdbcSQLException(DbException.java:489)
	at org.h2.message.DbException.get(DbException.java:212)
	at org.h2.mvstore.db.Store.convertMVStoreException(Store.java:165)
	at org.h2.mvstore.db.Store.<init>(Store.java:142)
	at org.h2.engine.Database.<init>(Database.java:326)
	at org.h2.engine.Engine.openSession(Engine.java:92)
	at org.h2.engine.Engine.openSession(Engine.java:222)
	at org.h2.engine.Engine.createSession(Engine.java:201)
	at org.h2.engine.SessionRemote.connectEmbeddedOrServer(SessionRemote.java:343)
	at org.h2.jdbc.JdbcConnection.<init>(JdbcConnection.java:125)
	at org.h2.Driver.connect(Driver.java:59)
	at com.zaxxer.hikari.util.DriverDataSource.getConnection(DriverDataSource.java:138)
	at com.zaxxer.hikari.pool.PoolBase.newConnection(PoolBase.java:359)
	at com.zaxxer.hikari.pool.PoolBase.newPoolEntry(PoolBase.java:201)
	at com.zaxxer.hikari.pool.HikariPool.createPoolEntry(HikariPool.java:470)
	at com.zaxxer.hikari.pool.HikariPool.checkFailFast(HikariPool.java:561)
	at com.zaxxer.hikari.pool.HikariPool.<init>(HikariPool.java:100)
	at com.zaxxer.hikari.HikariDataSource.getConnection(HikariDataSource.java:112)
	at org.hibernate.engine.jdbc.connections.internal.DatasourceConnectionProviderImpl.getConnection(DatasourceConnectionProviderImpl.java:122)
	at org.hibernate.engine.jdbc.env.internal.JdbcEnvironmentInitiator$ConnectionProviderJdbcConnectionAccess.obtainConnection(JdbcEnvironmentInitiator.java:428)
	at org.hibernate.resource.transaction.backend.jdbc.internal.JdbcIsolationDelegate.delegateWork(JdbcIsolationDelegate.java:61)
	at org.hibernate.engine.jdbc.env.internal.JdbcEnvironmentInitiator.getJdbcEnvironmentUsingJdbcMetadata(JdbcEnvironmentInitiator.java:276)
	at org.hibernate.engine.jdbc.env.internal.JdbcEnvironmentInitiator.initiateService(JdbcEnvironmentInitiator.java:107)
	at org.hibernate.engine.jdbc.env.internal.JdbcEnvironmentInitiator.initiateService(JdbcEnvironmentInitiator.java:68)
	at org.hibernate.boot.registry.internal.StandardServiceRegistryImpl.initiateService(StandardServiceRegistryImpl.java:130)
	at org.hibernate.service.internal.AbstractServiceRegistryImpl.createService(AbstractServiceRegistryImpl.java:263)
	at org.hibernate.service.internal.AbstractServiceRegistryImpl.initializeService(AbstractServiceRegistryImpl.java:238)
	at org.hibernate.service.internal.AbstractServiceRegistryImpl.getService(AbstractServiceRegistryImpl.java:215)
	at org.hibernate.boot.model.relational.Database.<init>(Database.java:45)
	at org.hibernate.boot.internal.InFlightMetadataCollectorImpl.getDatabase(InFlightMetadataCollectorImpl.java:223)
	at org.hibernate.boot.internal.InFlightMetadataCollectorImpl.<init>(InFlightMetadataCollectorImpl.java:191)
	at org.hibernate.boot.model.process.spi.MetadataBuildingProcess.complete(MetadataBuildingProcess.java:170)
	at org.hibernate.jpa.boot.internal.EntityManagerFactoryBuilderImpl.metadata(EntityManagerFactoryBuilderImpl.java:1432)
	at org.hibernate.jpa.boot.internal.EntityManagerFactoryBuilderImpl.build(EntityManagerFactoryBuilderImpl.java:1503)
	at org.springframework.orm.jpa.vendor.SpringHibernateJpaPersistenceProvider.createContainerEntityManagerFactory(SpringHibernateJpaPersistenceProvider.java:75)
	at org.springframework.orm.jpa.LocalContainerEntityManagerFactoryBean.createNativeEntityManagerFactory(LocalContainerEntityManagerFactoryBean.java:388)
	at org.springframework.orm.jpa.AbstractEntityManagerFactoryBean.buildNativeEntityManagerFactory(AbstractEntityManagerFactoryBean.java:409)
	at org.springframework.orm.jpa.AbstractEntityManagerFactoryBean.afterPropertiesSet(AbstractEntityManagerFactoryBean.java:396)
	at org.springframework.orm.jpa.LocalContainerEntityManagerFactoryBean.afterPropertiesSet(LocalContainerEntityManagerFactoryBean.java:364)
	at org.springframework.beans.factory.support.AbstractAutowireCapableBeanFactory.invokeInitMethods(AbstractAutowireCapableBeanFactory.java:1833)
	at org.springframework.beans.factory.support.AbstractAutowireCapableBeanFactory.initializeBean(AbstractAutowireCapableBeanFactory.java:1782)
	at org.springframework.beans.factory.support.AbstractAutowireCapableBeanFactory.doCreateBean(AbstractAutowireCapableBeanFactory.java:600)
	at org.springframework.beans.factory.support.AbstractAutowireCapableBeanFactory.createBean(AbstractAutowireCapableBeanFactory.java:522)
	at org.springframework.beans.factory.support.AbstractBeanFactory.lambda$doGetBean$0(AbstractBeanFactory.java:325)
	at org.springframework.beans.factory.support.DefaultSingletonBeanRegistry.getSingleton(DefaultSingletonBeanRegistry.java:234)
	at org.springframework.beans.factory.support.AbstractBeanFactory.doGetBean(AbstractBeanFactory.java:323)
	at org.springframework.beans.factory.support.AbstractBeanFactory.getBean(AbstractBeanFactory.java:199)
	at org.springframework.context.support.AbstractApplicationContext.getBean(AbstractApplicationContext.java:1231)
	at org.springframework.context.support.AbstractApplicationContext.finishBeanFactoryInitialization(AbstractApplicationContext.java:949)
	at org.springframework.context.support.AbstractApplicationContext.refresh(AbstractApplicationContext.java:624)
	at org.springframework.boot.web.servlet.context.ServletWebServerApplicationContext.refresh(ServletWebServerApplicationContext.java:146)
	at org.springframework.boot.SpringApplication.refresh(SpringApplication.java:754)
	at org.springframework.boot.SpringApplication.refreshContext(SpringApplication.java:456)
	at org.springframework.boot.SpringApplication.run(SpringApplication.java:334)
	at org.springframework.boot.SpringApplication.run(SpringApplication.java:1354)
	at org.springframework.boot.SpringApplication.run(SpringApplication.java:1343)
	at com.chatapp.RealtimeChatApplication.main(RealtimeChatApplication.java:10)
	at java.base/jdk.internal.reflect.DirectMethodHandleAccessor.invoke(DirectMethodHandleAccessor.java:103)
	at java.base/java.lang.reflect.Method.invoke(Method.java:580)
	at org.springframework.boot.loader.launch.Launcher.launch(Launcher.java:91)
	at org.springframework.boot.loader.launch.Launcher.launch(Launcher.java:53)
	at org.springframework.boot.loader.launch.JarLauncher.main(JarLauncher.java:58)
Caused by: org.h2.mvstore.MVStoreException: The file is locked: D:/jetbrains/cursor/real-time-app/backend/data/chatapp.mv.db [2.2.224/7]
	at org.h2.mvstore.DataUtils.newMVStoreException(DataUtils.java:996)
	at org.h2.mvstore.SingleFileStore.lockFileChannel(SingleFileStore.java:143)
	at org.h2.mvstore.SingleFileStore.open(SingleFileStore.java:117)
	at org.h2.mvstore.SingleFileStore.open(SingleFileStore.java:81)
	at org.h2.mvstore.MVStore.<init>(MVStore.java:286)
	at org.h2.mvstore.MVStore$Builder.open(MVStore.java:2035)
	at org.h2.mvstore.db.Store.<init>(Store.java:133)
	... 58 common frames omitted
2025-03-08 14:16:01.599 [main] WARN  o.h.e.j.e.i.JdbcEnvironmentInitiator - HHH000342: Could not obtain connection to query metadata
java.lang.NullPointerException: Cannot invoke "org.hibernate.engine.jdbc.spi.SqlExceptionHelper.convert(java.sql.SQLException, String)" because the return value of "org.hibernate.resource.transaction.backend.jdbc.internal.JdbcIsolationDelegate.sqlExceptionHelper()" is null
	at org.hibernate.resource.transaction.backend.jdbc.internal.JdbcIsolationDelegate.delegateWork(JdbcIsolationDelegate.java:116)
	at org.hibernate.engine.jdbc.env.internal.JdbcEnvironmentInitiator.getJdbcEnvironmentUsingJdbcMetadata(JdbcEnvironmentInitiator.java:276)
	at org.hibernate.engine.jdbc.env.internal.JdbcEnvironmentInitiator.initiateService(JdbcEnvironmentInitiator.java:107)
	at org.hibernate.engine.jdbc.env.internal.JdbcEnvironmentInitiator.initiateService(JdbcEnvironmentInitiator.java:68)
	at org.hibernate.boot.registry.internal.StandardServiceRegistryImpl.initiateService(StandardServiceRegistryImpl.java:130)
	at org.hibernate.service.internal.AbstractServiceRegistryImpl.createService(AbstractServiceRegistryImpl.java:263)
	at org.hibernate.service.internal.AbstractServiceRegistryImpl.initializeService(AbstractServiceRegistryImpl.java:238)
	at org.hibernate.service.internal.AbstractServiceRegistryImpl.getService(AbstractServiceRegistryImpl.java:215)
	at org.hibernate.boot.model.relational.Database.<init>(Database.java:45)
	at org.hibernate.boot.internal.InFlightMetadataCollectorImpl.getDatabase(InFlightMetadataCollectorImpl.java:223)
	at org.hibernate.boot.internal.InFlightMetadataCollectorImpl.<init>(InFlightMetadataCollectorImpl.java:191)
	at org.hibernate.boot.model.process.spi.MetadataBuildingProcess.complete(MetadataBuildingProcess.java:170)
	at org.hibernate.jpa.boot.internal.EntityManagerFactoryBuilderImpl.metadata(EntityManagerFactoryBuilderImpl.java:1432)
	at org.hibernate.jpa.boot.internal.EntityManagerFactoryBuilderImpl.build(EntityManagerFactoryBuilderImpl.java:1503)
	at org.springframework.orm.jpa.vendor.SpringHibernateJpaPersistenceProvider.createContainerEntityManagerFactory(SpringHibernateJpaPersistenceProvider.java:75)
	at org.springframework.orm.jpa.LocalContainerEntityManagerFactoryBean.createNativeEntityManagerFactory(LocalContainerEntityManagerFactoryBean.java:388)
	at org.springframework.orm.jpa.AbstractEntityManagerFactoryBean.buildNativeEntityManagerFactory(AbstractEntityManagerFactoryBean.java:409)
	at org.springframework.orm.jpa.AbstractEntityManagerFactoryBean.afterPropertiesSet(AbstractEntityManagerFactoryBean.java:396)
	at org.springframework.orm.jpa.LocalContainerEntityManagerFactoryBean.afterPropertiesSet(LocalContainerEntityManagerFactoryBean.java:364)
	at org.springframework.beans.factory.support.AbstractAutowireCapableBeanFactory.invokeInitMethods(AbstractAutowireCapableBeanFactory.java:1833)
	at org.springframework.beans.factory.support.AbstractAutowireCapableBeanFactory.initializeBean(AbstractAutowireCapableBeanFactory.java:1782)
	at org.springframework.beans.factory.support.AbstractAutowireCapableBeanFactory.doCreateBean(AbstractAutowireCapableBeanFactory.java:600)
	at org.springframework.beans.factory.support.AbstractAutowireCapableBeanFactory.createBean(AbstractAutowireCapableBeanFactory.java:522)
	at org.springframework.beans.factory.support.AbstractBeanFactory.lambda$doGetBean$0(AbstractBeanFactory.java:325)
	at org.springframework.beans.factory.support.DefaultSingletonBeanRegistry.getSingleton(DefaultSingletonBeanRegistry.java:234)
	at org.springframework.beans.factory.support.AbstractBeanFactory.doGetBean(AbstractBeanFactory.java:323)
	at org.springframework.beans.factory.support.AbstractBeanFactory.getBean(AbstractBeanFactory.java:199)
	at org.springframework.context.support.AbstractApplicationContext.getBean(AbstractApplicationContext.java:1231)
	at org.springframework.context.support.AbstractApplicationContext.finishBeanFactoryInitialization(AbstractApplicationContext.java:949)
	at org.springframework.context.support.AbstractApplicationContext.refresh(AbstractApplicationContext.java:624)
	at org.springframework.boot.web.servlet.context.ServletWebServerApplicationContext.refresh(ServletWebServerApplicationContext.java:146)
	at org.springframework.boot.SpringApplication.refresh(SpringApplication.java:754)
	at org.springframework.boot.SpringApplication.refreshContext(SpringApplication.java:456)
	at org.springframework.boot.SpringApplication.run(SpringApplication.java:334)
	at org.springframework.boot.SpringApplication.run(SpringApplication.java:1354)
	at org.springframework.boot.SpringApplication.run(SpringApplication.java:1343)
	at com.chatapp.RealtimeChatApplication.main(RealtimeChatApplication.java:10)
	at java.base/jdk.internal.reflect.DirectMethodHandleAccessor.invoke(DirectMethodHandleAccessor.java:103)
	at java.base/java.lang.reflect.Method.invoke(Method.java:580)
	at org.springframework.boot.loader.launch.Launcher.launch(Launcher.java:91)
	at org.springframework.boot.loader.launch.Launcher.launch(Launcher.java:53)
	at org.springframework.boot.loader.launch.JarLauncher.main(JarLauncher.java:58)
2025-03-08 14:16:01.610 [main] WARN  org.hibernate.orm.deprecation - HHH90000025: H2Dialect does not need to be specified explicitly using 'hibernate.dialect' (remove the property setting and it will be selected by default)
2025-03-08 14:16:01.615 [http-nio-8083-exec-9] DEBUG o.s.security.web.FilterChainProxy - Securing GET /actuator/health
2025-03-08 14:16:01.616 [http-nio-8083-exec-9] DEBUG o.s.s.w.a.AnonymousAuthenticationFilter - Set SecurityContextHolder to anonymous SecurityContext
2025-03-08 14:16:01.617 [http-nio-8083-exec-9] DEBUG o.s.s.w.s.HttpSessionRequestCache - Saved request http://localhost:8083/actuator/health?continue to session
2025-03-08 14:16:01.617 [http-nio-8083-exec-9] DEBUG o.s.s.w.a.DelegatingAuthenticationEntryPoint - Trying to match using And [Not [RequestHeaderRequestMatcher [expectedHeaderName=X-Requested-With, expectedHeaderValue=XMLHttpRequest]], MediaTypeRequestMatcher [contentNegotiationStrategy=org.springframework.web.accept.ContentNegotiationManager@36453773, matchingMediaTypes=[application/xhtml+xml, image/*, text/html, text/plain], useEquals=false, ignoredMediaTypes=[*/*]]]
2025-03-08 14:16:01.617 [http-nio-8083-exec-9] DEBUG o.s.s.w.a.DelegatingAuthenticationEntryPoint - Trying to match using Or [RequestHeaderRequestMatcher [expectedHeaderName=X-Requested-With, expectedHeaderValue=XMLHttpRequest], And [Not [MediaTypeRequestMatcher [contentNegotiationStrategy=org.springframework.web.accept.ContentNegotiationManager@36453773, matchingMediaTypes=[text/html], useEquals=false, ignoredMediaTypes=[]]], MediaTypeRequestMatcher [contentNegotiationStrategy=org.springframework.web.accept.ContentNegotiationManager@36453773, matchingMediaTypes=[application/atom+xml, application/x-www-form-urlencoded, application/json, application/octet-stream, application/xml, multipart/form-data, text/xml], useEquals=false, ignoredMediaTypes=[*/*]]], MediaTypeRequestMatcher [contentNegotiationStrategy=org.springframework.web.accept.ContentNegotiationManager@36453773, matchingMediaTypes=[*/*], useEquals=true, ignoredMediaTypes=[]]]
2025-03-08 14:16:01.617 [http-nio-8083-exec-9] DEBUG o.s.s.w.a.DelegatingAuthenticationEntryPoint - Match found! Executing org.springframework.security.web.authentication.DelegatingAuthenticationEntryPoint@50caeb4b
2025-03-08 14:16:01.617 [http-nio-8083-exec-9] DEBUG o.s.s.w.a.DelegatingAuthenticationEntryPoint - Trying to match using RequestHeaderRequestMatcher [expectedHeaderName=X-Requested-With, expectedHeaderValue=XMLHttpRequest]
2025-03-08 14:16:01.617 [http-nio-8083-exec-9] DEBUG o.s.s.w.a.DelegatingAuthenticationEntryPoint - No match found. Using default entry point org.springframework.security.web.authentication.www.BasicAuthenticationEntryPoint@6d8d435b
2025-03-08 14:16:01.618 [http-nio-8083-exec-9] DEBUG o.s.security.web.FilterChainProxy - Securing GET /error
2025-03-08 14:16:01.618 [http-nio-8083-exec-9] DEBUG o.s.s.w.a.AnonymousAuthenticationFilter - Set SecurityContextHolder to anonymous SecurityContext
2025-03-08 14:16:01.618 [http-nio-8083-exec-9] DEBUG o.s.s.w.s.HttpSessionRequestCache - Saved request http://localhost:8083/error?continue to session
2025-03-08 14:16:01.618 [http-nio-8083-exec-9] DEBUG o.s.s.w.a.DelegatingAuthenticationEntryPoint - Trying to match using And [Not [RequestHeaderRequestMatcher [expectedHeaderName=X-Requested-With, expectedHeaderValue=XMLHttpRequest]], MediaTypeRequestMatcher [contentNegotiationStrategy=org.springframework.web.accept.ContentNegotiationManager@36453773, matchingMediaTypes=[application/xhtml+xml, image/*, text/html, text/plain], useEquals=false, ignoredMediaTypes=[*/*]]]
2025-03-08 14:16:01.619 [http-nio-8083-exec-9] DEBUG o.s.s.w.a.DelegatingAuthenticationEntryPoint - Trying to match using Or [RequestHeaderRequestMatcher [expectedHeaderName=X-Requested-With, expectedHeaderValue=XMLHttpRequest], And [Not [MediaTypeRequestMatcher [contentNegotiationStrategy=org.springframework.web.accept.ContentNegotiationManager@36453773, matchingMediaTypes=[text/html], useEquals=false, ignoredMediaTypes=[]]], MediaTypeRequestMatcher [contentNegotiationStrategy=org.springframework.web.accept.ContentNegotiationManager@36453773, matchingMediaTypes=[application/atom+xml, application/x-www-form-urlencoded, application/json, application/octet-stream, application/xml, multipart/form-data, text/xml], useEquals=false, ignoredMediaTypes=[*/*]]], MediaTypeRequestMatcher [contentNegotiationStrategy=org.springframework.web.accept.ContentNegotiationManager@36453773, matchingMediaTypes=[*/*], useEquals=true, ignoredMediaTypes=[]]]
2025-03-08 14:16:01.619 [http-nio-8083-exec-9] DEBUG o.s.s.w.a.DelegatingAuthenticationEntryPoint - Match found! Executing org.springframework.security.web.authentication.DelegatingAuthenticationEntryPoint@50caeb4b
2025-03-08 14:16:01.619 [http-nio-8083-exec-9] DEBUG o.s.s.w.a.DelegatingAuthenticationEntryPoint - Trying to match using RequestHeaderRequestMatcher [expectedHeaderName=X-Requested-With, expectedHeaderValue=XMLHttpRequest]
2025-03-08 14:16:01.619 [http-nio-8083-exec-9] DEBUG o.s.s.w.a.DelegatingAuthenticationEntryPoint - No match found. Using default entry point org.springframework.security.web.authentication.www.BasicAuthenticationEntryPoint@6d8d435b
2025-03-08 14:16:01.806 [main] INFO  o.h.e.t.j.p.i.JtaPlatformInitiator - HHH000489: No JTA platform available (set 'hibernate.transaction.jta.platform' to enable JTA platform integration)
2025-03-08 14:16:01.809 [main] INFO  o.s.o.j.LocalContainerEntityManagerFactoryBean - Initialized JPA EntityManagerFactory for persistence unit 'default'
2025-03-08 14:16:01.995 [main] DEBUG o.s.w.s.s.s.WebSocketHandlerMapping - Patterns [/ws/**] in 'stompWebSocketHandlerMapping'
2025-03-08 14:16:02.042 [main] WARN  o.s.b.a.o.j.JpaBaseConfiguration$JpaWebConfiguration - spring.jpa.open-in-view is enabled by default. Therefore, database queries may be performed during view rendering. Explicitly configure spring.jpa.open-in-view to disable this warning
2025-03-08 14:16:02.085 [main] DEBUG o.s.w.s.m.WebSocketAnnotationMethodMessageHandler - 
	c.c.c.LogController:
	
2025-03-08 14:16:02.092 [main] DEBUG o.s.w.s.m.WebSocketAnnotationMethodMessageHandler - 
	c.c.c.WebRTCSignalingController:
	{[MESSAGE],[/webrtc/config]}: getWebRTCConfig(SimpMessageHeaderAccessor)
	{[MESSAGE],[/webrtc/ice-candidate]}: iceCandidate(WebRTCSignal,SimpMessageHeaderAccessor)
	{[MESSAGE],[/webrtc/adjust-bitrate]}: adjustBitrate(WebRTCSignal,SimpMessageHeaderAccessor)
	{[MESSAGE],[/webrtc/hangup]}: hangup(Map,SimpMessageHeaderAccessor)
	{[MESSAGE],[/webrtc/call]}: call(Map,SimpMessageHeaderAccessor)
	{[MESSAGE],[/webrtc/answer]}: answer(WebRTCSignal,SimpMessageHeaderAccessor)
2025-03-08 14:16:02.100 [main] DEBUG o.s.w.s.m.WebSocketAnnotationMethodMessageHandler - 
	o.s.b.a.w.s.e.BasicErrorController:
	
2025-03-08 14:16:02.267 [main] DEBUG o.s.w.s.m.m.a.RequestMappingHandlerMapping - 3 mappings in 'requestMappingHandlerMapping'
2025-03-08 14:16:02.317 [main] DEBUG o.s.w.s.h.SimpleUrlHandlerMapping - Patterns [/webjars/**, /**] in 'resourceHandlerMapping'
2025-03-08 14:16:02.364 [main] DEBUG o.s.w.s.m.m.a.RequestMappingHandlerAdapter - ControllerAdvice beans: 0 @ModelAttribute, 0 @InitBinder, 1 RequestBodyAdvice, 1 ResponseBodyAdvice
2025-03-08 14:16:02.425 [main] DEBUG o.s.w.s.m.m.a.ExceptionHandlerExceptionResolver - ControllerAdvice beans: 0 @ExceptionHandler, 1 ResponseBodyAdvice
2025-03-08 14:16:02.709 [main] INFO  o.s.s.web.DefaultSecurityFilterChain - Will secure any request with [org.springframework.security.web.session.DisableEncodeUrlFilter@75adb1c0, org.springframework.security.web.context.request.async.WebAsyncManagerIntegrationFilter@5cfe28e1, org.springframework.security.web.context.SecurityContextHolderFilter@4c8a9266, org.springframework.security.web.header.HeaderWriterFilter@5aeebccc, org.springframework.web.filter.CorsFilter@7ac90dab, org.springframework.security.web.csrf.CsrfFilter@44587c44, org.springframework.security.web.authentication.logout.LogoutFilter@b87ea8b, org.springframework.security.web.authentication.UsernamePasswordAuthenticationFilter@308be1a3, org.springframework.security.web.authentication.ui.DefaultLoginPageGeneratingFilter@6c7f804c, org.springframework.security.web.authentication.ui.DefaultLogoutPageGeneratingFilter@40d370fa, org.springframework.security.web.authentication.www.BasicAuthenticationFilter@5535e9, org.springframework.security.web.savedrequest.RequestCacheAwareFilter@3e73f5e7, org.springframework.security.web.servletapi.SecurityContextHolderAwareRequestFilter@495bc9e7, org.springframework.security.web.authentication.AnonymousAuthenticationFilter@5868ea91, org.springframework.security.web.access.ExceptionTranslationFilter@36349e29, org.springframework.security.web.access.intercept.AuthorizationFilter@66fff42f]
2025-03-08 14:16:02.758 [main] INFO  o.a.coyote.http11.Http11NioProtocol - Starting ProtocolHandler ["http-nio-8083"]
2025-03-08 14:16:02.773 [main] WARN  o.s.b.w.s.c.AnnotationConfigServletWebServerApplicationContext - Exception encountered during context initialization - cancelling refresh attempt: org.springframework.context.ApplicationContextException: Failed to start bean 'webServerStartStop'
2025-03-08 14:16:02.778 [main] INFO  o.s.o.j.LocalContainerEntityManagerFactoryBean - Closing JPA EntityManagerFactory for persistence unit 'default'
2025-03-08 14:16:02.797 [main] INFO  o.s.b.a.l.ConditionEvaluationReportLogger - 

Error starting ApplicationContext. To display the condition evaluation report re-run your application with 'debug' enabled.
2025-03-08 14:16:02.834 [main] ERROR o.s.b.d.LoggingFailureAnalysisReporter - 

***************************
APPLICATION FAILED TO START
***************************

Description:

Web server failed to start. Port 8083 was already in use.

Action:

Identify and stop the process that's listening on port 8083 or configure this application to listen on another port.

2025-03-08 14:16:03.727 [http-nio-8083-exec-1] DEBUG o.s.security.web.FilterChainProxy - Securing GET /actuator/health
2025-03-08 14:16:03.728 [http-nio-8083-exec-1] DEBUG o.s.s.w.a.AnonymousAuthenticationFilter - Set SecurityContextHolder to anonymous SecurityContext
2025-03-08 14:16:03.729 [http-nio-8083-exec-1] DEBUG o.s.s.w.s.HttpSessionRequestCache - Saved request http://localhost:8083/actuator/health?continue to session
2025-03-08 14:16:03.729 [http-nio-8083-exec-1] DEBUG o.s.s.w.a.DelegatingAuthenticationEntryPoint - Trying to match using And [Not [RequestHeaderRequestMatcher [expectedHeaderName=X-Requested-With, expectedHeaderValue=XMLHttpRequest]], MediaTypeRequestMatcher [contentNegotiationStrategy=org.springframework.web.accept.ContentNegotiationManager@36453773, matchingMediaTypes=[application/xhtml+xml, image/*, text/html, text/plain], useEquals=false, ignoredMediaTypes=[*/*]]]
2025-03-08 14:16:03.729 [http-nio-8083-exec-1] DEBUG o.s.s.w.a.DelegatingAuthenticationEntryPoint - Trying to match using Or [RequestHeaderRequestMatcher [expectedHeaderName=X-Requested-With, expectedHeaderValue=XMLHttpRequest], And [Not [MediaTypeRequestMatcher [contentNegotiationStrategy=org.springframework.web.accept.ContentNegotiationManager@36453773, matchingMediaTypes=[text/html], useEquals=false, ignoredMediaTypes=[]]], MediaTypeRequestMatcher [contentNegotiationStrategy=org.springframework.web.accept.ContentNegotiationManager@36453773, matchingMediaTypes=[application/atom+xml, application/x-www-form-urlencoded, application/json, application/octet-stream, application/xml, multipart/form-data, text/xml], useEquals=false, ignoredMediaTypes=[*/*]]], MediaTypeRequestMatcher [contentNegotiationStrategy=org.springframework.web.accept.ContentNegotiationManager@36453773, matchingMediaTypes=[*/*], useEquals=true, ignoredMediaTypes=[]]]
2025-03-08 14:16:03.730 [http-nio-8083-exec-1] DEBUG o.s.s.w.a.DelegatingAuthenticationEntryPoint - Match found! Executing org.springframework.security.web.authentication.DelegatingAuthenticationEntryPoint@50caeb4b
2025-03-08 14:16:03.730 [http-nio-8083-exec-1] DEBUG o.s.s.w.a.DelegatingAuthenticationEntryPoint - Trying to match using RequestHeaderRequestMatcher [expectedHeaderName=X-Requested-With, expectedHeaderValue=XMLHttpRequest]
2025-03-08 14:16:03.730 [http-nio-8083-exec-1] DEBUG o.s.s.w.a.DelegatingAuthenticationEntryPoint - No match found. Using default entry point org.springframework.security.web.authentication.www.BasicAuthenticationEntryPoint@6d8d435b
2025-03-08 14:16:03.732 [http-nio-8083-exec-1] DEBUG o.s.security.web.FilterChainProxy - Securing GET /error
2025-03-08 14:16:03.732 [http-nio-8083-exec-1] DEBUG o.s.s.w.a.AnonymousAuthenticationFilter - Set SecurityContextHolder to anonymous SecurityContext
2025-03-08 14:16:03.732 [http-nio-8083-exec-1] DEBUG o.s.s.w.s.HttpSessionRequestCache - Saved request http://localhost:8083/error?continue to session
2025-03-08 14:16:03.733 [http-nio-8083-exec-1] DEBUG o.s.s.w.a.DelegatingAuthenticationEntryPoint - Trying to match using And [Not [RequestHeaderRequestMatcher [expectedHeaderName=X-Requested-With, expectedHeaderValue=XMLHttpRequest]], MediaTypeRequestMatcher [contentNegotiationStrategy=org.springframework.web.accept.ContentNegotiationManager@36453773, matchingMediaTypes=[application/xhtml+xml, image/*, text/html, text/plain], useEquals=false, ignoredMediaTypes=[*/*]]]
2025-03-08 14:16:03.733 [http-nio-8083-exec-1] DEBUG o.s.s.w.a.DelegatingAuthenticationEntryPoint - Trying to match using Or [RequestHeaderRequestMatcher [expectedHeaderName=X-Requested-With, expectedHeaderValue=XMLHttpRequest], And [Not [MediaTypeRequestMatcher [contentNegotiationStrategy=org.springframework.web.accept.ContentNegotiationManager@36453773, matchingMediaTypes=[text/html], useEquals=false, ignoredMediaTypes=[]]], MediaTypeRequestMatcher [contentNegotiationStrategy=org.springframework.web.accept.ContentNegotiationManager@36453773, matchingMediaTypes=[application/atom+xml, application/x-www-form-urlencoded, application/json, application/octet-stream, application/xml, multipart/form-data, text/xml], useEquals=false, ignoredMediaTypes=[*/*]]], MediaTypeRequestMatcher [contentNegotiationStrategy=org.springframework.web.accept.ContentNegotiationManager@36453773, matchingMediaTypes=[*/*], useEquals=true, ignoredMediaTypes=[]]]
2025-03-08 14:16:03.733 [http-nio-8083-exec-1] DEBUG o.s.s.w.a.DelegatingAuthenticationEntryPoint - Match found! Executing org.springframework.security.web.authentication.DelegatingAuthenticationEntryPoint@50caeb4b
2025-03-08 14:16:03.733 [http-nio-8083-exec-1] DEBUG o.s.s.w.a.DelegatingAuthenticationEntryPoint - Trying to match using RequestHeaderRequestMatcher [expectedHeaderName=X-Requested-With, expectedHeaderValue=XMLHttpRequest]
2025-03-08 14:16:03.733 [http-nio-8083-exec-1] DEBUG o.s.s.w.a.DelegatingAuthenticationEntryPoint - No match found. Using default entry point org.springframework.security.web.authentication.www.BasicAuthenticationEntryPoint@6d8d435b
2025-03-08 14:16:05.863 [http-nio-8083-exec-2] DEBUG o.s.security.web.FilterChainProxy - Securing GET /actuator/health
2025-03-08 14:16:05.863 [http-nio-8083-exec-2] DEBUG o.s.s.w.a.AnonymousAuthenticationFilter - Set SecurityContextHolder to anonymous SecurityContext
2025-03-08 14:16:05.864 [http-nio-8083-exec-2] DEBUG o.s.s.w.s.HttpSessionRequestCache - Saved request http://localhost:8083/actuator/health?continue to session
2025-03-08 14:16:05.865 [http-nio-8083-exec-2] DEBUG o.s.s.w.a.DelegatingAuthenticationEntryPoint - Trying to match using And [Not [RequestHeaderRequestMatcher [expectedHeaderName=X-Requested-With, expectedHeaderValue=XMLHttpRequest]], MediaTypeRequestMatcher [contentNegotiationStrategy=org.springframework.web.accept.ContentNegotiationManager@36453773, matchingMediaTypes=[application/xhtml+xml, image/*, text/html, text/plain], useEquals=false, ignoredMediaTypes=[*/*]]]
2025-03-08 14:16:05.865 [http-nio-8083-exec-2] DEBUG o.s.s.w.a.DelegatingAuthenticationEntryPoint - Trying to match using Or [RequestHeaderRequestMatcher [expectedHeaderName=X-Requested-With, expectedHeaderValue=XMLHttpRequest], And [Not [MediaTypeRequestMatcher [contentNegotiationStrategy=org.springframework.web.accept.ContentNegotiationManager@36453773, matchingMediaTypes=[text/html], useEquals=false, ignoredMediaTypes=[]]], MediaTypeRequestMatcher [contentNegotiationStrategy=org.springframework.web.accept.ContentNegotiationManager@36453773, matchingMediaTypes=[application/atom+xml, application/x-www-form-urlencoded, application/json, application/octet-stream, application/xml, multipart/form-data, text/xml], useEquals=false, ignoredMediaTypes=[*/*]]], MediaTypeRequestMatcher [contentNegotiationStrategy=org.springframework.web.accept.ContentNegotiationManager@36453773, matchingMediaTypes=[*/*], useEquals=true, ignoredMediaTypes=[]]]
2025-03-08 14:16:05.865 [http-nio-8083-exec-2] DEBUG o.s.s.w.a.DelegatingAuthenticationEntryPoint - Match found! Executing org.springframework.security.web.authentication.DelegatingAuthenticationEntryPoint@50caeb4b
2025-03-08 14:16:05.865 [http-nio-8083-exec-2] DEBUG o.s.s.w.a.DelegatingAuthenticationEntryPoint - Trying to match using RequestHeaderRequestMatcher [expectedHeaderName=X-Requested-With, expectedHeaderValue=XMLHttpRequest]
2025-03-08 14:16:05.865 [http-nio-8083-exec-2] DEBUG o.s.s.w.a.DelegatingAuthenticationEntryPoint - No match found. Using default entry point org.springframework.security.web.authentication.www.BasicAuthenticationEntryPoint@6d8d435b
2025-03-08 14:16:05.866 [http-nio-8083-exec-2] DEBUG o.s.security.web.FilterChainProxy - Securing GET /error
2025-03-08 14:16:05.866 [http-nio-8083-exec-2] DEBUG o.s.s.w.a.AnonymousAuthenticationFilter - Set SecurityContextHolder to anonymous SecurityContext
2025-03-08 14:16:05.866 [http-nio-8083-exec-2] DEBUG o.s.s.w.s.HttpSessionRequestCache - Saved request http://localhost:8083/error?continue to session
2025-03-08 14:16:05.867 [http-nio-8083-exec-2] DEBUG o.s.s.w.a.DelegatingAuthenticationEntryPoint - Trying to match using And [Not [RequestHeaderRequestMatcher [expectedHeaderName=X-Requested-With, expectedHeaderValue=XMLHttpRequest]], MediaTypeRequestMatcher [contentNegotiationStrategy=org.springframework.web.accept.ContentNegotiationManager@36453773, matchingMediaTypes=[application/xhtml+xml, image/*, text/html, text/plain], useEquals=false, ignoredMediaTypes=[*/*]]]
2025-03-08 14:16:05.867 [http-nio-8083-exec-2] DEBUG o.s.s.w.a.DelegatingAuthenticationEntryPoint - Trying to match using Or [RequestHeaderRequestMatcher [expectedHeaderName=X-Requested-With, expectedHeaderValue=XMLHttpRequest], And [Not [MediaTypeRequestMatcher [contentNegotiationStrategy=org.springframework.web.accept.ContentNegotiationManager@36453773, matchingMediaTypes=[text/html], useEquals=false, ignoredMediaTypes=[]]], MediaTypeRequestMatcher [contentNegotiationStrategy=org.springframework.web.accept.ContentNegotiationManager@36453773, matchingMediaTypes=[application/atom+xml, application/x-www-form-urlencoded, application/json, application/octet-stream, application/xml, multipart/form-data, text/xml], useEquals=false, ignoredMediaTypes=[*/*]]], MediaTypeRequestMatcher [contentNegotiationStrategy=org.springframework.web.accept.ContentNegotiationManager@36453773, matchingMediaTypes=[*/*], useEquals=true, ignoredMediaTypes=[]]]
2025-03-08 14:16:05.867 [http-nio-8083-exec-2] DEBUG o.s.s.w.a.DelegatingAuthenticationEntryPoint - Match found! Executing org.springframework.security.web.authentication.DelegatingAuthenticationEntryPoint@50caeb4b
2025-03-08 14:16:05.867 [http-nio-8083-exec-2] DEBUG o.s.s.w.a.DelegatingAuthenticationEntryPoint - Trying to match using RequestHeaderRequestMatcher [expectedHeaderName=X-Requested-With, expectedHeaderValue=XMLHttpRequest]
2025-03-08 14:16:05.867 [http-nio-8083-exec-2] DEBUG o.s.s.w.a.DelegatingAuthenticationEntryPoint - No match found. Using default entry point org.springframework.security.web.authentication.www.BasicAuthenticationEntryPoint@6d8d435b
2025-03-08 14:16:07.975 [http-nio-8083-exec-4] DEBUG o.s.security.web.FilterChainProxy - Securing GET /actuator/health
2025-03-08 14:16:07.976 [http-nio-8083-exec-4] DEBUG o.s.s.w.a.AnonymousAuthenticationFilter - Set SecurityContextHolder to anonymous SecurityContext
2025-03-08 14:16:07.977 [http-nio-8083-exec-4] DEBUG o.s.s.w.s.HttpSessionRequestCache - Saved request http://localhost:8083/actuator/health?continue to session
2025-03-08 14:16:07.977 [http-nio-8083-exec-4] DEBUG o.s.s.w.a.DelegatingAuthenticationEntryPoint - Trying to match using And [Not [RequestHeaderRequestMatcher [expectedHeaderName=X-Requested-With, expectedHeaderValue=XMLHttpRequest]], MediaTypeRequestMatcher [contentNegotiationStrategy=org.springframework.web.accept.ContentNegotiationManager@36453773, matchingMediaTypes=[application/xhtml+xml, image/*, text/html, text/plain], useEquals=false, ignoredMediaTypes=[*/*]]]
2025-03-08 14:16:07.977 [http-nio-8083-exec-4] DEBUG o.s.s.w.a.DelegatingAuthenticationEntryPoint - Trying to match using Or [RequestHeaderRequestMatcher [expectedHeaderName=X-Requested-With, expectedHeaderValue=XMLHttpRequest], And [Not [MediaTypeRequestMatcher [contentNegotiationStrategy=org.springframework.web.accept.ContentNegotiationManager@36453773, matchingMediaTypes=[text/html], useEquals=false, ignoredMediaTypes=[]]], MediaTypeRequestMatcher [contentNegotiationStrategy=org.springframework.web.accept.ContentNegotiationManager@36453773, matchingMediaTypes=[application/atom+xml, application/x-www-form-urlencoded, application/json, application/octet-stream, application/xml, multipart/form-data, text/xml], useEquals=false, ignoredMediaTypes=[*/*]]], MediaTypeRequestMatcher [contentNegotiationStrategy=org.springframework.web.accept.ContentNegotiationManager@36453773, matchingMediaTypes=[*/*], useEquals=true, ignoredMediaTypes=[]]]
2025-03-08 14:16:07.977 [http-nio-8083-exec-4] DEBUG o.s.s.w.a.DelegatingAuthenticationEntryPoint - Match found! Executing org.springframework.security.web.authentication.DelegatingAuthenticationEntryPoint@50caeb4b
2025-03-08 14:16:07.977 [http-nio-8083-exec-4] DEBUG o.s.s.w.a.DelegatingAuthenticationEntryPoint - Trying to match using RequestHeaderRequestMatcher [expectedHeaderName=X-Requested-With, expectedHeaderValue=XMLHttpRequest]
2025-03-08 14:16:07.977 [http-nio-8083-exec-4] DEBUG o.s.s.w.a.DelegatingAuthenticationEntryPoint - No match found. Using default entry point org.springframework.security.web.authentication.www.BasicAuthenticationEntryPoint@6d8d435b
2025-03-08 14:16:07.979 [http-nio-8083-exec-4] DEBUG o.s.security.web.FilterChainProxy - Securing GET /error
2025-03-08 14:16:07.979 [http-nio-8083-exec-4] DEBUG o.s.s.w.a.AnonymousAuthenticationFilter - Set SecurityContextHolder to anonymous SecurityContext
2025-03-08 14:16:07.980 [http-nio-8083-exec-4] DEBUG o.s.s.w.s.HttpSessionRequestCache - Saved request http://localhost:8083/error?continue to session
2025-03-08 14:16:07.980 [http-nio-8083-exec-4] DEBUG o.s.s.w.a.DelegatingAuthenticationEntryPoint - Trying to match using And [Not [RequestHeaderRequestMatcher [expectedHeaderName=X-Requested-With, expectedHeaderValue=XMLHttpRequest]], MediaTypeRequestMatcher [contentNegotiationStrategy=org.springframework.web.accept.ContentNegotiationManager@36453773, matchingMediaTypes=[application/xhtml+xml, image/*, text/html, text/plain], useEquals=false, ignoredMediaTypes=[*/*]]]
2025-03-08 14:16:07.980 [http-nio-8083-exec-4] DEBUG o.s.s.w.a.DelegatingAuthenticationEntryPoint - Trying to match using Or [RequestHeaderRequestMatcher [expectedHeaderName=X-Requested-With, expectedHeaderValue=XMLHttpRequest], And [Not [MediaTypeRequestMatcher [contentNegotiationStrategy=org.springframework.web.accept.ContentNegotiationManager@36453773, matchingMediaTypes=[text/html], useEquals=false, ignoredMediaTypes=[]]], MediaTypeRequestMatcher [contentNegotiationStrategy=org.springframework.web.accept.ContentNegotiationManager@36453773, matchingMediaTypes=[application/atom+xml, application/x-www-form-urlencoded, application/json, application/octet-stream, application/xml, multipart/form-data, text/xml], useEquals=false, ignoredMediaTypes=[*/*]]], MediaTypeRequestMatcher [contentNegotiationStrategy=org.springframework.web.accept.ContentNegotiationManager@36453773, matchingMediaTypes=[*/*], useEquals=true, ignoredMediaTypes=[]]]
2025-03-08 14:16:07.980 [http-nio-8083-exec-4] DEBUG o.s.s.w.a.DelegatingAuthenticationEntryPoint - Match found! Executing org.springframework.security.web.authentication.DelegatingAuthenticationEntryPoint@50caeb4b
2025-03-08 14:16:07.980 [http-nio-8083-exec-4] DEBUG o.s.s.w.a.DelegatingAuthenticationEntryPoint - Trying to match using RequestHeaderRequestMatcher [expectedHeaderName=X-Requested-With, expectedHeaderValue=XMLHttpRequest]
2025-03-08 14:16:07.980 [http-nio-8083-exec-4] DEBUG o.s.s.w.a.DelegatingAuthenticationEntryPoint - No match found. Using default entry point org.springframework.security.web.authentication.www.BasicAuthenticationEntryPoint@6d8d435b
2025-03-08 14:16:10.099 [http-nio-8083-exec-3] DEBUG o.s.security.web.FilterChainProxy - Securing GET /actuator/health
2025-03-08 14:16:10.099 [http-nio-8083-exec-3] DEBUG o.s.s.w.a.AnonymousAuthenticationFilter - Set SecurityContextHolder to anonymous SecurityContext
2025-03-08 14:16:10.100 [http-nio-8083-exec-3] DEBUG o.s.s.w.s.HttpSessionRequestCache - Saved request http://localhost:8083/actuator/health?continue to session
2025-03-08 14:16:10.100 [http-nio-8083-exec-3] DEBUG o.s.s.w.a.DelegatingAuthenticationEntryPoint - Trying to match using And [Not [RequestHeaderRequestMatcher [expectedHeaderName=X-Requested-With, expectedHeaderValue=XMLHttpRequest]], MediaTypeRequestMatcher [contentNegotiationStrategy=org.springframework.web.accept.ContentNegotiationManager@36453773, matchingMediaTypes=[application/xhtml+xml, image/*, text/html, text/plain], useEquals=false, ignoredMediaTypes=[*/*]]]
2025-03-08 14:16:10.100 [http-nio-8083-exec-3] DEBUG o.s.s.w.a.DelegatingAuthenticationEntryPoint - Trying to match using Or [RequestHeaderRequestMatcher [expectedHeaderName=X-Requested-With, expectedHeaderValue=XMLHttpRequest], And [Not [MediaTypeRequestMatcher [contentNegotiationStrategy=org.springframework.web.accept.ContentNegotiationManager@36453773, matchingMediaTypes=[text/html], useEquals=false, ignoredMediaTypes=[]]], MediaTypeRequestMatcher [contentNegotiationStrategy=org.springframework.web.accept.ContentNegotiationManager@36453773, matchingMediaTypes=[application/atom+xml, application/x-www-form-urlencoded, application/json, application/octet-stream, application/xml, multipart/form-data, text/xml], useEquals=false, ignoredMediaTypes=[*/*]]], MediaTypeRequestMatcher [contentNegotiationStrategy=org.springframework.web.accept.ContentNegotiationManager@36453773, matchingMediaTypes=[*/*], useEquals=true, ignoredMediaTypes=[]]]
2025-03-08 14:16:10.101 [http-nio-8083-exec-3] DEBUG o.s.s.w.a.DelegatingAuthenticationEntryPoint - Match found! Executing org.springframework.security.web.authentication.DelegatingAuthenticationEntryPoint@50caeb4b
2025-03-08 14:16:10.101 [http-nio-8083-exec-3] DEBUG o.s.s.w.a.DelegatingAuthenticationEntryPoint - Trying to match using RequestHeaderRequestMatcher [expectedHeaderName=X-Requested-With, expectedHeaderValue=XMLHttpRequest]
2025-03-08 14:16:10.101 [http-nio-8083-exec-3] DEBUG o.s.s.w.a.DelegatingAuthenticationEntryPoint - No match found. Using default entry point org.springframework.security.web.authentication.www.BasicAuthenticationEntryPoint@6d8d435b
2025-03-08 14:16:10.102 [http-nio-8083-exec-3] DEBUG o.s.security.web.FilterChainProxy - Securing GET /error
2025-03-08 14:16:10.102 [http-nio-8083-exec-3] DEBUG o.s.s.w.a.AnonymousAuthenticationFilter - Set SecurityContextHolder to anonymous SecurityContext
2025-03-08 14:16:10.103 [http-nio-8083-exec-3] DEBUG o.s.s.w.s.HttpSessionRequestCache - Saved request http://localhost:8083/error?continue to session
2025-03-08 14:16:10.103 [http-nio-8083-exec-3] DEBUG o.s.s.w.a.DelegatingAuthenticationEntryPoint - Trying to match using And [Not [RequestHeaderRequestMatcher [expectedHeaderName=X-Requested-With, expectedHeaderValue=XMLHttpRequest]], MediaTypeRequestMatcher [contentNegotiationStrategy=org.springframework.web.accept.ContentNegotiationManager@36453773, matchingMediaTypes=[application/xhtml+xml, image/*, text/html, text/plain], useEquals=false, ignoredMediaTypes=[*/*]]]
2025-03-08 14:16:10.103 [http-nio-8083-exec-3] DEBUG o.s.s.w.a.DelegatingAuthenticationEntryPoint - Trying to match using Or [RequestHeaderRequestMatcher [expectedHeaderName=X-Requested-With, expectedHeaderValue=XMLHttpRequest], And [Not [MediaTypeRequestMatcher [contentNegotiationStrategy=org.springframework.web.accept.ContentNegotiationManager@36453773, matchingMediaTypes=[text/html], useEquals=false, ignoredMediaTypes=[]]], MediaTypeRequestMatcher [contentNegotiationStrategy=org.springframework.web.accept.ContentNegotiationManager@36453773, matchingMediaTypes=[application/atom+xml, application/x-www-form-urlencoded, application/json, application/octet-stream, application/xml, multipart/form-data, text/xml], useEquals=false, ignoredMediaTypes=[*/*]]], MediaTypeRequestMatcher [contentNegotiationStrategy=org.springframework.web.accept.ContentNegotiationManager@36453773, matchingMediaTypes=[*/*], useEquals=true, ignoredMediaTypes=[]]]
2025-03-08 14:16:10.103 [http-nio-8083-exec-3] DEBUG o.s.s.w.a.DelegatingAuthenticationEntryPoint - Match found! Executing org.springframework.security.web.authentication.DelegatingAuthenticationEntryPoint@50caeb4b
2025-03-08 14:16:10.103 [http-nio-8083-exec-3] DEBUG o.s.s.w.a.DelegatingAuthenticationEntryPoint - Trying to match using RequestHeaderRequestMatcher [expectedHeaderName=X-Requested-With, expectedHeaderValue=XMLHttpRequest]
2025-03-08 14:16:10.103 [http-nio-8083-exec-3] DEBUG o.s.s.w.a.DelegatingAuthenticationEntryPoint - No match found. Using default entry point org.springframework.security.web.authentication.www.BasicAuthenticationEntryPoint@6d8d435b
2025-03-08 14:16:12.222 [http-nio-8083-exec-10] DEBUG o.s.security.web.FilterChainProxy - Securing GET /actuator/health
2025-03-08 14:16:12.223 [http-nio-8083-exec-10] DEBUG o.s.s.w.a.AnonymousAuthenticationFilter - Set SecurityContextHolder to anonymous SecurityContext
2025-03-08 14:16:12.224 [http-nio-8083-exec-10] DEBUG o.s.s.w.s.HttpSessionRequestCache - Saved request http://localhost:8083/actuator/health?continue to session
2025-03-08 14:16:12.224 [http-nio-8083-exec-10] DEBUG o.s.s.w.a.DelegatingAuthenticationEntryPoint - Trying to match using And [Not [RequestHeaderRequestMatcher [expectedHeaderName=X-Requested-With, expectedHeaderValue=XMLHttpRequest]], MediaTypeRequestMatcher [contentNegotiationStrategy=org.springframework.web.accept.ContentNegotiationManager@36453773, matchingMediaTypes=[application/xhtml+xml, image/*, text/html, text/plain], useEquals=false, ignoredMediaTypes=[*/*]]]
2025-03-08 14:16:12.225 [http-nio-8083-exec-10] DEBUG o.s.s.w.a.DelegatingAuthenticationEntryPoint - Trying to match using Or [RequestHeaderRequestMatcher [expectedHeaderName=X-Requested-With, expectedHeaderValue=XMLHttpRequest], And [Not [MediaTypeRequestMatcher [contentNegotiationStrategy=org.springframework.web.accept.ContentNegotiationManager@36453773, matchingMediaTypes=[text/html], useEquals=false, ignoredMediaTypes=[]]], MediaTypeRequestMatcher [contentNegotiationStrategy=org.springframework.web.accept.ContentNegotiationManager@36453773, matchingMediaTypes=[application/atom+xml, application/x-www-form-urlencoded, application/json, application/octet-stream, application/xml, multipart/form-data, text/xml], useEquals=false, ignoredMediaTypes=[*/*]]], MediaTypeRequestMatcher [contentNegotiationStrategy=org.springframework.web.accept.ContentNegotiationManager@36453773, matchingMediaTypes=[*/*], useEquals=true, ignoredMediaTypes=[]]]
2025-03-08 14:16:12.226 [http-nio-8083-exec-10] DEBUG o.s.s.w.a.DelegatingAuthenticationEntryPoint - Match found! Executing org.springframework.security.web.authentication.DelegatingAuthenticationEntryPoint@50caeb4b
2025-03-08 14:16:12.226 [http-nio-8083-exec-10] DEBUG o.s.s.w.a.DelegatingAuthenticationEntryPoint - Trying to match using RequestHeaderRequestMatcher [expectedHeaderName=X-Requested-With, expectedHeaderValue=XMLHttpRequest]
2025-03-08 14:16:12.226 [http-nio-8083-exec-10] DEBUG o.s.s.w.a.DelegatingAuthenticationEntryPoint - No match found. Using default entry point org.springframework.security.web.authentication.www.BasicAuthenticationEntryPoint@6d8d435b
2025-03-08 14:16:12.227 [http-nio-8083-exec-10] DEBUG o.s.security.web.FilterChainProxy - Securing GET /error
2025-03-08 14:16:12.227 [http-nio-8083-exec-10] DEBUG o.s.s.w.a.AnonymousAuthenticationFilter - Set SecurityContextHolder to anonymous SecurityContext
2025-03-08 14:16:12.229 [http-nio-8083-exec-10] DEBUG o.s.s.w.s.HttpSessionRequestCache - Saved request http://localhost:8083/error?continue to session
2025-03-08 14:16:12.229 [http-nio-8083-exec-10] DEBUG o.s.s.w.a.DelegatingAuthenticationEntryPoint - Trying to match using And [Not [RequestHeaderRequestMatcher [expectedHeaderName=X-Requested-With, expectedHeaderValue=XMLHttpRequest]], MediaTypeRequestMatcher [contentNegotiationStrategy=org.springframework.web.accept.ContentNegotiationManager@36453773, matchingMediaTypes=[application/xhtml+xml, image/*, text/html, text/plain], useEquals=false, ignoredMediaTypes=[*/*]]]
2025-03-08 14:16:12.229 [http-nio-8083-exec-10] DEBUG o.s.s.w.a.DelegatingAuthenticationEntryPoint - Trying to match using Or [RequestHeaderRequestMatcher [expectedHeaderName=X-Requested-With, expectedHeaderValue=XMLHttpRequest], And [Not [MediaTypeRequestMatcher [contentNegotiationStrategy=org.springframework.web.accept.ContentNegotiationManager@36453773, matchingMediaTypes=[text/html], useEquals=false, ignoredMediaTypes=[]]], MediaTypeRequestMatcher [contentNegotiationStrategy=org.springframework.web.accept.ContentNegotiationManager@36453773, matchingMediaTypes=[application/atom+xml, application/x-www-form-urlencoded, application/json, application/octet-stream, application/xml, multipart/form-data, text/xml], useEquals=false, ignoredMediaTypes=[*/*]]], MediaTypeRequestMatcher [contentNegotiationStrategy=org.springframework.web.accept.ContentNegotiationManager@36453773, matchingMediaTypes=[*/*], useEquals=true, ignoredMediaTypes=[]]]
2025-03-08 14:16:12.229 [http-nio-8083-exec-10] DEBUG o.s.s.w.a.DelegatingAuthenticationEntryPoint - Match found! Executing org.springframework.security.web.authentication.DelegatingAuthenticationEntryPoint@50caeb4b
2025-03-08 14:16:12.229 [http-nio-8083-exec-10] DEBUG o.s.s.w.a.DelegatingAuthenticationEntryPoint - Trying to match using RequestHeaderRequestMatcher [expectedHeaderName=X-Requested-With, expectedHeaderValue=XMLHttpRequest]
2025-03-08 14:16:12.229 [http-nio-8083-exec-10] DEBUG o.s.s.w.a.DelegatingAuthenticationEntryPoint - No match found. Using default entry point org.springframework.security.web.authentication.www.BasicAuthenticationEntryPoint@6d8d435b
2025-03-08 14:16:14.340 [http-nio-8083-exec-8] DEBUG o.s.security.web.FilterChainProxy - Securing GET /actuator/health
2025-03-08 14:16:14.340 [http-nio-8083-exec-8] DEBUG o.s.s.w.a.AnonymousAuthenticationFilter - Set SecurityContextHolder to anonymous SecurityContext
2025-03-08 14:16:14.341 [http-nio-8083-exec-8] DEBUG o.s.s.w.s.HttpSessionRequestCache - Saved request http://localhost:8083/actuator/health?continue to session
2025-03-08 14:16:14.341 [http-nio-8083-exec-8] DEBUG o.s.s.w.a.DelegatingAuthenticationEntryPoint - Trying to match using And [Not [RequestHeaderRequestMatcher [expectedHeaderName=X-Requested-With, expectedHeaderValue=XMLHttpRequest]], MediaTypeRequestMatcher [contentNegotiationStrategy=org.springframework.web.accept.ContentNegotiationManager@36453773, matchingMediaTypes=[application/xhtml+xml, image/*, text/html, text/plain], useEquals=false, ignoredMediaTypes=[*/*]]]
2025-03-08 14:16:14.341 [http-nio-8083-exec-8] DEBUG o.s.s.w.a.DelegatingAuthenticationEntryPoint - Trying to match using Or [RequestHeaderRequestMatcher [expectedHeaderName=X-Requested-With, expectedHeaderValue=XMLHttpRequest], And [Not [MediaTypeRequestMatcher [contentNegotiationStrategy=org.springframework.web.accept.ContentNegotiationManager@36453773, matchingMediaTypes=[text/html], useEquals=false, ignoredMediaTypes=[]]], MediaTypeRequestMatcher [contentNegotiationStrategy=org.springframework.web.accept.ContentNegotiationManager@36453773, matchingMediaTypes=[application/atom+xml, application/x-www-form-urlencoded, application/json, application/octet-stream, application/xml, multipart/form-data, text/xml], useEquals=false, ignoredMediaTypes=[*/*]]], MediaTypeRequestMatcher [contentNegotiationStrategy=org.springframework.web.accept.ContentNegotiationManager@36453773, matchingMediaTypes=[*/*], useEquals=true, ignoredMediaTypes=[]]]
2025-03-08 14:16:14.342 [http-nio-8083-exec-8] DEBUG o.s.s.w.a.DelegatingAuthenticationEntryPoint - Match found! Executing org.springframework.security.web.authentication.DelegatingAuthenticationEntryPoint@50caeb4b
2025-03-08 14:16:14.342 [http-nio-8083-exec-8] DEBUG o.s.s.w.a.DelegatingAuthenticationEntryPoint - Trying to match using RequestHeaderRequestMatcher [expectedHeaderName=X-Requested-With, expectedHeaderValue=XMLHttpRequest]
2025-03-08 14:16:14.342 [http-nio-8083-exec-8] DEBUG o.s.s.w.a.DelegatingAuthenticationEntryPoint - No match found. Using default entry point org.springframework.security.web.authentication.www.BasicAuthenticationEntryPoint@6d8d435b
2025-03-08 14:16:14.343 [http-nio-8083-exec-8] DEBUG o.s.security.web.FilterChainProxy - Securing GET /error
2025-03-08 14:16:14.344 [http-nio-8083-exec-8] DEBUG o.s.s.w.a.AnonymousAuthenticationFilter - Set SecurityContextHolder to anonymous SecurityContext
2025-03-08 14:16:14.344 [http-nio-8083-exec-8] DEBUG o.s.s.w.s.HttpSessionRequestCache - Saved request http://localhost:8083/error?continue to session
2025-03-08 14:16:14.344 [http-nio-8083-exec-8] DEBUG o.s.s.w.a.DelegatingAuthenticationEntryPoint - Trying to match using And [Not [RequestHeaderRequestMatcher [expectedHeaderName=X-Requested-With, expectedHeaderValue=XMLHttpRequest]], MediaTypeRequestMatcher [contentNegotiationStrategy=org.springframework.web.accept.ContentNegotiationManager@36453773, matchingMediaTypes=[application/xhtml+xml, image/*, text/html, text/plain], useEquals=false, ignoredMediaTypes=[*/*]]]
2025-03-08 14:16:14.344 [http-nio-8083-exec-8] DEBUG o.s.s.w.a.DelegatingAuthenticationEntryPoint - Trying to match using Or [RequestHeaderRequestMatcher [expectedHeaderName=X-Requested-With, expectedHeaderValue=XMLHttpRequest], And [Not [MediaTypeRequestMatcher [contentNegotiationStrategy=org.springframework.web.accept.ContentNegotiationManager@36453773, matchingMediaTypes=[text/html], useEquals=false, ignoredMediaTypes=[]]], MediaTypeRequestMatcher [contentNegotiationStrategy=org.springframework.web.accept.ContentNegotiationManager@36453773, matchingMediaTypes=[application/atom+xml, application/x-www-form-urlencoded, application/json, application/octet-stream, application/xml, multipart/form-data, text/xml], useEquals=false, ignoredMediaTypes=[*/*]]], MediaTypeRequestMatcher [contentNegotiationStrategy=org.springframework.web.accept.ContentNegotiationManager@36453773, matchingMediaTypes=[*/*], useEquals=true, ignoredMediaTypes=[]]]
2025-03-08 14:16:14.345 [http-nio-8083-exec-8] DEBUG o.s.s.w.a.DelegatingAuthenticationEntryPoint - Match found! Executing org.springframework.security.web.authentication.DelegatingAuthenticationEntryPoint@50caeb4b
2025-03-08 14:16:14.345 [http-nio-8083-exec-8] DEBUG o.s.s.w.a.DelegatingAuthenticationEntryPoint - Trying to match using RequestHeaderRequestMatcher [expectedHeaderName=X-Requested-With, expectedHeaderValue=XMLHttpRequest]
2025-03-08 14:16:14.345 [http-nio-8083-exec-8] DEBUG o.s.s.w.a.DelegatingAuthenticationEntryPoint - No match found. Using default entry point org.springframework.security.web.authentication.www.BasicAuthenticationEntryPoint@6d8d435b
2025-03-08 14:16:16.473 [http-nio-8083-exec-5] DEBUG o.s.security.web.FilterChainProxy - Securing GET /actuator/health
2025-03-08 14:16:16.474 [http-nio-8083-exec-5] DEBUG o.s.s.w.a.AnonymousAuthenticationFilter - Set SecurityContextHolder to anonymous SecurityContext
2025-03-08 14:16:16.475 [http-nio-8083-exec-5] DEBUG o.s.s.w.s.HttpSessionRequestCache - Saved request http://localhost:8083/actuator/health?continue to session
2025-03-08 14:16:16.475 [http-nio-8083-exec-5] DEBUG o.s.s.w.a.DelegatingAuthenticationEntryPoint - Trying to match using And [Not [RequestHeaderRequestMatcher [expectedHeaderName=X-Requested-With, expectedHeaderValue=XMLHttpRequest]], MediaTypeRequestMatcher [contentNegotiationStrategy=org.springframework.web.accept.ContentNegotiationManager@36453773, matchingMediaTypes=[application/xhtml+xml, image/*, text/html, text/plain], useEquals=false, ignoredMediaTypes=[*/*]]]
2025-03-08 14:16:16.475 [http-nio-8083-exec-5] DEBUG o.s.s.w.a.DelegatingAuthenticationEntryPoint - Trying to match using Or [RequestHeaderRequestMatcher [expectedHeaderName=X-Requested-With, expectedHeaderValue=XMLHttpRequest], And [Not [MediaTypeRequestMatcher [contentNegotiationStrategy=org.springframework.web.accept.ContentNegotiationManager@36453773, matchingMediaTypes=[text/html], useEquals=false, ignoredMediaTypes=[]]], MediaTypeRequestMatcher [contentNegotiationStrategy=org.springframework.web.accept.ContentNegotiationManager@36453773, matchingMediaTypes=[application/atom+xml, application/x-www-form-urlencoded, application/json, application/octet-stream, application/xml, multipart/form-data, text/xml], useEquals=false, ignoredMediaTypes=[*/*]]], MediaTypeRequestMatcher [contentNegotiationStrategy=org.springframework.web.accept.ContentNegotiationManager@36453773, matchingMediaTypes=[*/*], useEquals=true, ignoredMediaTypes=[]]]
2025-03-08 14:16:16.476 [http-nio-8083-exec-5] DEBUG o.s.s.w.a.DelegatingAuthenticationEntryPoint - Match found! Executing org.springframework.security.web.authentication.DelegatingAuthenticationEntryPoint@50caeb4b
2025-03-08 14:16:16.476 [http-nio-8083-exec-5] DEBUG o.s.s.w.a.DelegatingAuthenticationEntryPoint - Trying to match using RequestHeaderRequestMatcher [expectedHeaderName=X-Requested-With, expectedHeaderValue=XMLHttpRequest]
2025-03-08 14:16:16.476 [http-nio-8083-exec-5] DEBUG o.s.s.w.a.DelegatingAuthenticationEntryPoint - No match found. Using default entry point org.springframework.security.web.authentication.www.BasicAuthenticationEntryPoint@6d8d435b
2025-03-08 14:16:16.477 [http-nio-8083-exec-5] DEBUG o.s.security.web.FilterChainProxy - Securing GET /error
2025-03-08 14:16:16.478 [http-nio-8083-exec-5] DEBUG o.s.s.w.a.AnonymousAuthenticationFilter - Set SecurityContextHolder to anonymous SecurityContext
2025-03-08 14:16:16.478 [http-nio-8083-exec-5] DEBUG o.s.s.w.s.HttpSessionRequestCache - Saved request http://localhost:8083/error?continue to session
2025-03-08 14:16:16.479 [http-nio-8083-exec-5] DEBUG o.s.s.w.a.DelegatingAuthenticationEntryPoint - Trying to match using And [Not [RequestHeaderRequestMatcher [expectedHeaderName=X-Requested-With, expectedHeaderValue=XMLHttpRequest]], MediaTypeRequestMatcher [contentNegotiationStrategy=org.springframework.web.accept.ContentNegotiationManager@36453773, matchingMediaTypes=[application/xhtml+xml, image/*, text/html, text/plain], useEquals=false, ignoredMediaTypes=[*/*]]]
2025-03-08 14:16:16.479 [http-nio-8083-exec-5] DEBUG o.s.s.w.a.DelegatingAuthenticationEntryPoint - Trying to match using Or [RequestHeaderRequestMatcher [expectedHeaderName=X-Requested-With, expectedHeaderValue=XMLHttpRequest], And [Not [MediaTypeRequestMatcher [contentNegotiationStrategy=org.springframework.web.accept.ContentNegotiationManager@36453773, matchingMediaTypes=[text/html], useEquals=false, ignoredMediaTypes=[]]], MediaTypeRequestMatcher [contentNegotiationStrategy=org.springframework.web.accept.ContentNegotiationManager@36453773, matchingMediaTypes=[application/atom+xml, application/x-www-form-urlencoded, application/json, application/octet-stream, application/xml, multipart/form-data, text/xml], useEquals=false, ignoredMediaTypes=[*/*]]], MediaTypeRequestMatcher [contentNegotiationStrategy=org.springframework.web.accept.ContentNegotiationManager@36453773, matchingMediaTypes=[*/*], useEquals=true, ignoredMediaTypes=[]]]
2025-03-08 14:16:16.479 [http-nio-8083-exec-5] DEBUG o.s.s.w.a.DelegatingAuthenticationEntryPoint - Match found! Executing org.springframework.security.web.authentication.DelegatingAuthenticationEntryPoint@50caeb4b
2025-03-08 14:16:16.479 [http-nio-8083-exec-5] DEBUG o.s.s.w.a.DelegatingAuthenticationEntryPoint - Trying to match using RequestHeaderRequestMatcher [expectedHeaderName=X-Requested-With, expectedHeaderValue=XMLHttpRequest]
2025-03-08 14:16:16.479 [http-nio-8083-exec-5] DEBUG o.s.s.w.a.DelegatingAuthenticationEntryPoint - No match found. Using default entry point org.springframework.security.web.authentication.www.BasicAuthenticationEntryPoint@6d8d435b
2025-03-08 14:16:18.577 [http-nio-8083-exec-9] DEBUG o.s.security.web.FilterChainProxy - Securing GET /actuator/health
2025-03-08 14:16:18.577 [http-nio-8083-exec-9] DEBUG o.s.s.w.a.AnonymousAuthenticationFilter - Set SecurityContextHolder to anonymous SecurityContext
2025-03-08 14:16:18.578 [http-nio-8083-exec-9] DEBUG o.s.s.w.s.HttpSessionRequestCache - Saved request http://localhost:8083/actuator/health?continue to session
2025-03-08 14:16:18.578 [http-nio-8083-exec-9] DEBUG o.s.s.w.a.DelegatingAuthenticationEntryPoint - Trying to match using And [Not [RequestHeaderRequestMatcher [expectedHeaderName=X-Requested-With, expectedHeaderValue=XMLHttpRequest]], MediaTypeRequestMatcher [contentNegotiationStrategy=org.springframework.web.accept.ContentNegotiationManager@36453773, matchingMediaTypes=[application/xhtml+xml, image/*, text/html, text/plain], useEquals=false, ignoredMediaTypes=[*/*]]]
2025-03-08 14:16:18.578 [http-nio-8083-exec-9] DEBUG o.s.s.w.a.DelegatingAuthenticationEntryPoint - Trying to match using Or [RequestHeaderRequestMatcher [expectedHeaderName=X-Requested-With, expectedHeaderValue=XMLHttpRequest], And [Not [MediaTypeRequestMatcher [contentNegotiationStrategy=org.springframework.web.accept.ContentNegotiationManager@36453773, matchingMediaTypes=[text/html], useEquals=false, ignoredMediaTypes=[]]], MediaTypeRequestMatcher [contentNegotiationStrategy=org.springframework.web.accept.ContentNegotiationManager@36453773, matchingMediaTypes=[application/atom+xml, application/x-www-form-urlencoded, application/json, application/octet-stream, application/xml, multipart/form-data, text/xml], useEquals=false, ignoredMediaTypes=[*/*]]], MediaTypeRequestMatcher [contentNegotiationStrategy=org.springframework.web.accept.ContentNegotiationManager@36453773, matchingMediaTypes=[*/*], useEquals=true, ignoredMediaTypes=[]]]
2025-03-08 14:16:18.579 [http-nio-8083-exec-9] DEBUG o.s.s.w.a.DelegatingAuthenticationEntryPoint - Match found! Executing org.springframework.security.web.authentication.DelegatingAuthenticationEntryPoint@50caeb4b
2025-03-08 14:16:18.579 [http-nio-8083-exec-9] DEBUG o.s.s.w.a.DelegatingAuthenticationEntryPoint - Trying to match using RequestHeaderRequestMatcher [expectedHeaderName=X-Requested-With, expectedHeaderValue=XMLHttpRequest]
2025-03-08 14:16:18.579 [http-nio-8083-exec-9] DEBUG o.s.s.w.a.DelegatingAuthenticationEntryPoint - No match found. Using default entry point org.springframework.security.web.authentication.www.BasicAuthenticationEntryPoint@6d8d435b
2025-03-08 14:16:18.581 [http-nio-8083-exec-9] DEBUG o.s.security.web.FilterChainProxy - Securing GET /error
2025-03-08 14:16:18.581 [http-nio-8083-exec-9] DEBUG o.s.s.w.a.AnonymousAuthenticationFilter - Set SecurityContextHolder to anonymous SecurityContext
2025-03-08 14:16:18.581 [http-nio-8083-exec-9] DEBUG o.s.s.w.s.HttpSessionRequestCache - Saved request http://localhost:8083/error?continue to session
2025-03-08 14:16:18.581 [http-nio-8083-exec-9] DEBUG o.s.s.w.a.DelegatingAuthenticationEntryPoint - Trying to match using And [Not [RequestHeaderRequestMatcher [expectedHeaderName=X-Requested-With, expectedHeaderValue=XMLHttpRequest]], MediaTypeRequestMatcher [contentNegotiationStrategy=org.springframework.web.accept.ContentNegotiationManager@36453773, matchingMediaTypes=[application/xhtml+xml, image/*, text/html, text/plain], useEquals=false, ignoredMediaTypes=[*/*]]]
2025-03-08 14:16:18.582 [http-nio-8083-exec-9] DEBUG o.s.s.w.a.DelegatingAuthenticationEntryPoint - Trying to match using Or [RequestHeaderRequestMatcher [expectedHeaderName=X-Requested-With, expectedHeaderValue=XMLHttpRequest], And [Not [MediaTypeRequestMatcher [contentNegotiationStrategy=org.springframework.web.accept.ContentNegotiationManager@36453773, matchingMediaTypes=[text/html], useEquals=false, ignoredMediaTypes=[]]], MediaTypeRequestMatcher [contentNegotiationStrategy=org.springframework.web.accept.ContentNegotiationManager@36453773, matchingMediaTypes=[application/atom+xml, application/x-www-form-urlencoded, application/json, application/octet-stream, application/xml, multipart/form-data, text/xml], useEquals=false, ignoredMediaTypes=[*/*]]], MediaTypeRequestMatcher [contentNegotiationStrategy=org.springframework.web.accept.ContentNegotiationManager@36453773, matchingMediaTypes=[*/*], useEquals=true, ignoredMediaTypes=[]]]
2025-03-08 14:16:18.582 [http-nio-8083-exec-9] DEBUG o.s.s.w.a.DelegatingAuthenticationEntryPoint - Match found! Executing org.springframework.security.web.authentication.DelegatingAuthenticationEntryPoint@50caeb4b
2025-03-08 14:16:18.582 [http-nio-8083-exec-9] DEBUG o.s.s.w.a.DelegatingAuthenticationEntryPoint - Trying to match using RequestHeaderRequestMatcher [expectedHeaderName=X-Requested-With, expectedHeaderValue=XMLHttpRequest]
2025-03-08 14:16:18.582 [http-nio-8083-exec-9] DEBUG o.s.s.w.a.DelegatingAuthenticationEntryPoint - No match found. Using default entry point org.springframework.security.web.authentication.www.BasicAuthenticationEntryPoint@6d8d435b
2025-03-08 14:16:20.688 [http-nio-8083-exec-7] DEBUG o.s.security.web.FilterChainProxy - Securing GET /actuator/health
2025-03-08 14:16:20.689 [http-nio-8083-exec-7] DEBUG o.s.s.w.a.AnonymousAuthenticationFilter - Set SecurityContextHolder to anonymous SecurityContext
2025-03-08 14:16:20.690 [http-nio-8083-exec-7] DEBUG o.s.s.w.s.HttpSessionRequestCache - Saved request http://localhost:8083/actuator/health?continue to session
2025-03-08 14:16:20.690 [http-nio-8083-exec-7] DEBUG o.s.s.w.a.DelegatingAuthenticationEntryPoint - Trying to match using And [Not [RequestHeaderRequestMatcher [expectedHeaderName=X-Requested-With, expectedHeaderValue=XMLHttpRequest]], MediaTypeRequestMatcher [contentNegotiationStrategy=org.springframework.web.accept.ContentNegotiationManager@36453773, matchingMediaTypes=[application/xhtml+xml, image/*, text/html, text/plain], useEquals=false, ignoredMediaTypes=[*/*]]]
2025-03-08 14:16:20.690 [http-nio-8083-exec-7] DEBUG o.s.s.w.a.DelegatingAuthenticationEntryPoint - Trying to match using Or [RequestHeaderRequestMatcher [expectedHeaderName=X-Requested-With, expectedHeaderValue=XMLHttpRequest], And [Not [MediaTypeRequestMatcher [contentNegotiationStrategy=org.springframework.web.accept.ContentNegotiationManager@36453773, matchingMediaTypes=[text/html], useEquals=false, ignoredMediaTypes=[]]], MediaTypeRequestMatcher [contentNegotiationStrategy=org.springframework.web.accept.ContentNegotiationManager@36453773, matchingMediaTypes=[application/atom+xml, application/x-www-form-urlencoded, application/json, application/octet-stream, application/xml, multipart/form-data, text/xml], useEquals=false, ignoredMediaTypes=[*/*]]], MediaTypeRequestMatcher [contentNegotiationStrategy=org.springframework.web.accept.ContentNegotiationManager@36453773, matchingMediaTypes=[*/*], useEquals=true, ignoredMediaTypes=[]]]
2025-03-08 14:16:20.691 [http-nio-8083-exec-7] DEBUG o.s.s.w.a.DelegatingAuthenticationEntryPoint - Match found! Executing org.springframework.security.web.authentication.DelegatingAuthenticationEntryPoint@50caeb4b
2025-03-08 14:16:20.691 [http-nio-8083-exec-7] DEBUG o.s.s.w.a.DelegatingAuthenticationEntryPoint - Trying to match using RequestHeaderRequestMatcher [expectedHeaderName=X-Requested-With, expectedHeaderValue=XMLHttpRequest]
2025-03-08 14:16:20.691 [http-nio-8083-exec-7] DEBUG o.s.s.w.a.DelegatingAuthenticationEntryPoint - No match found. Using default entry point org.springframework.security.web.authentication.www.BasicAuthenticationEntryPoint@6d8d435b
2025-03-08 14:16:20.692 [http-nio-8083-exec-7] DEBUG o.s.security.web.FilterChainProxy - Securing GET /error
2025-03-08 14:16:20.693 [http-nio-8083-exec-7] DEBUG o.s.s.w.a.AnonymousAuthenticationFilter - Set SecurityContextHolder to anonymous SecurityContext
2025-03-08 14:16:20.693 [http-nio-8083-exec-7] DEBUG o.s.s.w.s.HttpSessionRequestCache - Saved request http://localhost:8083/error?continue to session
2025-03-08 14:16:20.693 [http-nio-8083-exec-7] DEBUG o.s.s.w.a.DelegatingAuthenticationEntryPoint - Trying to match using And [Not [RequestHeaderRequestMatcher [expectedHeaderName=X-Requested-With, expectedHeaderValue=XMLHttpRequest]], MediaTypeRequestMatcher [contentNegotiationStrategy=org.springframework.web.accept.ContentNegotiationManager@36453773, matchingMediaTypes=[application/xhtml+xml, image/*, text/html, text/plain], useEquals=false, ignoredMediaTypes=[*/*]]]
2025-03-08 14:16:20.693 [http-nio-8083-exec-7] DEBUG o.s.s.w.a.DelegatingAuthenticationEntryPoint - Trying to match using Or [RequestHeaderRequestMatcher [expectedHeaderName=X-Requested-With, expectedHeaderValue=XMLHttpRequest], And [Not [MediaTypeRequestMatcher [contentNegotiationStrategy=org.springframework.web.accept.ContentNegotiationManager@36453773, matchingMediaTypes=[text/html], useEquals=false, ignoredMediaTypes=[]]], MediaTypeRequestMatcher [contentNegotiationStrategy=org.springframework.web.accept.ContentNegotiationManager@36453773, matchingMediaTypes=[application/atom+xml, application/x-www-form-urlencoded, application/json, application/octet-stream, application/xml, multipart/form-data, text/xml], useEquals=false, ignoredMediaTypes=[*/*]]], MediaTypeRequestMatcher [contentNegotiationStrategy=org.springframework.web.accept.ContentNegotiationManager@36453773, matchingMediaTypes=[*/*], useEquals=true, ignoredMediaTypes=[]]]
2025-03-08 14:16:20.693 [http-nio-8083-exec-7] DEBUG o.s.s.w.a.DelegatingAuthenticationEntryPoint - Match found! Executing org.springframework.security.web.authentication.DelegatingAuthenticationEntryPoint@50caeb4b
2025-03-08 14:16:20.694 [http-nio-8083-exec-7] DEBUG o.s.s.w.a.DelegatingAuthenticationEntryPoint - Trying to match using RequestHeaderRequestMatcher [expectedHeaderName=X-Requested-With, expectedHeaderValue=XMLHttpRequest]
2025-03-08 14:16:20.694 [http-nio-8083-exec-7] DEBUG o.s.s.w.a.DelegatingAuthenticationEntryPoint - No match found. Using default entry point org.springframework.security.web.authentication.www.BasicAuthenticationEntryPoint@6d8d435b
2025-03-08 14:16:22.810 [http-nio-8083-exec-1] DEBUG o.s.security.web.FilterChainProxy - Securing GET /actuator/health
2025-03-08 14:16:22.810 [http-nio-8083-exec-1] DEBUG o.s.s.w.a.AnonymousAuthenticationFilter - Set SecurityContextHolder to anonymous SecurityContext
2025-03-08 14:16:22.812 [http-nio-8083-exec-1] DEBUG o.s.s.w.s.HttpSessionRequestCache - Saved request http://localhost:8083/actuator/health?continue to session
2025-03-08 14:16:22.812 [http-nio-8083-exec-1] DEBUG o.s.s.w.a.DelegatingAuthenticationEntryPoint - Trying to match using And [Not [RequestHeaderRequestMatcher [expectedHeaderName=X-Requested-With, expectedHeaderValue=XMLHttpRequest]], MediaTypeRequestMatcher [contentNegotiationStrategy=org.springframework.web.accept.ContentNegotiationManager@36453773, matchingMediaTypes=[application/xhtml+xml, image/*, text/html, text/plain], useEquals=false, ignoredMediaTypes=[*/*]]]
2025-03-08 14:16:22.812 [http-nio-8083-exec-1] DEBUG o.s.s.w.a.DelegatingAuthenticationEntryPoint - Trying to match using Or [RequestHeaderRequestMatcher [expectedHeaderName=X-Requested-With, expectedHeaderValue=XMLHttpRequest], And [Not [MediaTypeRequestMatcher [contentNegotiationStrategy=org.springframework.web.accept.ContentNegotiationManager@36453773, matchingMediaTypes=[text/html], useEquals=false, ignoredMediaTypes=[]]], MediaTypeRequestMatcher [contentNegotiationStrategy=org.springframework.web.accept.ContentNegotiationManager@36453773, matchingMediaTypes=[application/atom+xml, application/x-www-form-urlencoded, application/json, application/octet-stream, application/xml, multipart/form-data, text/xml], useEquals=false, ignoredMediaTypes=[*/*]]], MediaTypeRequestMatcher [contentNegotiationStrategy=org.springframework.web.accept.ContentNegotiationManager@36453773, matchingMediaTypes=[*/*], useEquals=true, ignoredMediaTypes=[]]]
2025-03-08 14:16:22.812 [http-nio-8083-exec-1] DEBUG o.s.s.w.a.DelegatingAuthenticationEntryPoint - Match found! Executing org.springframework.security.web.authentication.DelegatingAuthenticationEntryPoint@50caeb4b
2025-03-08 14:16:22.812 [http-nio-8083-exec-1] DEBUG o.s.s.w.a.DelegatingAuthenticationEntryPoint - Trying to match using RequestHeaderRequestMatcher [expectedHeaderName=X-Requested-With, expectedHeaderValue=XMLHttpRequest]
2025-03-08 14:16:22.812 [http-nio-8083-exec-1] DEBUG o.s.s.w.a.DelegatingAuthenticationEntryPoint - No match found. Using default entry point org.springframework.security.web.authentication.www.BasicAuthenticationEntryPoint@6d8d435b
2025-03-08 14:16:22.814 [http-nio-8083-exec-1] DEBUG o.s.security.web.FilterChainProxy - Securing GET /error
2025-03-08 14:16:22.814 [http-nio-8083-exec-1] DEBUG o.s.s.w.a.AnonymousAuthenticationFilter - Set SecurityContextHolder to anonymous SecurityContext
2025-03-08 14:16:22.814 [http-nio-8083-exec-1] DEBUG o.s.s.w.s.HttpSessionRequestCache - Saved request http://localhost:8083/error?continue to session
2025-03-08 14:16:22.814 [http-nio-8083-exec-1] DEBUG o.s.s.w.a.DelegatingAuthenticationEntryPoint - Trying to match using And [Not [RequestHeaderRequestMatcher [expectedHeaderName=X-Requested-With, expectedHeaderValue=XMLHttpRequest]], MediaTypeRequestMatcher [contentNegotiationStrategy=org.springframework.web.accept.ContentNegotiationManager@36453773, matchingMediaTypes=[application/xhtml+xml, image/*, text/html, text/plain], useEquals=false, ignoredMediaTypes=[*/*]]]
2025-03-08 14:16:22.815 [http-nio-8083-exec-1] DEBUG o.s.s.w.a.DelegatingAuthenticationEntryPoint - Trying to match using Or [RequestHeaderRequestMatcher [expectedHeaderName=X-Requested-With, expectedHeaderValue=XMLHttpRequest], And [Not [MediaTypeRequestMatcher [contentNegotiationStrategy=org.springframework.web.accept.ContentNegotiationManager@36453773, matchingMediaTypes=[text/html], useEquals=false, ignoredMediaTypes=[]]], MediaTypeRequestMatcher [contentNegotiationStrategy=org.springframework.web.accept.ContentNegotiationManager@36453773, matchingMediaTypes=[application/atom+xml, application/x-www-form-urlencoded, application/json, application/octet-stream, application/xml, multipart/form-data, text/xml], useEquals=false, ignoredMediaTypes=[*/*]]], MediaTypeRequestMatcher [contentNegotiationStrategy=org.springframework.web.accept.ContentNegotiationManager@36453773, matchingMediaTypes=[*/*], useEquals=true, ignoredMediaTypes=[]]]
2025-03-08 14:16:22.815 [http-nio-8083-exec-1] DEBUG o.s.s.w.a.DelegatingAuthenticationEntryPoint - Match found! Executing org.springframework.security.web.authentication.DelegatingAuthenticationEntryPoint@50caeb4b
2025-03-08 14:16:22.815 [http-nio-8083-exec-1] DEBUG o.s.s.w.a.DelegatingAuthenticationEntryPoint - Trying to match using RequestHeaderRequestMatcher [expectedHeaderName=X-Requested-With, expectedHeaderValue=XMLHttpRequest]
2025-03-08 14:16:22.815 [http-nio-8083-exec-1] DEBUG o.s.s.w.a.DelegatingAuthenticationEntryPoint - No match found. Using default entry point org.springframework.security.web.authentication.www.BasicAuthenticationEntryPoint@6d8d435b
2025-03-08 14:16:24.949 [http-nio-8083-exec-2] DEBUG o.s.security.web.FilterChainProxy - Securing GET /actuator/health
2025-03-08 14:16:24.950 [http-nio-8083-exec-2] DEBUG o.s.s.w.a.AnonymousAuthenticationFilter - Set SecurityContextHolder to anonymous SecurityContext
2025-03-08 14:16:24.950 [http-nio-8083-exec-2] DEBUG o.s.s.w.s.HttpSessionRequestCache - Saved request http://localhost:8083/actuator/health?continue to session
2025-03-08 14:16:24.951 [http-nio-8083-exec-2] DEBUG o.s.s.w.a.DelegatingAuthenticationEntryPoint - Trying to match using And [Not [RequestHeaderRequestMatcher [expectedHeaderName=X-Requested-With, expectedHeaderValue=XMLHttpRequest]], MediaTypeRequestMatcher [contentNegotiationStrategy=org.springframework.web.accept.ContentNegotiationManager@36453773, matchingMediaTypes=[application/xhtml+xml, image/*, text/html, text/plain], useEquals=false, ignoredMediaTypes=[*/*]]]
2025-03-08 14:16:24.951 [http-nio-8083-exec-2] DEBUG o.s.s.w.a.DelegatingAuthenticationEntryPoint - Trying to match using Or [RequestHeaderRequestMatcher [expectedHeaderName=X-Requested-With, expectedHeaderValue=XMLHttpRequest], And [Not [MediaTypeRequestMatcher [contentNegotiationStrategy=org.springframework.web.accept.ContentNegotiationManager@36453773, matchingMediaTypes=[text/html], useEquals=false, ignoredMediaTypes=[]]], MediaTypeRequestMatcher [contentNegotiationStrategy=org.springframework.web.accept.ContentNegotiationManager@36453773, matchingMediaTypes=[application/atom+xml, application/x-www-form-urlencoded, application/json, application/octet-stream, application/xml, multipart/form-data, text/xml], useEquals=false, ignoredMediaTypes=[*/*]]], MediaTypeRequestMatcher [contentNegotiationStrategy=org.springframework.web.accept.ContentNegotiationManager@36453773, matchingMediaTypes=[*/*], useEquals=true, ignoredMediaTypes=[]]]
2025-03-08 14:16:24.951 [http-nio-8083-exec-2] DEBUG o.s.s.w.a.DelegatingAuthenticationEntryPoint - Match found! Executing org.springframework.security.web.authentication.DelegatingAuthenticationEntryPoint@50caeb4b
2025-03-08 14:16:24.951 [http-nio-8083-exec-2] DEBUG o.s.s.w.a.DelegatingAuthenticationEntryPoint - Trying to match using RequestHeaderRequestMatcher [expectedHeaderName=X-Requested-With, expectedHeaderValue=XMLHttpRequest]
2025-03-08 14:16:24.951 [http-nio-8083-exec-2] DEBUG o.s.s.w.a.DelegatingAuthenticationEntryPoint - No match found. Using default entry point org.springframework.security.web.authentication.www.BasicAuthenticationEntryPoint@6d8d435b
2025-03-08 14:16:24.952 [http-nio-8083-exec-2] DEBUG o.s.security.web.FilterChainProxy - Securing GET /error
2025-03-08 14:16:24.953 [http-nio-8083-exec-2] DEBUG o.s.s.w.a.AnonymousAuthenticationFilter - Set SecurityContextHolder to anonymous SecurityContext
2025-03-08 14:16:24.953 [http-nio-8083-exec-2] DEBUG o.s.s.w.s.HttpSessionRequestCache - Saved request http://localhost:8083/error?continue to session
2025-03-08 14:16:24.953 [http-nio-8083-exec-2] DEBUG o.s.s.w.a.DelegatingAuthenticationEntryPoint - Trying to match using And [Not [RequestHeaderRequestMatcher [expectedHeaderName=X-Requested-With, expectedHeaderValue=XMLHttpRequest]], MediaTypeRequestMatcher [contentNegotiationStrategy=org.springframework.web.accept.ContentNegotiationManager@36453773, matchingMediaTypes=[application/xhtml+xml, image/*, text/html, text/plain], useEquals=false, ignoredMediaTypes=[*/*]]]
2025-03-08 14:16:24.953 [http-nio-8083-exec-2] DEBUG o.s.s.w.a.DelegatingAuthenticationEntryPoint - Trying to match using Or [RequestHeaderRequestMatcher [expectedHeaderName=X-Requested-With, expectedHeaderValue=XMLHttpRequest], And [Not [MediaTypeRequestMatcher [contentNegotiationStrategy=org.springframework.web.accept.ContentNegotiationManager@36453773, matchingMediaTypes=[text/html], useEquals=false, ignoredMediaTypes=[]]], MediaTypeRequestMatcher [contentNegotiationStrategy=org.springframework.web.accept.ContentNegotiationManager@36453773, matchingMediaTypes=[application/atom+xml, application/x-www-form-urlencoded, application/json, application/octet-stream, application/xml, multipart/form-data, text/xml], useEquals=false, ignoredMediaTypes=[*/*]]], MediaTypeRequestMatcher [contentNegotiationStrategy=org.springframework.web.accept.ContentNegotiationManager@36453773, matchingMediaTypes=[*/*], useEquals=true, ignoredMediaTypes=[]]]
2025-03-08 14:16:24.953 [http-nio-8083-exec-2] DEBUG o.s.s.w.a.DelegatingAuthenticationEntryPoint - Match found! Executing org.springframework.security.web.authentication.DelegatingAuthenticationEntryPoint@50caeb4b
2025-03-08 14:16:24.953 [http-nio-8083-exec-2] DEBUG o.s.s.w.a.DelegatingAuthenticationEntryPoint - Trying to match using RequestHeaderRequestMatcher [expectedHeaderName=X-Requested-With, expectedHeaderValue=XMLHttpRequest]
2025-03-08 14:16:24.953 [http-nio-8083-exec-2] DEBUG o.s.s.w.a.DelegatingAuthenticationEntryPoint - No match found. Using default entry point org.springframework.security.web.authentication.www.BasicAuthenticationEntryPoint@6d8d435b
2025-03-08 14:16:27.071 [http-nio-8083-exec-4] DEBUG o.s.security.web.FilterChainProxy - Securing GET /actuator/health
2025-03-08 14:16:27.071 [http-nio-8083-exec-4] DEBUG o.s.s.w.a.AnonymousAuthenticationFilter - Set SecurityContextHolder to anonymous SecurityContext
2025-03-08 14:16:27.072 [http-nio-8083-exec-4] DEBUG o.s.s.w.s.HttpSessionRequestCache - Saved request http://localhost:8083/actuator/health?continue to session
2025-03-08 14:16:27.072 [http-nio-8083-exec-4] DEBUG o.s.s.w.a.DelegatingAuthenticationEntryPoint - Trying to match using And [Not [RequestHeaderRequestMatcher [expectedHeaderName=X-Requested-With, expectedHeaderValue=XMLHttpRequest]], MediaTypeRequestMatcher [contentNegotiationStrategy=org.springframework.web.accept.ContentNegotiationManager@36453773, matchingMediaTypes=[application/xhtml+xml, image/*, text/html, text/plain], useEquals=false, ignoredMediaTypes=[*/*]]]
2025-03-08 14:16:27.073 [http-nio-8083-exec-4] DEBUG o.s.s.w.a.DelegatingAuthenticationEntryPoint - Trying to match using Or [RequestHeaderRequestMatcher [expectedHeaderName=X-Requested-With, expectedHeaderValue=XMLHttpRequest], And [Not [MediaTypeRequestMatcher [contentNegotiationStrategy=org.springframework.web.accept.ContentNegotiationManager@36453773, matchingMediaTypes=[text/html], useEquals=false, ignoredMediaTypes=[]]], MediaTypeRequestMatcher [contentNegotiationStrategy=org.springframework.web.accept.ContentNegotiationManager@36453773, matchingMediaTypes=[application/atom+xml, application/x-www-form-urlencoded, application/json, application/octet-stream, application/xml, multipart/form-data, text/xml], useEquals=false, ignoredMediaTypes=[*/*]]], MediaTypeRequestMatcher [contentNegotiationStrategy=org.springframework.web.accept.ContentNegotiationManager@36453773, matchingMediaTypes=[*/*], useEquals=true, ignoredMediaTypes=[]]]
2025-03-08 14:16:27.073 [http-nio-8083-exec-4] DEBUG o.s.s.w.a.DelegatingAuthenticationEntryPoint - Match found! Executing org.springframework.security.web.authentication.DelegatingAuthenticationEntryPoint@50caeb4b
2025-03-08 14:16:27.073 [http-nio-8083-exec-4] DEBUG o.s.s.w.a.DelegatingAuthenticationEntryPoint - Trying to match using RequestHeaderRequestMatcher [expectedHeaderName=X-Requested-With, expectedHeaderValue=XMLHttpRequest]
2025-03-08 14:16:27.073 [http-nio-8083-exec-4] DEBUG o.s.s.w.a.DelegatingAuthenticationEntryPoint - No match found. Using default entry point org.springframework.security.web.authentication.www.BasicAuthenticationEntryPoint@6d8d435b
2025-03-08 14:16:27.075 [http-nio-8083-exec-4] DEBUG o.s.security.web.FilterChainProxy - Securing GET /error
2025-03-08 14:16:27.075 [http-nio-8083-exec-4] DEBUG o.s.s.w.a.AnonymousAuthenticationFilter - Set SecurityContextHolder to anonymous SecurityContext
2025-03-08 14:16:27.076 [http-nio-8083-exec-4] DEBUG o.s.s.w.s.HttpSessionRequestCache - Saved request http://localhost:8083/error?continue to session
2025-03-08 14:16:27.076 [http-nio-8083-exec-4] DEBUG o.s.s.w.a.DelegatingAuthenticationEntryPoint - Trying to match using And [Not [RequestHeaderRequestMatcher [expectedHeaderName=X-Requested-With, expectedHeaderValue=XMLHttpRequest]], MediaTypeRequestMatcher [contentNegotiationStrategy=org.springframework.web.accept.ContentNegotiationManager@36453773, matchingMediaTypes=[application/xhtml+xml, image/*, text/html, text/plain], useEquals=false, ignoredMediaTypes=[*/*]]]
2025-03-08 14:16:27.076 [http-nio-8083-exec-4] DEBUG o.s.s.w.a.DelegatingAuthenticationEntryPoint - Trying to match using Or [RequestHeaderRequestMatcher [expectedHeaderName=X-Requested-With, expectedHeaderValue=XMLHttpRequest], And [Not [MediaTypeRequestMatcher [contentNegotiationStrategy=org.springframework.web.accept.ContentNegotiationManager@36453773, matchingMediaTypes=[text/html], useEquals=false, ignoredMediaTypes=[]]], MediaTypeRequestMatcher [contentNegotiationStrategy=org.springframework.web.accept.ContentNegotiationManager@36453773, matchingMediaTypes=[application/atom+xml, application/x-www-form-urlencoded, application/json, application/octet-stream, application/xml, multipart/form-data, text/xml], useEquals=false, ignoredMediaTypes=[*/*]]], MediaTypeRequestMatcher [contentNegotiationStrategy=org.springframework.web.accept.ContentNegotiationManager@36453773, matchingMediaTypes=[*/*], useEquals=true, ignoredMediaTypes=[]]]
2025-03-08 14:16:27.076 [http-nio-8083-exec-4] DEBUG o.s.s.w.a.DelegatingAuthenticationEntryPoint - Match found! Executing org.springframework.security.web.authentication.DelegatingAuthenticationEntryPoint@50caeb4b
2025-03-08 14:16:27.076 [http-nio-8083-exec-4] DEBUG o.s.s.w.a.DelegatingAuthenticationEntryPoint - Trying to match using RequestHeaderRequestMatcher [expectedHeaderName=X-Requested-With, expectedHeaderValue=XMLHttpRequest]
2025-03-08 14:16:27.076 [http-nio-8083-exec-4] DEBUG o.s.s.w.a.DelegatingAuthenticationEntryPoint - No match found. Using default entry point org.springframework.security.web.authentication.www.BasicAuthenticationEntryPoint@6d8d435b
2025-03-08 14:16:29.198 [http-nio-8083-exec-3] DEBUG o.s.security.web.FilterChainProxy - Securing GET /actuator/health
2025-03-08 14:16:29.198 [http-nio-8083-exec-3] DEBUG o.s.s.w.a.AnonymousAuthenticationFilter - Set SecurityContextHolder to anonymous SecurityContext
2025-03-08 14:16:29.199 [http-nio-8083-exec-3] DEBUG o.s.s.w.s.HttpSessionRequestCache - Saved request http://localhost:8083/actuator/health?continue to session
2025-03-08 14:16:29.199 [http-nio-8083-exec-3] DEBUG o.s.s.w.a.DelegatingAuthenticationEntryPoint - Trying to match using And [Not [RequestHeaderRequestMatcher [expectedHeaderName=X-Requested-With, expectedHeaderValue=XMLHttpRequest]], MediaTypeRequestMatcher [contentNegotiationStrategy=org.springframework.web.accept.ContentNegotiationManager@36453773, matchingMediaTypes=[application/xhtml+xml, image/*, text/html, text/plain], useEquals=false, ignoredMediaTypes=[*/*]]]
2025-03-08 14:16:29.199 [http-nio-8083-exec-3] DEBUG o.s.s.w.a.DelegatingAuthenticationEntryPoint - Trying to match using Or [RequestHeaderRequestMatcher [expectedHeaderName=X-Requested-With, expectedHeaderValue=XMLHttpRequest], And [Not [MediaTypeRequestMatcher [contentNegotiationStrategy=org.springframework.web.accept.ContentNegotiationManager@36453773, matchingMediaTypes=[text/html], useEquals=false, ignoredMediaTypes=[]]], MediaTypeRequestMatcher [contentNegotiationStrategy=org.springframework.web.accept.ContentNegotiationManager@36453773, matchingMediaTypes=[application/atom+xml, application/x-www-form-urlencoded, application/json, application/octet-stream, application/xml, multipart/form-data, text/xml], useEquals=false, ignoredMediaTypes=[*/*]]], MediaTypeRequestMatcher [contentNegotiationStrategy=org.springframework.web.accept.ContentNegotiationManager@36453773, matchingMediaTypes=[*/*], useEquals=true, ignoredMediaTypes=[]]]
2025-03-08 14:16:29.199 [http-nio-8083-exec-3] DEBUG o.s.s.w.a.DelegatingAuthenticationEntryPoint - Match found! Executing org.springframework.security.web.authentication.DelegatingAuthenticationEntryPoint@50caeb4b
2025-03-08 14:16:29.199 [http-nio-8083-exec-3] DEBUG o.s.s.w.a.DelegatingAuthenticationEntryPoint - Trying to match using RequestHeaderRequestMatcher [expectedHeaderName=X-Requested-With, expectedHeaderValue=XMLHttpRequest]
2025-03-08 14:16:29.199 [http-nio-8083-exec-3] DEBUG o.s.s.w.a.DelegatingAuthenticationEntryPoint - No match found. Using default entry point org.springframework.security.web.authentication.www.BasicAuthenticationEntryPoint@6d8d435b
2025-03-08 14:16:29.200 [http-nio-8083-exec-3] DEBUG o.s.security.web.FilterChainProxy - Securing GET /error
2025-03-08 14:16:29.201 [http-nio-8083-exec-3] DEBUG o.s.s.w.a.AnonymousAuthenticationFilter - Set SecurityContextHolder to anonymous SecurityContext
2025-03-08 14:16:29.201 [http-nio-8083-exec-3] DEBUG o.s.s.w.s.HttpSessionRequestCache - Saved request http://localhost:8083/error?continue to session
2025-03-08 14:16:29.201 [http-nio-8083-exec-3] DEBUG o.s.s.w.a.DelegatingAuthenticationEntryPoint - Trying to match using And [Not [RequestHeaderRequestMatcher [expectedHeaderName=X-Requested-With, expectedHeaderValue=XMLHttpRequest]], MediaTypeRequestMatcher [contentNegotiationStrategy=org.springframework.web.accept.ContentNegotiationManager@36453773, matchingMediaTypes=[application/xhtml+xml, image/*, text/html, text/plain], useEquals=false, ignoredMediaTypes=[*/*]]]
2025-03-08 14:16:29.201 [http-nio-8083-exec-3] DEBUG o.s.s.w.a.DelegatingAuthenticationEntryPoint - Trying to match using Or [RequestHeaderRequestMatcher [expectedHeaderName=X-Requested-With, expectedHeaderValue=XMLHttpRequest], And [Not [MediaTypeRequestMatcher [contentNegotiationStrategy=org.springframework.web.accept.ContentNegotiationManager@36453773, matchingMediaTypes=[text/html], useEquals=false, ignoredMediaTypes=[]]], MediaTypeRequestMatcher [contentNegotiationStrategy=org.springframework.web.accept.ContentNegotiationManager@36453773, matchingMediaTypes=[application/atom+xml, application/x-www-form-urlencoded, application/json, application/octet-stream, application/xml, multipart/form-data, text/xml], useEquals=false, ignoredMediaTypes=[*/*]]], MediaTypeRequestMatcher [contentNegotiationStrategy=org.springframework.web.accept.ContentNegotiationManager@36453773, matchingMediaTypes=[*/*], useEquals=true, ignoredMediaTypes=[]]]
2025-03-08 14:16:29.201 [http-nio-8083-exec-3] DEBUG o.s.s.w.a.DelegatingAuthenticationEntryPoint - Match found! Executing org.springframework.security.web.authentication.DelegatingAuthenticationEntryPoint@50caeb4b
2025-03-08 14:16:29.201 [http-nio-8083-exec-3] DEBUG o.s.s.w.a.DelegatingAuthenticationEntryPoint - Trying to match using RequestHeaderRequestMatcher [expectedHeaderName=X-Requested-With, expectedHeaderValue=XMLHttpRequest]
2025-03-08 14:16:29.203 [http-nio-8083-exec-3] DEBUG o.s.s.w.a.DelegatingAuthenticationEntryPoint - No match found. Using default entry point org.springframework.security.web.authentication.www.BasicAuthenticationEntryPoint@6d8d435b
2025-03-08 14:16:31.306 [http-nio-8083-exec-8] DEBUG o.s.security.web.FilterChainProxy - Securing GET /actuator/health
2025-03-08 14:16:31.306 [http-nio-8083-exec-8] DEBUG o.s.s.w.a.AnonymousAuthenticationFilter - Set SecurityContextHolder to anonymous SecurityContext
2025-03-08 14:16:31.307 [http-nio-8083-exec-8] DEBUG o.s.s.w.s.HttpSessionRequestCache - Saved request http://localhost:8083/actuator/health?continue to session
2025-03-08 14:16:31.307 [http-nio-8083-exec-8] DEBUG o.s.s.w.a.DelegatingAuthenticationEntryPoint - Trying to match using And [Not [RequestHeaderRequestMatcher [expectedHeaderName=X-Requested-With, expectedHeaderValue=XMLHttpRequest]], MediaTypeRequestMatcher [contentNegotiationStrategy=org.springframework.web.accept.ContentNegotiationManager@36453773, matchingMediaTypes=[application/xhtml+xml, image/*, text/html, text/plain], useEquals=false, ignoredMediaTypes=[*/*]]]
2025-03-08 14:16:31.307 [http-nio-8083-exec-8] DEBUG o.s.s.w.a.DelegatingAuthenticationEntryPoint - Trying to match using Or [RequestHeaderRequestMatcher [expectedHeaderName=X-Requested-With, expectedHeaderValue=XMLHttpRequest], And [Not [MediaTypeRequestMatcher [contentNegotiationStrategy=org.springframework.web.accept.ContentNegotiationManager@36453773, matchingMediaTypes=[text/html], useEquals=false, ignoredMediaTypes=[]]], MediaTypeRequestMatcher [contentNegotiationStrategy=org.springframework.web.accept.ContentNegotiationManager@36453773, matchingMediaTypes=[application/atom+xml, application/x-www-form-urlencoded, application/json, application/octet-stream, application/xml, multipart/form-data, text/xml], useEquals=false, ignoredMediaTypes=[*/*]]], MediaTypeRequestMatcher [contentNegotiationStrategy=org.springframework.web.accept.ContentNegotiationManager@36453773, matchingMediaTypes=[*/*], useEquals=true, ignoredMediaTypes=[]]]
2025-03-08 14:16:31.308 [http-nio-8083-exec-8] DEBUG o.s.s.w.a.DelegatingAuthenticationEntryPoint - Match found! Executing org.springframework.security.web.authentication.DelegatingAuthenticationEntryPoint@50caeb4b
2025-03-08 14:16:31.308 [http-nio-8083-exec-8] DEBUG o.s.s.w.a.DelegatingAuthenticationEntryPoint - Trying to match using RequestHeaderRequestMatcher [expectedHeaderName=X-Requested-With, expectedHeaderValue=XMLHttpRequest]
2025-03-08 14:16:31.308 [http-nio-8083-exec-8] DEBUG o.s.s.w.a.DelegatingAuthenticationEntryPoint - No match found. Using default entry point org.springframework.security.web.authentication.www.BasicAuthenticationEntryPoint@6d8d435b
2025-03-08 14:16:31.309 [http-nio-8083-exec-8] DEBUG o.s.security.web.FilterChainProxy - Securing GET /error
2025-03-08 14:16:31.309 [http-nio-8083-exec-8] DEBUG o.s.s.w.a.AnonymousAuthenticationFilter - Set SecurityContextHolder to anonymous SecurityContext
2025-03-08 14:16:31.310 [http-nio-8083-exec-8] DEBUG o.s.s.w.s.HttpSessionRequestCache - Saved request http://localhost:8083/error?continue to session
2025-03-08 14:16:31.310 [http-nio-8083-exec-8] DEBUG o.s.s.w.a.DelegatingAuthenticationEntryPoint - Trying to match using And [Not [RequestHeaderRequestMatcher [expectedHeaderName=X-Requested-With, expectedHeaderValue=XMLHttpRequest]], MediaTypeRequestMatcher [contentNegotiationStrategy=org.springframework.web.accept.ContentNegotiationManager@36453773, matchingMediaTypes=[application/xhtml+xml, image/*, text/html, text/plain], useEquals=false, ignoredMediaTypes=[*/*]]]
2025-03-08 14:16:31.310 [http-nio-8083-exec-8] DEBUG o.s.s.w.a.DelegatingAuthenticationEntryPoint - Trying to match using Or [RequestHeaderRequestMatcher [expectedHeaderName=X-Requested-With, expectedHeaderValue=XMLHttpRequest], And [Not [MediaTypeRequestMatcher [contentNegotiationStrategy=org.springframework.web.accept.ContentNegotiationManager@36453773, matchingMediaTypes=[text/html], useEquals=false, ignoredMediaTypes=[]]], MediaTypeRequestMatcher [contentNegotiationStrategy=org.springframework.web.accept.ContentNegotiationManager@36453773, matchingMediaTypes=[application/atom+xml, application/x-www-form-urlencoded, application/json, application/octet-stream, application/xml, multipart/form-data, text/xml], useEquals=false, ignoredMediaTypes=[*/*]]], MediaTypeRequestMatcher [contentNegotiationStrategy=org.springframework.web.accept.ContentNegotiationManager@36453773, matchingMediaTypes=[*/*], useEquals=true, ignoredMediaTypes=[]]]
2025-03-08 14:16:31.310 [http-nio-8083-exec-8] DEBUG o.s.s.w.a.DelegatingAuthenticationEntryPoint - Match found! Executing org.springframework.security.web.authentication.DelegatingAuthenticationEntryPoint@50caeb4b
2025-03-08 14:16:31.310 [http-nio-8083-exec-8] DEBUG o.s.s.w.a.DelegatingAuthenticationEntryPoint - Trying to match using RequestHeaderRequestMatcher [expectedHeaderName=X-Requested-With, expectedHeaderValue=XMLHttpRequest]
2025-03-08 14:16:31.310 [http-nio-8083-exec-8] DEBUG o.s.s.w.a.DelegatingAuthenticationEntryPoint - No match found. Using default entry point org.springframework.security.web.authentication.www.BasicAuthenticationEntryPoint@6d8d435b
2025-03-08 14:16:33.419 [http-nio-8083-exec-5] DEBUG o.s.security.web.FilterChainProxy - Securing GET /actuator/health
2025-03-08 14:16:33.419 [http-nio-8083-exec-5] DEBUG o.s.s.w.a.AnonymousAuthenticationFilter - Set SecurityContextHolder to anonymous SecurityContext
2025-03-08 14:16:33.420 [http-nio-8083-exec-5] DEBUG o.s.s.w.s.HttpSessionRequestCache - Saved request http://localhost:8083/actuator/health?continue to session
2025-03-08 14:16:33.421 [http-nio-8083-exec-5] DEBUG o.s.s.w.a.DelegatingAuthenticationEntryPoint - Trying to match using And [Not [RequestHeaderRequestMatcher [expectedHeaderName=X-Requested-With, expectedHeaderValue=XMLHttpRequest]], MediaTypeRequestMatcher [contentNegotiationStrategy=org.springframework.web.accept.ContentNegotiationManager@36453773, matchingMediaTypes=[application/xhtml+xml, image/*, text/html, text/plain], useEquals=false, ignoredMediaTypes=[*/*]]]
2025-03-08 14:16:33.421 [http-nio-8083-exec-5] DEBUG o.s.s.w.a.DelegatingAuthenticationEntryPoint - Trying to match using Or [RequestHeaderRequestMatcher [expectedHeaderName=X-Requested-With, expectedHeaderValue=XMLHttpRequest], And [Not [MediaTypeRequestMatcher [contentNegotiationStrategy=org.springframework.web.accept.ContentNegotiationManager@36453773, matchingMediaTypes=[text/html], useEquals=false, ignoredMediaTypes=[]]], MediaTypeRequestMatcher [contentNegotiationStrategy=org.springframework.web.accept.ContentNegotiationManager@36453773, matchingMediaTypes=[application/atom+xml, application/x-www-form-urlencoded, application/json, application/octet-stream, application/xml, multipart/form-data, text/xml], useEquals=false, ignoredMediaTypes=[*/*]]], MediaTypeRequestMatcher [contentNegotiationStrategy=org.springframework.web.accept.ContentNegotiationManager@36453773, matchingMediaTypes=[*/*], useEquals=true, ignoredMediaTypes=[]]]
2025-03-08 14:16:33.421 [http-nio-8083-exec-5] DEBUG o.s.s.w.a.DelegatingAuthenticationEntryPoint - Match found! Executing org.springframework.security.web.authentication.DelegatingAuthenticationEntryPoint@50caeb4b
2025-03-08 14:16:33.421 [http-nio-8083-exec-5] DEBUG o.s.s.w.a.DelegatingAuthenticationEntryPoint - Trying to match using RequestHeaderRequestMatcher [expectedHeaderName=X-Requested-With, expectedHeaderValue=XMLHttpRequest]
2025-03-08 14:16:33.421 [http-nio-8083-exec-5] DEBUG o.s.s.w.a.DelegatingAuthenticationEntryPoint - No match found. Using default entry point org.springframework.security.web.authentication.www.BasicAuthenticationEntryPoint@6d8d435b
2025-03-08 14:16:33.423 [http-nio-8083-exec-5] DEBUG o.s.security.web.FilterChainProxy - Securing GET /error
2025-03-08 14:16:33.423 [http-nio-8083-exec-5] DEBUG o.s.s.w.a.AnonymousAuthenticationFilter - Set SecurityContextHolder to anonymous SecurityContext
2025-03-08 14:16:33.424 [http-nio-8083-exec-5] DEBUG o.s.s.w.s.HttpSessionRequestCache - Saved request http://localhost:8083/error?continue to session
2025-03-08 14:16:33.424 [http-nio-8083-exec-5] DEBUG o.s.s.w.a.DelegatingAuthenticationEntryPoint - Trying to match using And [Not [RequestHeaderRequestMatcher [expectedHeaderName=X-Requested-With, expectedHeaderValue=XMLHttpRequest]], MediaTypeRequestMatcher [contentNegotiationStrategy=org.springframework.web.accept.ContentNegotiationManager@36453773, matchingMediaTypes=[application/xhtml+xml, image/*, text/html, text/plain], useEquals=false, ignoredMediaTypes=[*/*]]]
2025-03-08 14:16:33.424 [http-nio-8083-exec-5] DEBUG o.s.s.w.a.DelegatingAuthenticationEntryPoint - Trying to match using Or [RequestHeaderRequestMatcher [expectedHeaderName=X-Requested-With, expectedHeaderValue=XMLHttpRequest], And [Not [MediaTypeRequestMatcher [contentNegotiationStrategy=org.springframework.web.accept.ContentNegotiationManager@36453773, matchingMediaTypes=[text/html], useEquals=false, ignoredMediaTypes=[]]], MediaTypeRequestMatcher [contentNegotiationStrategy=org.springframework.web.accept.ContentNegotiationManager@36453773, matchingMediaTypes=[application/atom+xml, application/x-www-form-urlencoded, application/json, application/octet-stream, application/xml, multipart/form-data, text/xml], useEquals=false, ignoredMediaTypes=[*/*]]], MediaTypeRequestMatcher [contentNegotiationStrategy=org.springframework.web.accept.ContentNegotiationManager@36453773, matchingMediaTypes=[*/*], useEquals=true, ignoredMediaTypes=[]]]
2025-03-08 14:16:33.424 [http-nio-8083-exec-5] DEBUG o.s.s.w.a.DelegatingAuthenticationEntryPoint - Match found! Executing org.springframework.security.web.authentication.DelegatingAuthenticationEntryPoint@50caeb4b
2025-03-08 14:16:33.425 [http-nio-8083-exec-5] DEBUG o.s.s.w.a.DelegatingAuthenticationEntryPoint - Trying to match using RequestHeaderRequestMatcher [expectedHeaderName=X-Requested-With, expectedHeaderValue=XMLHttpRequest]
2025-03-08 14:16:33.425 [http-nio-8083-exec-5] DEBUG o.s.s.w.a.DelegatingAuthenticationEntryPoint - No match found. Using default entry point org.springframework.security.web.authentication.www.BasicAuthenticationEntryPoint@6d8d435b
2025-03-08 14:16:35.543 [http-nio-8083-exec-9] DEBUG o.s.security.web.FilterChainProxy - Securing GET /actuator/health
2025-03-08 14:16:35.543 [http-nio-8083-exec-9] DEBUG o.s.s.w.a.AnonymousAuthenticationFilter - Set SecurityContextHolder to anonymous SecurityContext
2025-03-08 14:16:35.545 [http-nio-8083-exec-9] DEBUG o.s.s.w.s.HttpSessionRequestCache - Saved request http://localhost:8083/actuator/health?continue to session
2025-03-08 14:16:35.545 [http-nio-8083-exec-9] DEBUG o.s.s.w.a.DelegatingAuthenticationEntryPoint - Trying to match using And [Not [RequestHeaderRequestMatcher [expectedHeaderName=X-Requested-With, expectedHeaderValue=XMLHttpRequest]], MediaTypeRequestMatcher [contentNegotiationStrategy=org.springframework.web.accept.ContentNegotiationManager@36453773, matchingMediaTypes=[application/xhtml+xml, image/*, text/html, text/plain], useEquals=false, ignoredMediaTypes=[*/*]]]
2025-03-08 14:16:35.545 [http-nio-8083-exec-9] DEBUG o.s.s.w.a.DelegatingAuthenticationEntryPoint - Trying to match using Or [RequestHeaderRequestMatcher [expectedHeaderName=X-Requested-With, expectedHeaderValue=XMLHttpRequest], And [Not [MediaTypeRequestMatcher [contentNegotiationStrategy=org.springframework.web.accept.ContentNegotiationManager@36453773, matchingMediaTypes=[text/html], useEquals=false, ignoredMediaTypes=[]]], MediaTypeRequestMatcher [contentNegotiationStrategy=org.springframework.web.accept.ContentNegotiationManager@36453773, matchingMediaTypes=[application/atom+xml, application/x-www-form-urlencoded, application/json, application/octet-stream, application/xml, multipart/form-data, text/xml], useEquals=false, ignoredMediaTypes=[*/*]]], MediaTypeRequestMatcher [contentNegotiationStrategy=org.springframework.web.accept.ContentNegotiationManager@36453773, matchingMediaTypes=[*/*], useEquals=true, ignoredMediaTypes=[]]]
2025-03-08 14:16:35.546 [http-nio-8083-exec-9] DEBUG o.s.s.w.a.DelegatingAuthenticationEntryPoint - Match found! Executing org.springframework.security.web.authentication.DelegatingAuthenticationEntryPoint@50caeb4b
2025-03-08 14:16:35.546 [http-nio-8083-exec-9] DEBUG o.s.s.w.a.DelegatingAuthenticationEntryPoint - Trying to match using RequestHeaderRequestMatcher [expectedHeaderName=X-Requested-With, expectedHeaderValue=XMLHttpRequest]
2025-03-08 14:16:35.546 [http-nio-8083-exec-9] DEBUG o.s.s.w.a.DelegatingAuthenticationEntryPoint - No match found. Using default entry point org.springframework.security.web.authentication.www.BasicAuthenticationEntryPoint@6d8d435b
2025-03-08 14:16:35.547 [http-nio-8083-exec-9] DEBUG o.s.security.web.FilterChainProxy - Securing GET /error
2025-03-08 14:16:35.547 [http-nio-8083-exec-9] DEBUG o.s.s.w.a.AnonymousAuthenticationFilter - Set SecurityContextHolder to anonymous SecurityContext
2025-03-08 14:16:35.548 [http-nio-8083-exec-9] DEBUG o.s.s.w.s.HttpSessionRequestCache - Saved request http://localhost:8083/error?continue to session
2025-03-08 14:16:35.548 [http-nio-8083-exec-9] DEBUG o.s.s.w.a.DelegatingAuthenticationEntryPoint - Trying to match using And [Not [RequestHeaderRequestMatcher [expectedHeaderName=X-Requested-With, expectedHeaderValue=XMLHttpRequest]], MediaTypeRequestMatcher [contentNegotiationStrategy=org.springframework.web.accept.ContentNegotiationManager@36453773, matchingMediaTypes=[application/xhtml+xml, image/*, text/html, text/plain], useEquals=false, ignoredMediaTypes=[*/*]]]
2025-03-08 14:16:35.548 [http-nio-8083-exec-9] DEBUG o.s.s.w.a.DelegatingAuthenticationEntryPoint - Trying to match using Or [RequestHeaderRequestMatcher [expectedHeaderName=X-Requested-With, expectedHeaderValue=XMLHttpRequest], And [Not [MediaTypeRequestMatcher [contentNegotiationStrategy=org.springframework.web.accept.ContentNegotiationManager@36453773, matchingMediaTypes=[text/html], useEquals=false, ignoredMediaTypes=[]]], MediaTypeRequestMatcher [contentNegotiationStrategy=org.springframework.web.accept.ContentNegotiationManager@36453773, matchingMediaTypes=[application/atom+xml, application/x-www-form-urlencoded, application/json, application/octet-stream, application/xml, multipart/form-data, text/xml], useEquals=false, ignoredMediaTypes=[*/*]]], MediaTypeRequestMatcher [contentNegotiationStrategy=org.springframework.web.accept.ContentNegotiationManager@36453773, matchingMediaTypes=[*/*], useEquals=true, ignoredMediaTypes=[]]]
2025-03-08 14:16:35.548 [http-nio-8083-exec-9] DEBUG o.s.s.w.a.DelegatingAuthenticationEntryPoint - Match found! Executing org.springframework.security.web.authentication.DelegatingAuthenticationEntryPoint@50caeb4b
2025-03-08 14:16:35.548 [http-nio-8083-exec-9] DEBUG o.s.s.w.a.DelegatingAuthenticationEntryPoint - Trying to match using RequestHeaderRequestMatcher [expectedHeaderName=X-Requested-With, expectedHeaderValue=XMLHttpRequest]
2025-03-08 14:16:35.549 [http-nio-8083-exec-9] DEBUG o.s.s.w.a.DelegatingAuthenticationEntryPoint - No match found. Using default entry point org.springframework.security.web.authentication.www.BasicAuthenticationEntryPoint@6d8d435b
2025-03-08 14:16:37.661 [http-nio-8083-exec-7] DEBUG o.s.security.web.FilterChainProxy - Securing GET /actuator/health
2025-03-08 14:16:37.662 [http-nio-8083-exec-7] DEBUG o.s.s.w.a.AnonymousAuthenticationFilter - Set SecurityContextHolder to anonymous SecurityContext
2025-03-08 14:16:37.662 [http-nio-8083-exec-7] DEBUG o.s.s.w.s.HttpSessionRequestCache - Saved request http://localhost:8083/actuator/health?continue to session
2025-03-08 14:16:37.663 [http-nio-8083-exec-7] DEBUG o.s.s.w.a.DelegatingAuthenticationEntryPoint - Trying to match using And [Not [RequestHeaderRequestMatcher [expectedHeaderName=X-Requested-With, expectedHeaderValue=XMLHttpRequest]], MediaTypeRequestMatcher [contentNegotiationStrategy=org.springframework.web.accept.ContentNegotiationManager@36453773, matchingMediaTypes=[application/xhtml+xml, image/*, text/html, text/plain], useEquals=false, ignoredMediaTypes=[*/*]]]
2025-03-08 14:16:37.663 [http-nio-8083-exec-7] DEBUG o.s.s.w.a.DelegatingAuthenticationEntryPoint - Trying to match using Or [RequestHeaderRequestMatcher [expectedHeaderName=X-Requested-With, expectedHeaderValue=XMLHttpRequest], And [Not [MediaTypeRequestMatcher [contentNegotiationStrategy=org.springframework.web.accept.ContentNegotiationManager@36453773, matchingMediaTypes=[text/html], useEquals=false, ignoredMediaTypes=[]]], MediaTypeRequestMatcher [contentNegotiationStrategy=org.springframework.web.accept.ContentNegotiationManager@36453773, matchingMediaTypes=[application/atom+xml, application/x-www-form-urlencoded, application/json, application/octet-stream, application/xml, multipart/form-data, text/xml], useEquals=false, ignoredMediaTypes=[*/*]]], MediaTypeRequestMatcher [contentNegotiationStrategy=org.springframework.web.accept.ContentNegotiationManager@36453773, matchingMediaTypes=[*/*], useEquals=true, ignoredMediaTypes=[]]]
2025-03-08 14:16:37.663 [http-nio-8083-exec-7] DEBUG o.s.s.w.a.DelegatingAuthenticationEntryPoint - Match found! Executing org.springframework.security.web.authentication.DelegatingAuthenticationEntryPoint@50caeb4b
2025-03-08 14:16:37.663 [http-nio-8083-exec-7] DEBUG o.s.s.w.a.DelegatingAuthenticationEntryPoint - Trying to match using RequestHeaderRequestMatcher [expectedHeaderName=X-Requested-With, expectedHeaderValue=XMLHttpRequest]
2025-03-08 14:16:37.663 [http-nio-8083-exec-7] DEBUG o.s.s.w.a.DelegatingAuthenticationEntryPoint - No match found. Using default entry point org.springframework.security.web.authentication.www.BasicAuthenticationEntryPoint@6d8d435b
2025-03-08 14:16:37.665 [http-nio-8083-exec-7] DEBUG o.s.security.web.FilterChainProxy - Securing GET /error
2025-03-08 14:16:37.665 [http-nio-8083-exec-7] DEBUG o.s.s.w.a.AnonymousAuthenticationFilter - Set SecurityContextHolder to anonymous SecurityContext
2025-03-08 14:16:37.665 [http-nio-8083-exec-7] DEBUG o.s.s.w.s.HttpSessionRequestCache - Saved request http://localhost:8083/error?continue to session
2025-03-08 14:16:37.665 [http-nio-8083-exec-7] DEBUG o.s.s.w.a.DelegatingAuthenticationEntryPoint - Trying to match using And [Not [RequestHeaderRequestMatcher [expectedHeaderName=X-Requested-With, expectedHeaderValue=XMLHttpRequest]], MediaTypeRequestMatcher [contentNegotiationStrategy=org.springframework.web.accept.ContentNegotiationManager@36453773, matchingMediaTypes=[application/xhtml+xml, image/*, text/html, text/plain], useEquals=false, ignoredMediaTypes=[*/*]]]
2025-03-08 14:16:37.666 [http-nio-8083-exec-7] DEBUG o.s.s.w.a.DelegatingAuthenticationEntryPoint - Trying to match using Or [RequestHeaderRequestMatcher [expectedHeaderName=X-Requested-With, expectedHeaderValue=XMLHttpRequest], And [Not [MediaTypeRequestMatcher [contentNegotiationStrategy=org.springframework.web.accept.ContentNegotiationManager@36453773, matchingMediaTypes=[text/html], useEquals=false, ignoredMediaTypes=[]]], MediaTypeRequestMatcher [contentNegotiationStrategy=org.springframework.web.accept.ContentNegotiationManager@36453773, matchingMediaTypes=[application/atom+xml, application/x-www-form-urlencoded, application/json, application/octet-stream, application/xml, multipart/form-data, text/xml], useEquals=false, ignoredMediaTypes=[*/*]]], MediaTypeRequestMatcher [contentNegotiationStrategy=org.springframework.web.accept.ContentNegotiationManager@36453773, matchingMediaTypes=[*/*], useEquals=true, ignoredMediaTypes=[]]]
2025-03-08 14:16:37.666 [http-nio-8083-exec-7] DEBUG o.s.s.w.a.DelegatingAuthenticationEntryPoint - Match found! Executing org.springframework.security.web.authentication.DelegatingAuthenticationEntryPoint@50caeb4b
2025-03-08 14:16:37.666 [http-nio-8083-exec-7] DEBUG o.s.s.w.a.DelegatingAuthenticationEntryPoint - Trying to match using RequestHeaderRequestMatcher [expectedHeaderName=X-Requested-With, expectedHeaderValue=XMLHttpRequest]
2025-03-08 14:16:37.666 [http-nio-8083-exec-7] DEBUG o.s.s.w.a.DelegatingAuthenticationEntryPoint - No match found. Using default entry point org.springframework.security.web.authentication.www.BasicAuthenticationEntryPoint@6d8d435b
2025-03-08 14:16:39.804 [http-nio-8083-exec-1] DEBUG o.s.security.web.FilterChainProxy - Securing GET /actuator/health
2025-03-08 14:16:39.804 [http-nio-8083-exec-1] DEBUG o.s.s.w.a.AnonymousAuthenticationFilter - Set SecurityContextHolder to anonymous SecurityContext
2025-03-08 14:16:39.805 [http-nio-8083-exec-1] DEBUG o.s.s.w.s.HttpSessionRequestCache - Saved request http://localhost:8083/actuator/health?continue to session
2025-03-08 14:16:39.805 [http-nio-8083-exec-1] DEBUG o.s.s.w.a.DelegatingAuthenticationEntryPoint - Trying to match using And [Not [RequestHeaderRequestMatcher [expectedHeaderName=X-Requested-With, expectedHeaderValue=XMLHttpRequest]], MediaTypeRequestMatcher [contentNegotiationStrategy=org.springframework.web.accept.ContentNegotiationManager@36453773, matchingMediaTypes=[application/xhtml+xml, image/*, text/html, text/plain], useEquals=false, ignoredMediaTypes=[*/*]]]
2025-03-08 14:16:39.806 [http-nio-8083-exec-1] DEBUG o.s.s.w.a.DelegatingAuthenticationEntryPoint - Trying to match using Or [RequestHeaderRequestMatcher [expectedHeaderName=X-Requested-With, expectedHeaderValue=XMLHttpRequest], And [Not [MediaTypeRequestMatcher [contentNegotiationStrategy=org.springframework.web.accept.ContentNegotiationManager@36453773, matchingMediaTypes=[text/html], useEquals=false, ignoredMediaTypes=[]]], MediaTypeRequestMatcher [contentNegotiationStrategy=org.springframework.web.accept.ContentNegotiationManager@36453773, matchingMediaTypes=[application/atom+xml, application/x-www-form-urlencoded, application/json, application/octet-stream, application/xml, multipart/form-data, text/xml], useEquals=false, ignoredMediaTypes=[*/*]]], MediaTypeRequestMatcher [contentNegotiationStrategy=org.springframework.web.accept.ContentNegotiationManager@36453773, matchingMediaTypes=[*/*], useEquals=true, ignoredMediaTypes=[]]]
2025-03-08 14:16:39.806 [http-nio-8083-exec-1] DEBUG o.s.s.w.a.DelegatingAuthenticationEntryPoint - Match found! Executing org.springframework.security.web.authentication.DelegatingAuthenticationEntryPoint@50caeb4b
2025-03-08 14:16:39.806 [http-nio-8083-exec-1] DEBUG o.s.s.w.a.DelegatingAuthenticationEntryPoint - Trying to match using RequestHeaderRequestMatcher [expectedHeaderName=X-Requested-With, expectedHeaderValue=XMLHttpRequest]
2025-03-08 14:16:39.806 [http-nio-8083-exec-1] DEBUG o.s.s.w.a.DelegatingAuthenticationEntryPoint - No match found. Using default entry point org.springframework.security.web.authentication.www.BasicAuthenticationEntryPoint@6d8d435b
2025-03-08 14:16:39.807 [http-nio-8083-exec-1] DEBUG o.s.security.web.FilterChainProxy - Securing GET /error
2025-03-08 14:16:39.807 [http-nio-8083-exec-1] DEBUG o.s.s.w.a.AnonymousAuthenticationFilter - Set SecurityContextHolder to anonymous SecurityContext
2025-03-08 14:16:39.808 [http-nio-8083-exec-1] DEBUG o.s.s.w.s.HttpSessionRequestCache - Saved request http://localhost:8083/error?continue to session
2025-03-08 14:16:39.808 [http-nio-8083-exec-1] DEBUG o.s.s.w.a.DelegatingAuthenticationEntryPoint - Trying to match using And [Not [RequestHeaderRequestMatcher [expectedHeaderName=X-Requested-With, expectedHeaderValue=XMLHttpRequest]], MediaTypeRequestMatcher [contentNegotiationStrategy=org.springframework.web.accept.ContentNegotiationManager@36453773, matchingMediaTypes=[application/xhtml+xml, image/*, text/html, text/plain], useEquals=false, ignoredMediaTypes=[*/*]]]
2025-03-08 14:16:39.808 [http-nio-8083-exec-1] DEBUG o.s.s.w.a.DelegatingAuthenticationEntryPoint - Trying to match using Or [RequestHeaderRequestMatcher [expectedHeaderName=X-Requested-With, expectedHeaderValue=XMLHttpRequest], And [Not [MediaTypeRequestMatcher [contentNegotiationStrategy=org.springframework.web.accept.ContentNegotiationManager@36453773, matchingMediaTypes=[text/html], useEquals=false, ignoredMediaTypes=[]]], MediaTypeRequestMatcher [contentNegotiationStrategy=org.springframework.web.accept.ContentNegotiationManager@36453773, matchingMediaTypes=[application/atom+xml, application/x-www-form-urlencoded, application/json, application/octet-stream, application/xml, multipart/form-data, text/xml], useEquals=false, ignoredMediaTypes=[*/*]]], MediaTypeRequestMatcher [contentNegotiationStrategy=org.springframework.web.accept.ContentNegotiationManager@36453773, matchingMediaTypes=[*/*], useEquals=true, ignoredMediaTypes=[]]]
2025-03-08 14:16:39.808 [http-nio-8083-exec-1] DEBUG o.s.s.w.a.DelegatingAuthenticationEntryPoint - Match found! Executing org.springframework.security.web.authentication.DelegatingAuthenticationEntryPoint@50caeb4b
2025-03-08 14:16:39.808 [http-nio-8083-exec-1] DEBUG o.s.s.w.a.DelegatingAuthenticationEntryPoint - Trying to match using RequestHeaderRequestMatcher [expectedHeaderName=X-Requested-With, expectedHeaderValue=XMLHttpRequest]
2025-03-08 14:16:39.808 [http-nio-8083-exec-1] DEBUG o.s.s.w.a.DelegatingAuthenticationEntryPoint - No match found. Using default entry point org.springframework.security.web.authentication.www.BasicAuthenticationEntryPoint@6d8d435b
2025-03-08 14:16:41.942 [http-nio-8083-exec-2] DEBUG o.s.security.web.FilterChainProxy - Securing GET /actuator/health
2025-03-08 14:16:41.943 [http-nio-8083-exec-2] DEBUG o.s.s.w.a.AnonymousAuthenticationFilter - Set SecurityContextHolder to anonymous SecurityContext
2025-03-08 14:16:41.943 [http-nio-8083-exec-2] DEBUG o.s.s.w.s.HttpSessionRequestCache - Saved request http://localhost:8083/actuator/health?continue to session
2025-03-08 14:16:41.944 [http-nio-8083-exec-2] DEBUG o.s.s.w.a.DelegatingAuthenticationEntryPoint - Trying to match using And [Not [RequestHeaderRequestMatcher [expectedHeaderName=X-Requested-With, expectedHeaderValue=XMLHttpRequest]], MediaTypeRequestMatcher [contentNegotiationStrategy=org.springframework.web.accept.ContentNegotiationManager@36453773, matchingMediaTypes=[application/xhtml+xml, image/*, text/html, text/plain], useEquals=false, ignoredMediaTypes=[*/*]]]
2025-03-08 14:16:41.944 [http-nio-8083-exec-2] DEBUG o.s.s.w.a.DelegatingAuthenticationEntryPoint - Trying to match using Or [RequestHeaderRequestMatcher [expectedHeaderName=X-Requested-With, expectedHeaderValue=XMLHttpRequest], And [Not [MediaTypeRequestMatcher [contentNegotiationStrategy=org.springframework.web.accept.ContentNegotiationManager@36453773, matchingMediaTypes=[text/html], useEquals=false, ignoredMediaTypes=[]]], MediaTypeRequestMatcher [contentNegotiationStrategy=org.springframework.web.accept.ContentNegotiationManager@36453773, matchingMediaTypes=[application/atom+xml, application/x-www-form-urlencoded, application/json, application/octet-stream, application/xml, multipart/form-data, text/xml], useEquals=false, ignoredMediaTypes=[*/*]]], MediaTypeRequestMatcher [contentNegotiationStrategy=org.springframework.web.accept.ContentNegotiationManager@36453773, matchingMediaTypes=[*/*], useEquals=true, ignoredMediaTypes=[]]]
2025-03-08 14:16:41.944 [http-nio-8083-exec-2] DEBUG o.s.s.w.a.DelegatingAuthenticationEntryPoint - Match found! Executing org.springframework.security.web.authentication.DelegatingAuthenticationEntryPoint@50caeb4b
2025-03-08 14:16:41.944 [http-nio-8083-exec-2] DEBUG o.s.s.w.a.DelegatingAuthenticationEntryPoint - Trying to match using RequestHeaderRequestMatcher [expectedHeaderName=X-Requested-With, expectedHeaderValue=XMLHttpRequest]
2025-03-08 14:16:41.944 [http-nio-8083-exec-2] DEBUG o.s.s.w.a.DelegatingAuthenticationEntryPoint - No match found. Using default entry point org.springframework.security.web.authentication.www.BasicAuthenticationEntryPoint@6d8d435b
2025-03-08 14:16:41.945 [http-nio-8083-exec-2] DEBUG o.s.security.web.FilterChainProxy - Securing GET /error
2025-03-08 14:16:41.946 [http-nio-8083-exec-2] DEBUG o.s.s.w.a.AnonymousAuthenticationFilter - Set SecurityContextHolder to anonymous SecurityContext
2025-03-08 14:16:41.946 [http-nio-8083-exec-2] DEBUG o.s.s.w.s.HttpSessionRequestCache - Saved request http://localhost:8083/error?continue to session
2025-03-08 14:16:41.946 [http-nio-8083-exec-2] DEBUG o.s.s.w.a.DelegatingAuthenticationEntryPoint - Trying to match using And [Not [RequestHeaderRequestMatcher [expectedHeaderName=X-Requested-With, expectedHeaderValue=XMLHttpRequest]], MediaTypeRequestMatcher [contentNegotiationStrategy=org.springframework.web.accept.ContentNegotiationManager@36453773, matchingMediaTypes=[application/xhtml+xml, image/*, text/html, text/plain], useEquals=false, ignoredMediaTypes=[*/*]]]
2025-03-08 14:16:41.946 [http-nio-8083-exec-2] DEBUG o.s.s.w.a.DelegatingAuthenticationEntryPoint - Trying to match using Or [RequestHeaderRequestMatcher [expectedHeaderName=X-Requested-With, expectedHeaderValue=XMLHttpRequest], And [Not [MediaTypeRequestMatcher [contentNegotiationStrategy=org.springframework.web.accept.ContentNegotiationManager@36453773, matchingMediaTypes=[text/html], useEquals=false, ignoredMediaTypes=[]]], MediaTypeRequestMatcher [contentNegotiationStrategy=org.springframework.web.accept.ContentNegotiationManager@36453773, matchingMediaTypes=[application/atom+xml, application/x-www-form-urlencoded, application/json, application/octet-stream, application/xml, multipart/form-data, text/xml], useEquals=false, ignoredMediaTypes=[*/*]]], MediaTypeRequestMatcher [contentNegotiationStrategy=org.springframework.web.accept.ContentNegotiationManager@36453773, matchingMediaTypes=[*/*], useEquals=true, ignoredMediaTypes=[]]]
2025-03-08 14:16:41.947 [http-nio-8083-exec-2] DEBUG o.s.s.w.a.DelegatingAuthenticationEntryPoint - Match found! Executing org.springframework.security.web.authentication.DelegatingAuthenticationEntryPoint@50caeb4b
2025-03-08 14:16:41.947 [http-nio-8083-exec-2] DEBUG o.s.s.w.a.DelegatingAuthenticationEntryPoint - Trying to match using RequestHeaderRequestMatcher [expectedHeaderName=X-Requested-With, expectedHeaderValue=XMLHttpRequest]
2025-03-08 14:16:41.947 [http-nio-8083-exec-2] DEBUG o.s.s.w.a.DelegatingAuthenticationEntryPoint - No match found. Using default entry point org.springframework.security.web.authentication.www.BasicAuthenticationEntryPoint@6d8d435b
2025-03-08 14:16:44.047 [http-nio-8083-exec-3] DEBUG o.s.security.web.FilterChainProxy - Securing GET /actuator/health
2025-03-08 14:16:44.048 [http-nio-8083-exec-3] DEBUG o.s.s.w.a.AnonymousAuthenticationFilter - Set SecurityContextHolder to anonymous SecurityContext
2025-03-08 14:16:44.049 [http-nio-8083-exec-3] DEBUG o.s.s.w.s.HttpSessionRequestCache - Saved request http://localhost:8083/actuator/health?continue to session
2025-03-08 14:16:44.049 [http-nio-8083-exec-3] DEBUG o.s.s.w.a.DelegatingAuthenticationEntryPoint - Trying to match using And [Not [RequestHeaderRequestMatcher [expectedHeaderName=X-Requested-With, expectedHeaderValue=XMLHttpRequest]], MediaTypeRequestMatcher [contentNegotiationStrategy=org.springframework.web.accept.ContentNegotiationManager@36453773, matchingMediaTypes=[application/xhtml+xml, image/*, text/html, text/plain], useEquals=false, ignoredMediaTypes=[*/*]]]
2025-03-08 14:16:44.049 [http-nio-8083-exec-3] DEBUG o.s.s.w.a.DelegatingAuthenticationEntryPoint - Trying to match using Or [RequestHeaderRequestMatcher [expectedHeaderName=X-Requested-With, expectedHeaderValue=XMLHttpRequest], And [Not [MediaTypeRequestMatcher [contentNegotiationStrategy=org.springframework.web.accept.ContentNegotiationManager@36453773, matchingMediaTypes=[text/html], useEquals=false, ignoredMediaTypes=[]]], MediaTypeRequestMatcher [contentNegotiationStrategy=org.springframework.web.accept.ContentNegotiationManager@36453773, matchingMediaTypes=[application/atom+xml, application/x-www-form-urlencoded, application/json, application/octet-stream, application/xml, multipart/form-data, text/xml], useEquals=false, ignoredMediaTypes=[*/*]]], MediaTypeRequestMatcher [contentNegotiationStrategy=org.springframework.web.accept.ContentNegotiationManager@36453773, matchingMediaTypes=[*/*], useEquals=true, ignoredMediaTypes=[]]]
2025-03-08 14:16:44.049 [http-nio-8083-exec-3] DEBUG o.s.s.w.a.DelegatingAuthenticationEntryPoint - Match found! Executing org.springframework.security.web.authentication.DelegatingAuthenticationEntryPoint@50caeb4b
2025-03-08 14:16:44.049 [http-nio-8083-exec-3] DEBUG o.s.s.w.a.DelegatingAuthenticationEntryPoint - Trying to match using RequestHeaderRequestMatcher [expectedHeaderName=X-Requested-With, expectedHeaderValue=XMLHttpRequest]
2025-03-08 14:16:44.049 [http-nio-8083-exec-3] DEBUG o.s.s.w.a.DelegatingAuthenticationEntryPoint - No match found. Using default entry point org.springframework.security.web.authentication.www.BasicAuthenticationEntryPoint@6d8d435b
2025-03-08 14:16:44.050 [http-nio-8083-exec-3] DEBUG o.s.security.web.FilterChainProxy - Securing GET /error
2025-03-08 14:16:44.050 [http-nio-8083-exec-3] DEBUG o.s.s.w.a.AnonymousAuthenticationFilter - Set SecurityContextHolder to anonymous SecurityContext
2025-03-08 14:16:44.051 [http-nio-8083-exec-3] DEBUG o.s.s.w.s.HttpSessionRequestCache - Saved request http://localhost:8083/error?continue to session
2025-03-08 14:16:44.051 [http-nio-8083-exec-3] DEBUG o.s.s.w.a.DelegatingAuthenticationEntryPoint - Trying to match using And [Not [RequestHeaderRequestMatcher [expectedHeaderName=X-Requested-With, expectedHeaderValue=XMLHttpRequest]], MediaTypeRequestMatcher [contentNegotiationStrategy=org.springframework.web.accept.ContentNegotiationManager@36453773, matchingMediaTypes=[application/xhtml+xml, image/*, text/html, text/plain], useEquals=false, ignoredMediaTypes=[*/*]]]
2025-03-08 14:16:44.052 [http-nio-8083-exec-3] DEBUG o.s.s.w.a.DelegatingAuthenticationEntryPoint - Trying to match using Or [RequestHeaderRequestMatcher [expectedHeaderName=X-Requested-With, expectedHeaderValue=XMLHttpRequest], And [Not [MediaTypeRequestMatcher [contentNegotiationStrategy=org.springframework.web.accept.ContentNegotiationManager@36453773, matchingMediaTypes=[text/html], useEquals=false, ignoredMediaTypes=[]]], MediaTypeRequestMatcher [contentNegotiationStrategy=org.springframework.web.accept.ContentNegotiationManager@36453773, matchingMediaTypes=[application/atom+xml, application/x-www-form-urlencoded, application/json, application/octet-stream, application/xml, multipart/form-data, text/xml], useEquals=false, ignoredMediaTypes=[*/*]]], MediaTypeRequestMatcher [contentNegotiationStrategy=org.springframework.web.accept.ContentNegotiationManager@36453773, matchingMediaTypes=[*/*], useEquals=true, ignoredMediaTypes=[]]]
2025-03-08 14:16:44.052 [http-nio-8083-exec-3] DEBUG o.s.s.w.a.DelegatingAuthenticationEntryPoint - Match found! Executing org.springframework.security.web.authentication.DelegatingAuthenticationEntryPoint@50caeb4b
2025-03-08 14:16:44.052 [http-nio-8083-exec-3] DEBUG o.s.s.w.a.DelegatingAuthenticationEntryPoint - Trying to match using RequestHeaderRequestMatcher [expectedHeaderName=X-Requested-With, expectedHeaderValue=XMLHttpRequest]
2025-03-08 14:16:44.052 [http-nio-8083-exec-3] DEBUG o.s.s.w.a.DelegatingAuthenticationEntryPoint - No match found. Using default entry point org.springframework.security.web.authentication.www.BasicAuthenticationEntryPoint@6d8d435b
2025-03-08 14:16:46.186 [http-nio-8083-exec-10] DEBUG o.s.security.web.FilterChainProxy - Securing GET /actuator/health
2025-03-08 14:16:46.187 [http-nio-8083-exec-10] DEBUG o.s.s.w.a.AnonymousAuthenticationFilter - Set SecurityContextHolder to anonymous SecurityContext
2025-03-08 14:16:46.188 [http-nio-8083-exec-10] DEBUG o.s.s.w.s.HttpSessionRequestCache - Saved request http://localhost:8083/actuator/health?continue to session
2025-03-08 14:16:46.188 [http-nio-8083-exec-10] DEBUG o.s.s.w.a.DelegatingAuthenticationEntryPoint - Trying to match using And [Not [RequestHeaderRequestMatcher [expectedHeaderName=X-Requested-With, expectedHeaderValue=XMLHttpRequest]], MediaTypeRequestMatcher [contentNegotiationStrategy=org.springframework.web.accept.ContentNegotiationManager@36453773, matchingMediaTypes=[application/xhtml+xml, image/*, text/html, text/plain], useEquals=false, ignoredMediaTypes=[*/*]]]
2025-03-08 14:16:46.188 [http-nio-8083-exec-10] DEBUG o.s.s.w.a.DelegatingAuthenticationEntryPoint - Trying to match using Or [RequestHeaderRequestMatcher [expectedHeaderName=X-Requested-With, expectedHeaderValue=XMLHttpRequest], And [Not [MediaTypeRequestMatcher [contentNegotiationStrategy=org.springframework.web.accept.ContentNegotiationManager@36453773, matchingMediaTypes=[text/html], useEquals=false, ignoredMediaTypes=[]]], MediaTypeRequestMatcher [contentNegotiationStrategy=org.springframework.web.accept.ContentNegotiationManager@36453773, matchingMediaTypes=[application/atom+xml, application/x-www-form-urlencoded, application/json, application/octet-stream, application/xml, multipart/form-data, text/xml], useEquals=false, ignoredMediaTypes=[*/*]]], MediaTypeRequestMatcher [contentNegotiationStrategy=org.springframework.web.accept.ContentNegotiationManager@36453773, matchingMediaTypes=[*/*], useEquals=true, ignoredMediaTypes=[]]]
2025-03-08 14:16:46.188 [http-nio-8083-exec-10] DEBUG o.s.s.w.a.DelegatingAuthenticationEntryPoint - Match found! Executing org.springframework.security.web.authentication.DelegatingAuthenticationEntryPoint@50caeb4b
2025-03-08 14:16:46.188 [http-nio-8083-exec-10] DEBUG o.s.s.w.a.DelegatingAuthenticationEntryPoint - Trying to match using RequestHeaderRequestMatcher [expectedHeaderName=X-Requested-With, expectedHeaderValue=XMLHttpRequest]
2025-03-08 14:16:46.188 [http-nio-8083-exec-10] DEBUG o.s.s.w.a.DelegatingAuthenticationEntryPoint - No match found. Using default entry point org.springframework.security.web.authentication.www.BasicAuthenticationEntryPoint@6d8d435b
2025-03-08 14:16:46.189 [http-nio-8083-exec-10] DEBUG o.s.security.web.FilterChainProxy - Securing GET /error
2025-03-08 14:16:46.190 [http-nio-8083-exec-10] DEBUG o.s.s.w.a.AnonymousAuthenticationFilter - Set SecurityContextHolder to anonymous SecurityContext
2025-03-08 14:16:46.190 [http-nio-8083-exec-10] DEBUG o.s.s.w.s.HttpSessionRequestCache - Saved request http://localhost:8083/error?continue to session
2025-03-08 14:16:46.190 [http-nio-8083-exec-10] DEBUG o.s.s.w.a.DelegatingAuthenticationEntryPoint - Trying to match using And [Not [RequestHeaderRequestMatcher [expectedHeaderName=X-Requested-With, expectedHeaderValue=XMLHttpRequest]], MediaTypeRequestMatcher [contentNegotiationStrategy=org.springframework.web.accept.ContentNegotiationManager@36453773, matchingMediaTypes=[application/xhtml+xml, image/*, text/html, text/plain], useEquals=false, ignoredMediaTypes=[*/*]]]
2025-03-08 14:16:46.190 [http-nio-8083-exec-10] DEBUG o.s.s.w.a.DelegatingAuthenticationEntryPoint - Trying to match using Or [RequestHeaderRequestMatcher [expectedHeaderName=X-Requested-With, expectedHeaderValue=XMLHttpRequest], And [Not [MediaTypeRequestMatcher [contentNegotiationStrategy=org.springframework.web.accept.ContentNegotiationManager@36453773, matchingMediaTypes=[text/html], useEquals=false, ignoredMediaTypes=[]]], MediaTypeRequestMatcher [contentNegotiationStrategy=org.springframework.web.accept.ContentNegotiationManager@36453773, matchingMediaTypes=[application/atom+xml, application/x-www-form-urlencoded, application/json, application/octet-stream, application/xml, multipart/form-data, text/xml], useEquals=false, ignoredMediaTypes=[*/*]]], MediaTypeRequestMatcher [contentNegotiationStrategy=org.springframework.web.accept.ContentNegotiationManager@36453773, matchingMediaTypes=[*/*], useEquals=true, ignoredMediaTypes=[]]]
2025-03-08 14:16:46.190 [http-nio-8083-exec-10] DEBUG o.s.s.w.a.DelegatingAuthenticationEntryPoint - Match found! Executing org.springframework.security.web.authentication.DelegatingAuthenticationEntryPoint@50caeb4b
2025-03-08 14:16:46.190 [http-nio-8083-exec-10] DEBUG o.s.s.w.a.DelegatingAuthenticationEntryPoint - Trying to match using RequestHeaderRequestMatcher [expectedHeaderName=X-Requested-With, expectedHeaderValue=XMLHttpRequest]
2025-03-08 14:16:46.190 [http-nio-8083-exec-10] DEBUG o.s.s.w.a.DelegatingAuthenticationEntryPoint - No match found. Using default entry point org.springframework.security.web.authentication.www.BasicAuthenticationEntryPoint@6d8d435b
2025-03-08 14:16:48.280 [http-nio-8083-exec-8] DEBUG o.s.security.web.FilterChainProxy - Securing GET /actuator/health
2025-03-08 14:16:48.281 [http-nio-8083-exec-8] DEBUG o.s.s.w.a.AnonymousAuthenticationFilter - Set SecurityContextHolder to anonymous SecurityContext
2025-03-08 14:16:48.282 [http-nio-8083-exec-8] DEBUG o.s.s.w.s.HttpSessionRequestCache - Saved request http://localhost:8083/actuator/health?continue to session
2025-03-08 14:16:48.282 [http-nio-8083-exec-8] DEBUG o.s.s.w.a.DelegatingAuthenticationEntryPoint - Trying to match using And [Not [RequestHeaderRequestMatcher [expectedHeaderName=X-Requested-With, expectedHeaderValue=XMLHttpRequest]], MediaTypeRequestMatcher [contentNegotiationStrategy=org.springframework.web.accept.ContentNegotiationManager@36453773, matchingMediaTypes=[application/xhtml+xml, image/*, text/html, text/plain], useEquals=false, ignoredMediaTypes=[*/*]]]
2025-03-08 14:16:48.282 [http-nio-8083-exec-8] DEBUG o.s.s.w.a.DelegatingAuthenticationEntryPoint - Trying to match using Or [RequestHeaderRequestMatcher [expectedHeaderName=X-Requested-With, expectedHeaderValue=XMLHttpRequest], And [Not [MediaTypeRequestMatcher [contentNegotiationStrategy=org.springframework.web.accept.ContentNegotiationManager@36453773, matchingMediaTypes=[text/html], useEquals=false, ignoredMediaTypes=[]]], MediaTypeRequestMatcher [contentNegotiationStrategy=org.springframework.web.accept.ContentNegotiationManager@36453773, matchingMediaTypes=[application/atom+xml, application/x-www-form-urlencoded, application/json, application/octet-stream, application/xml, multipart/form-data, text/xml], useEquals=false, ignoredMediaTypes=[*/*]]], MediaTypeRequestMatcher [contentNegotiationStrategy=org.springframework.web.accept.ContentNegotiationManager@36453773, matchingMediaTypes=[*/*], useEquals=true, ignoredMediaTypes=[]]]
2025-03-08 14:16:48.282 [http-nio-8083-exec-8] DEBUG o.s.s.w.a.DelegatingAuthenticationEntryPoint - Match found! Executing org.springframework.security.web.authentication.DelegatingAuthenticationEntryPoint@50caeb4b
2025-03-08 14:16:48.283 [http-nio-8083-exec-8] DEBUG o.s.s.w.a.DelegatingAuthenticationEntryPoint - Trying to match using RequestHeaderRequestMatcher [expectedHeaderName=X-Requested-With, expectedHeaderValue=XMLHttpRequest]
2025-03-08 14:16:48.283 [http-nio-8083-exec-8] DEBUG o.s.s.w.a.DelegatingAuthenticationEntryPoint - No match found. Using default entry point org.springframework.security.web.authentication.www.BasicAuthenticationEntryPoint@6d8d435b
2025-03-08 14:16:48.284 [http-nio-8083-exec-8] DEBUG o.s.security.web.FilterChainProxy - Securing GET /error
2025-03-08 14:16:48.285 [http-nio-8083-exec-8] DEBUG o.s.s.w.a.AnonymousAuthenticationFilter - Set SecurityContextHolder to anonymous SecurityContext
2025-03-08 14:16:48.285 [http-nio-8083-exec-8] DEBUG o.s.s.w.s.HttpSessionRequestCache - Saved request http://localhost:8083/error?continue to session
2025-03-08 14:16:48.285 [http-nio-8083-exec-8] DEBUG o.s.s.w.a.DelegatingAuthenticationEntryPoint - Trying to match using And [Not [RequestHeaderRequestMatcher [expectedHeaderName=X-Requested-With, expectedHeaderValue=XMLHttpRequest]], MediaTypeRequestMatcher [contentNegotiationStrategy=org.springframework.web.accept.ContentNegotiationManager@36453773, matchingMediaTypes=[application/xhtml+xml, image/*, text/html, text/plain], useEquals=false, ignoredMediaTypes=[*/*]]]
2025-03-08 14:16:48.285 [http-nio-8083-exec-8] DEBUG o.s.s.w.a.DelegatingAuthenticationEntryPoint - Trying to match using Or [RequestHeaderRequestMatcher [expectedHeaderName=X-Requested-With, expectedHeaderValue=XMLHttpRequest], And [Not [MediaTypeRequestMatcher [contentNegotiationStrategy=org.springframework.web.accept.ContentNegotiationManager@36453773, matchingMediaTypes=[text/html], useEquals=false, ignoredMediaTypes=[]]], MediaTypeRequestMatcher [contentNegotiationStrategy=org.springframework.web.accept.ContentNegotiationManager@36453773, matchingMediaTypes=[application/atom+xml, application/x-www-form-urlencoded, application/json, application/octet-stream, application/xml, multipart/form-data, text/xml], useEquals=false, ignoredMediaTypes=[*/*]]], MediaTypeRequestMatcher [contentNegotiationStrategy=org.springframework.web.accept.ContentNegotiationManager@36453773, matchingMediaTypes=[*/*], useEquals=true, ignoredMediaTypes=[]]]
2025-03-08 14:16:48.286 [http-nio-8083-exec-8] DEBUG o.s.s.w.a.DelegatingAuthenticationEntryPoint - Match found! Executing org.springframework.security.web.authentication.DelegatingAuthenticationEntryPoint@50caeb4b
2025-03-08 14:16:48.286 [http-nio-8083-exec-8] DEBUG o.s.s.w.a.DelegatingAuthenticationEntryPoint - Trying to match using RequestHeaderRequestMatcher [expectedHeaderName=X-Requested-With, expectedHeaderValue=XMLHttpRequest]
2025-03-08 14:16:48.286 [http-nio-8083-exec-8] DEBUG o.s.s.w.a.DelegatingAuthenticationEntryPoint - No match found. Using default entry point org.springframework.security.web.authentication.www.BasicAuthenticationEntryPoint@6d8d435b
2025-03-08 14:16:50.391 [http-nio-8083-exec-5] DEBUG o.s.security.web.FilterChainProxy - Securing GET /actuator/health
2025-03-08 14:16:50.392 [http-nio-8083-exec-5] DEBUG o.s.s.w.a.AnonymousAuthenticationFilter - Set SecurityContextHolder to anonymous SecurityContext
2025-03-08 14:16:50.393 [http-nio-8083-exec-5] DEBUG o.s.s.w.s.HttpSessionRequestCache - Saved request http://localhost:8083/actuator/health?continue to session
2025-03-08 14:16:50.393 [http-nio-8083-exec-5] DEBUG o.s.s.w.a.DelegatingAuthenticationEntryPoint - Trying to match using And [Not [RequestHeaderRequestMatcher [expectedHeaderName=X-Requested-With, expectedHeaderValue=XMLHttpRequest]], MediaTypeRequestMatcher [contentNegotiationStrategy=org.springframework.web.accept.ContentNegotiationManager@36453773, matchingMediaTypes=[application/xhtml+xml, image/*, text/html, text/plain], useEquals=false, ignoredMediaTypes=[*/*]]]
2025-03-08 14:16:50.393 [http-nio-8083-exec-5] DEBUG o.s.s.w.a.DelegatingAuthenticationEntryPoint - Trying to match using Or [RequestHeaderRequestMatcher [expectedHeaderName=X-Requested-With, expectedHeaderValue=XMLHttpRequest], And [Not [MediaTypeRequestMatcher [contentNegotiationStrategy=org.springframework.web.accept.ContentNegotiationManager@36453773, matchingMediaTypes=[text/html], useEquals=false, ignoredMediaTypes=[]]], MediaTypeRequestMatcher [contentNegotiationStrategy=org.springframework.web.accept.ContentNegotiationManager@36453773, matchingMediaTypes=[application/atom+xml, application/x-www-form-urlencoded, application/json, application/octet-stream, application/xml, multipart/form-data, text/xml], useEquals=false, ignoredMediaTypes=[*/*]]], MediaTypeRequestMatcher [contentNegotiationStrategy=org.springframework.web.accept.ContentNegotiationManager@36453773, matchingMediaTypes=[*/*], useEquals=true, ignoredMediaTypes=[]]]
2025-03-08 14:16:50.393 [http-nio-8083-exec-5] DEBUG o.s.s.w.a.DelegatingAuthenticationEntryPoint - Match found! Executing org.springframework.security.web.authentication.DelegatingAuthenticationEntryPoint@50caeb4b
2025-03-08 14:16:50.393 [http-nio-8083-exec-5] DEBUG o.s.s.w.a.DelegatingAuthenticationEntryPoint - Trying to match using RequestHeaderRequestMatcher [expectedHeaderName=X-Requested-With, expectedHeaderValue=XMLHttpRequest]
2025-03-08 14:16:50.393 [http-nio-8083-exec-5] DEBUG o.s.s.w.a.DelegatingAuthenticationEntryPoint - No match found. Using default entry point org.springframework.security.web.authentication.www.BasicAuthenticationEntryPoint@6d8d435b
2025-03-08 14:16:50.395 [http-nio-8083-exec-5] DEBUG o.s.security.web.FilterChainProxy - Securing GET /error
2025-03-08 14:16:50.395 [http-nio-8083-exec-5] DEBUG o.s.s.w.a.AnonymousAuthenticationFilter - Set SecurityContextHolder to anonymous SecurityContext
2025-03-08 14:16:50.396 [http-nio-8083-exec-5] DEBUG o.s.s.w.s.HttpSessionRequestCache - Saved request http://localhost:8083/error?continue to session
2025-03-08 14:16:50.396 [http-nio-8083-exec-5] DEBUG o.s.s.w.a.DelegatingAuthenticationEntryPoint - Trying to match using And [Not [RequestHeaderRequestMatcher [expectedHeaderName=X-Requested-With, expectedHeaderValue=XMLHttpRequest]], MediaTypeRequestMatcher [contentNegotiationStrategy=org.springframework.web.accept.ContentNegotiationManager@36453773, matchingMediaTypes=[application/xhtml+xml, image/*, text/html, text/plain], useEquals=false, ignoredMediaTypes=[*/*]]]
2025-03-08 14:16:50.396 [http-nio-8083-exec-5] DEBUG o.s.s.w.a.DelegatingAuthenticationEntryPoint - Trying to match using Or [RequestHeaderRequestMatcher [expectedHeaderName=X-Requested-With, expectedHeaderValue=XMLHttpRequest], And [Not [MediaTypeRequestMatcher [contentNegotiationStrategy=org.springframework.web.accept.ContentNegotiationManager@36453773, matchingMediaTypes=[text/html], useEquals=false, ignoredMediaTypes=[]]], MediaTypeRequestMatcher [contentNegotiationStrategy=org.springframework.web.accept.ContentNegotiationManager@36453773, matchingMediaTypes=[application/atom+xml, application/x-www-form-urlencoded, application/json, application/octet-stream, application/xml, multipart/form-data, text/xml], useEquals=false, ignoredMediaTypes=[*/*]]], MediaTypeRequestMatcher [contentNegotiationStrategy=org.springframework.web.accept.ContentNegotiationManager@36453773, matchingMediaTypes=[*/*], useEquals=true, ignoredMediaTypes=[]]]
2025-03-08 14:16:50.396 [http-nio-8083-exec-5] DEBUG o.s.s.w.a.DelegatingAuthenticationEntryPoint - Match found! Executing org.springframework.security.web.authentication.DelegatingAuthenticationEntryPoint@50caeb4b
2025-03-08 14:16:50.396 [http-nio-8083-exec-5] DEBUG o.s.s.w.a.DelegatingAuthenticationEntryPoint - Trying to match using RequestHeaderRequestMatcher [expectedHeaderName=X-Requested-With, expectedHeaderValue=XMLHttpRequest]
2025-03-08 14:16:50.396 [http-nio-8083-exec-5] DEBUG o.s.s.w.a.DelegatingAuthenticationEntryPoint - No match found. Using default entry point org.springframework.security.web.authentication.www.BasicAuthenticationEntryPoint@6d8d435b
2025-03-08 14:16:53.221 [http-nio-8083-exec-6] DEBUG o.s.security.web.FilterChainProxy - Securing GET /actuator/health
2025-03-08 14:16:53.222 [http-nio-8083-exec-6] DEBUG o.s.s.w.a.AnonymousAuthenticationFilter - Set SecurityContextHolder to anonymous SecurityContext
2025-03-08 14:16:53.222 [http-nio-8083-exec-6] DEBUG o.s.s.w.s.HttpSessionRequestCache - Saved request http://localhost:8083/actuator/health?continue to session
2025-03-08 14:16:53.222 [http-nio-8083-exec-6] DEBUG o.s.s.w.a.DelegatingAuthenticationEntryPoint - Trying to match using And [Not [RequestHeaderRequestMatcher [expectedHeaderName=X-Requested-With, expectedHeaderValue=XMLHttpRequest]], MediaTypeRequestMatcher [contentNegotiationStrategy=org.springframework.web.accept.ContentNegotiationManager@36453773, matchingMediaTypes=[application/xhtml+xml, image/*, text/html, text/plain], useEquals=false, ignoredMediaTypes=[*/*]]]
2025-03-08 14:16:53.222 [http-nio-8083-exec-6] DEBUG o.s.s.w.a.DelegatingAuthenticationEntryPoint - Trying to match using Or [RequestHeaderRequestMatcher [expectedHeaderName=X-Requested-With, expectedHeaderValue=XMLHttpRequest], And [Not [MediaTypeRequestMatcher [contentNegotiationStrategy=org.springframework.web.accept.ContentNegotiationManager@36453773, matchingMediaTypes=[text/html], useEquals=false, ignoredMediaTypes=[]]], MediaTypeRequestMatcher [contentNegotiationStrategy=org.springframework.web.accept.ContentNegotiationManager@36453773, matchingMediaTypes=[application/atom+xml, application/x-www-form-urlencoded, application/json, application/octet-stream, application/xml, multipart/form-data, text/xml], useEquals=false, ignoredMediaTypes=[*/*]]], MediaTypeRequestMatcher [contentNegotiationStrategy=org.springframework.web.accept.ContentNegotiationManager@36453773, matchingMediaTypes=[*/*], useEquals=true, ignoredMediaTypes=[]]]
2025-03-08 14:16:53.222 [http-nio-8083-exec-6] DEBUG o.s.s.w.a.DelegatingAuthenticationEntryPoint - Match found! Executing org.springframework.security.web.authentication.DelegatingAuthenticationEntryPoint@50caeb4b
2025-03-08 14:16:53.223 [http-nio-8083-exec-6] DEBUG o.s.s.w.a.DelegatingAuthenticationEntryPoint - Trying to match using RequestHeaderRequestMatcher [expectedHeaderName=X-Requested-With, expectedHeaderValue=XMLHttpRequest]
2025-03-08 14:16:53.223 [http-nio-8083-exec-6] DEBUG o.s.s.w.a.DelegatingAuthenticationEntryPoint - No match found. Using default entry point org.springframework.security.web.authentication.www.BasicAuthenticationEntryPoint@6d8d435b
2025-03-08 14:16:53.224 [http-nio-8083-exec-6] DEBUG o.s.security.web.FilterChainProxy - Securing GET /error
2025-03-08 14:16:53.224 [http-nio-8083-exec-6] DEBUG o.s.s.w.a.AnonymousAuthenticationFilter - Set SecurityContextHolder to anonymous SecurityContext
2025-03-08 14:16:53.224 [http-nio-8083-exec-6] DEBUG o.s.s.w.s.HttpSessionRequestCache - Saved request http://localhost:8083/error?continue to session
2025-03-08 14:16:53.225 [http-nio-8083-exec-6] DEBUG o.s.s.w.a.DelegatingAuthenticationEntryPoint - Trying to match using And [Not [RequestHeaderRequestMatcher [expectedHeaderName=X-Requested-With, expectedHeaderValue=XMLHttpRequest]], MediaTypeRequestMatcher [contentNegotiationStrategy=org.springframework.web.accept.ContentNegotiationManager@36453773, matchingMediaTypes=[application/xhtml+xml, image/*, text/html, text/plain], useEquals=false, ignoredMediaTypes=[*/*]]]
2025-03-08 14:16:53.225 [http-nio-8083-exec-6] DEBUG o.s.s.w.a.DelegatingAuthenticationEntryPoint - Trying to match using Or [RequestHeaderRequestMatcher [expectedHeaderName=X-Requested-With, expectedHeaderValue=XMLHttpRequest], And [Not [MediaTypeRequestMatcher [contentNegotiationStrategy=org.springframework.web.accept.ContentNegotiationManager@36453773, matchingMediaTypes=[text/html], useEquals=false, ignoredMediaTypes=[]]], MediaTypeRequestMatcher [contentNegotiationStrategy=org.springframework.web.accept.ContentNegotiationManager@36453773, matchingMediaTypes=[application/atom+xml, application/x-www-form-urlencoded, application/json, application/octet-stream, application/xml, multipart/form-data, text/xml], useEquals=false, ignoredMediaTypes=[*/*]]], MediaTypeRequestMatcher [contentNegotiationStrategy=org.springframework.web.accept.ContentNegotiationManager@36453773, matchingMediaTypes=[*/*], useEquals=true, ignoredMediaTypes=[]]]
2025-03-08 14:16:53.225 [http-nio-8083-exec-6] DEBUG o.s.s.w.a.DelegatingAuthenticationEntryPoint - Match found! Executing org.springframework.security.web.authentication.DelegatingAuthenticationEntryPoint@50caeb4b
2025-03-08 14:16:53.225 [http-nio-8083-exec-6] DEBUG o.s.s.w.a.DelegatingAuthenticationEntryPoint - Trying to match using RequestHeaderRequestMatcher [expectedHeaderName=X-Requested-With, expectedHeaderValue=XMLHttpRequest]
2025-03-08 14:16:53.225 [http-nio-8083-exec-6] DEBUG o.s.s.w.a.DelegatingAuthenticationEntryPoint - No match found. Using default entry point org.springframework.security.web.authentication.www.BasicAuthenticationEntryPoint@6d8d435b
2025-03-08 14:19:33.521 [main] INFO  com.chatapp.RealtimeChatApplication - Starting RealtimeChatApplication v0.0.1-SNAPSHOT using Java 21.0.6 with PID 8472 (D:\jetbrains\cursor\real-time-app\backend\target\realtime-chat-0.0.1-SNAPSHOT.jar started by lenovo in D:\jetbrains\cursor\real-time-app\backend)
2025-03-08 14:19:33.525 [main] INFO  com.chatapp.RealtimeChatApplication - The following 1 profile is active: "prod"
2025-03-08 14:19:34.631 [main] INFO  o.s.d.r.c.RepositoryConfigurationDelegate - Bootstrapping Spring Data JPA repositories in DEFAULT mode.
2025-03-08 14:19:34.649 [main] INFO  o.s.d.r.c.RepositoryConfigurationDelegate - Finished Spring Data repository scanning in 11 ms. Found 0 JPA repository interfaces.
2025-03-08 14:19:35.430 [main] INFO  o.s.b.w.e.tomcat.TomcatWebServer - Tomcat initialized with port 8083 (http)
2025-03-08 14:19:35.438 [main] INFO  o.a.coyote.http11.Http11NioProtocol - Initializing ProtocolHandler ["http-nio-8083"]
2025-03-08 14:19:35.440 [main] INFO  o.a.catalina.core.StandardService - Starting service [Tomcat]
2025-03-08 14:19:35.440 [main] INFO  o.a.catalina.core.StandardEngine - Starting Servlet engine: [Apache Tomcat/10.1.19]
2025-03-08 14:19:35.471 [main] INFO  o.a.c.c.C.[Tomcat].[localhost].[/] - Initializing Spring embedded WebApplicationContext
2025-03-08 14:19:35.472 [main] INFO  o.s.b.w.s.c.ServletWebServerApplicationContext - Root WebApplicationContext: initialization completed in 1894 ms
2025-03-08 14:19:35.746 [main] DEBUG o.s.w.f.ServerHttpObservationFilter - Filter 'webMvcObservationFilter' configured for use
2025-03-08 14:19:36.065 [main] INFO  o.h.jpa.internal.util.LogHelper - HHH000204: Processing PersistenceUnitInfo [name: default]
2025-03-08 14:19:36.170 [main] INFO  org.hibernate.Version - HHH000412: Hibernate ORM core version 6.4.4.Final
2025-03-08 14:19:36.205 [main] INFO  o.h.c.i.RegionFactoryInitiator - HHH000026: Second-level cache disabled
2025-03-08 14:19:36.381 [main] INFO  o.s.o.j.p.SpringPersistenceUnitInfo - No LoadTimeWeaver setup: ignoring JPA class transformer
2025-03-08 14:19:36.410 [main] INFO  com.zaxxer.hikari.HikariDataSource - HikariPool-1 - Starting...
2025-03-08 14:19:37.915 [main] ERROR com.zaxxer.hikari.pool.HikariPool - HikariPool-1 - Exception during pool initialization.
org.h2.jdbc.JdbcSQLInvalidAuthorizationSpecException: Wrong user name or password [28000-224]
	at org.h2.message.DbException.getJdbcSQLException(DbException.java:522)
	at org.h2.message.DbException.getJdbcSQLException(DbException.java:489)
	at org.h2.message.DbException.get(DbException.java:223)
	at org.h2.message.DbException.get(DbException.java:199)
	at org.h2.message.DbException.get(DbException.java:188)
	at org.h2.engine.Engine.validateUserAndPassword(Engine.java:396)
	at org.h2.engine.Engine.createSession(Engine.java:206)
	at org.h2.engine.SessionRemote.connectEmbeddedOrServer(SessionRemote.java:343)
	at org.h2.jdbc.JdbcConnection.<init>(JdbcConnection.java:125)
	at org.h2.Driver.connect(Driver.java:59)
	at com.zaxxer.hikari.util.DriverDataSource.getConnection(DriverDataSource.java:138)
	at com.zaxxer.hikari.pool.PoolBase.newConnection(PoolBase.java:359)
	at com.zaxxer.hikari.pool.PoolBase.newPoolEntry(PoolBase.java:201)
	at com.zaxxer.hikari.pool.HikariPool.createPoolEntry(HikariPool.java:470)
	at com.zaxxer.hikari.pool.HikariPool.checkFailFast(HikariPool.java:561)
	at com.zaxxer.hikari.pool.HikariPool.<init>(HikariPool.java:100)
	at com.zaxxer.hikari.HikariDataSource.getConnection(HikariDataSource.java:112)
	at org.hibernate.engine.jdbc.connections.internal.DatasourceConnectionProviderImpl.getConnection(DatasourceConnectionProviderImpl.java:122)
	at org.hibernate.engine.jdbc.env.internal.JdbcEnvironmentInitiator$ConnectionProviderJdbcConnectionAccess.obtainConnection(JdbcEnvironmentInitiator.java:428)
	at org.hibernate.resource.transaction.backend.jdbc.internal.JdbcIsolationDelegate.delegateWork(JdbcIsolationDelegate.java:61)
	at org.hibernate.engine.jdbc.env.internal.JdbcEnvironmentInitiator.getJdbcEnvironmentUsingJdbcMetadata(JdbcEnvironmentInitiator.java:276)
	at org.hibernate.engine.jdbc.env.internal.JdbcEnvironmentInitiator.initiateService(JdbcEnvironmentInitiator.java:107)
	at org.hibernate.engine.jdbc.env.internal.JdbcEnvironmentInitiator.initiateService(JdbcEnvironmentInitiator.java:68)
	at org.hibernate.boot.registry.internal.StandardServiceRegistryImpl.initiateService(StandardServiceRegistryImpl.java:130)
	at org.hibernate.service.internal.AbstractServiceRegistryImpl.createService(AbstractServiceRegistryImpl.java:263)
	at org.hibernate.service.internal.AbstractServiceRegistryImpl.initializeService(AbstractServiceRegistryImpl.java:238)
	at org.hibernate.service.internal.AbstractServiceRegistryImpl.getService(AbstractServiceRegistryImpl.java:215)
	at org.hibernate.boot.model.relational.Database.<init>(Database.java:45)
	at org.hibernate.boot.internal.InFlightMetadataCollectorImpl.getDatabase(InFlightMetadataCollectorImpl.java:223)
	at org.hibernate.boot.internal.InFlightMetadataCollectorImpl.<init>(InFlightMetadataCollectorImpl.java:191)
	at org.hibernate.boot.model.process.spi.MetadataBuildingProcess.complete(MetadataBuildingProcess.java:170)
	at org.hibernate.jpa.boot.internal.EntityManagerFactoryBuilderImpl.metadata(EntityManagerFactoryBuilderImpl.java:1432)
	at org.hibernate.jpa.boot.internal.EntityManagerFactoryBuilderImpl.build(EntityManagerFactoryBuilderImpl.java:1503)
	at org.springframework.orm.jpa.vendor.SpringHibernateJpaPersistenceProvider.createContainerEntityManagerFactory(SpringHibernateJpaPersistenceProvider.java:75)
	at org.springframework.orm.jpa.LocalContainerEntityManagerFactoryBean.createNativeEntityManagerFactory(LocalContainerEntityManagerFactoryBean.java:388)
	at org.springframework.orm.jpa.AbstractEntityManagerFactoryBean.buildNativeEntityManagerFactory(AbstractEntityManagerFactoryBean.java:409)
	at org.springframework.orm.jpa.AbstractEntityManagerFactoryBean.afterPropertiesSet(AbstractEntityManagerFactoryBean.java:396)
	at org.springframework.orm.jpa.LocalContainerEntityManagerFactoryBean.afterPropertiesSet(LocalContainerEntityManagerFactoryBean.java:364)
	at org.springframework.beans.factory.support.AbstractAutowireCapableBeanFactory.invokeInitMethods(AbstractAutowireCapableBeanFactory.java:1833)
	at org.springframework.beans.factory.support.AbstractAutowireCapableBeanFactory.initializeBean(AbstractAutowireCapableBeanFactory.java:1782)
	at org.springframework.beans.factory.support.AbstractAutowireCapableBeanFactory.doCreateBean(AbstractAutowireCapableBeanFactory.java:600)
	at org.springframework.beans.factory.support.AbstractAutowireCapableBeanFactory.createBean(AbstractAutowireCapableBeanFactory.java:522)
	at org.springframework.beans.factory.support.AbstractBeanFactory.lambda$doGetBean$0(AbstractBeanFactory.java:325)
	at org.springframework.beans.factory.support.DefaultSingletonBeanRegistry.getSingleton(DefaultSingletonBeanRegistry.java:234)
	at org.springframework.beans.factory.support.AbstractBeanFactory.doGetBean(AbstractBeanFactory.java:323)
	at org.springframework.beans.factory.support.AbstractBeanFactory.getBean(AbstractBeanFactory.java:199)
	at org.springframework.context.support.AbstractApplicationContext.getBean(AbstractApplicationContext.java:1231)
	at org.springframework.context.support.AbstractApplicationContext.finishBeanFactoryInitialization(AbstractApplicationContext.java:949)
	at org.springframework.context.support.AbstractApplicationContext.refresh(AbstractApplicationContext.java:624)
	at org.springframework.boot.web.servlet.context.ServletWebServerApplicationContext.refresh(ServletWebServerApplicationContext.java:146)
	at org.springframework.boot.SpringApplication.refresh(SpringApplication.java:754)
	at org.springframework.boot.SpringApplication.refreshContext(SpringApplication.java:456)
	at org.springframework.boot.SpringApplication.run(SpringApplication.java:334)
	at org.springframework.boot.SpringApplication.run(SpringApplication.java:1354)
	at org.springframework.boot.SpringApplication.run(SpringApplication.java:1343)
	at com.chatapp.RealtimeChatApplication.main(RealtimeChatApplication.java:10)
	at java.base/jdk.internal.reflect.DirectMethodHandleAccessor.invoke(DirectMethodHandleAccessor.java:103)
	at java.base/java.lang.reflect.Method.invoke(Method.java:580)
	at org.springframework.boot.loader.launch.Launcher.launch(Launcher.java:91)
	at org.springframework.boot.loader.launch.Launcher.launch(Launcher.java:53)
	at org.springframework.boot.loader.launch.JarLauncher.main(JarLauncher.java:58)
2025-03-08 14:19:37.917 [main] WARN  o.h.e.j.e.i.JdbcEnvironmentInitiator - HHH000342: Could not obtain connection to query metadata
java.lang.NullPointerException: Cannot invoke "org.hibernate.engine.jdbc.spi.SqlExceptionHelper.convert(java.sql.SQLException, String)" because the return value of "org.hibernate.resource.transaction.backend.jdbc.internal.JdbcIsolationDelegate.sqlExceptionHelper()" is null
	at org.hibernate.resource.transaction.backend.jdbc.internal.JdbcIsolationDelegate.delegateWork(JdbcIsolationDelegate.java:116)
	at org.hibernate.engine.jdbc.env.internal.JdbcEnvironmentInitiator.getJdbcEnvironmentUsingJdbcMetadata(JdbcEnvironmentInitiator.java:276)
	at org.hibernate.engine.jdbc.env.internal.JdbcEnvironmentInitiator.initiateService(JdbcEnvironmentInitiator.java:107)
	at org.hibernate.engine.jdbc.env.internal.JdbcEnvironmentInitiator.initiateService(JdbcEnvironmentInitiator.java:68)
	at org.hibernate.boot.registry.internal.StandardServiceRegistryImpl.initiateService(StandardServiceRegistryImpl.java:130)
	at org.hibernate.service.internal.AbstractServiceRegistryImpl.createService(AbstractServiceRegistryImpl.java:263)
	at org.hibernate.service.internal.AbstractServiceRegistryImpl.initializeService(AbstractServiceRegistryImpl.java:238)
	at org.hibernate.service.internal.AbstractServiceRegistryImpl.getService(AbstractServiceRegistryImpl.java:215)
	at org.hibernate.boot.model.relational.Database.<init>(Database.java:45)
	at org.hibernate.boot.internal.InFlightMetadataCollectorImpl.getDatabase(InFlightMetadataCollectorImpl.java:223)
	at org.hibernate.boot.internal.InFlightMetadataCollectorImpl.<init>(InFlightMetadataCollectorImpl.java:191)
	at org.hibernate.boot.model.process.spi.MetadataBuildingProcess.complete(MetadataBuildingProcess.java:170)
	at org.hibernate.jpa.boot.internal.EntityManagerFactoryBuilderImpl.metadata(EntityManagerFactoryBuilderImpl.java:1432)
	at org.hibernate.jpa.boot.internal.EntityManagerFactoryBuilderImpl.build(EntityManagerFactoryBuilderImpl.java:1503)
	at org.springframework.orm.jpa.vendor.SpringHibernateJpaPersistenceProvider.createContainerEntityManagerFactory(SpringHibernateJpaPersistenceProvider.java:75)
	at org.springframework.orm.jpa.LocalContainerEntityManagerFactoryBean.createNativeEntityManagerFactory(LocalContainerEntityManagerFactoryBean.java:388)
	at org.springframework.orm.jpa.AbstractEntityManagerFactoryBean.buildNativeEntityManagerFactory(AbstractEntityManagerFactoryBean.java:409)
	at org.springframework.orm.jpa.AbstractEntityManagerFactoryBean.afterPropertiesSet(AbstractEntityManagerFactoryBean.java:396)
	at org.springframework.orm.jpa.LocalContainerEntityManagerFactoryBean.afterPropertiesSet(LocalContainerEntityManagerFactoryBean.java:364)
	at org.springframework.beans.factory.support.AbstractAutowireCapableBeanFactory.invokeInitMethods(AbstractAutowireCapableBeanFactory.java:1833)
	at org.springframework.beans.factory.support.AbstractAutowireCapableBeanFactory.initializeBean(AbstractAutowireCapableBeanFactory.java:1782)
	at org.springframework.beans.factory.support.AbstractAutowireCapableBeanFactory.doCreateBean(AbstractAutowireCapableBeanFactory.java:600)
	at org.springframework.beans.factory.support.AbstractAutowireCapableBeanFactory.createBean(AbstractAutowireCapableBeanFactory.java:522)
	at org.springframework.beans.factory.support.AbstractBeanFactory.lambda$doGetBean$0(AbstractBeanFactory.java:325)
	at org.springframework.beans.factory.support.DefaultSingletonBeanRegistry.getSingleton(DefaultSingletonBeanRegistry.java:234)
	at org.springframework.beans.factory.support.AbstractBeanFactory.doGetBean(AbstractBeanFactory.java:323)
	at org.springframework.beans.factory.support.AbstractBeanFactory.getBean(AbstractBeanFactory.java:199)
	at org.springframework.context.support.AbstractApplicationContext.getBean(AbstractApplicationContext.java:1231)
	at org.springframework.context.support.AbstractApplicationContext.finishBeanFactoryInitialization(AbstractApplicationContext.java:949)
	at org.springframework.context.support.AbstractApplicationContext.refresh(AbstractApplicationContext.java:624)
	at org.springframework.boot.web.servlet.context.ServletWebServerApplicationContext.refresh(ServletWebServerApplicationContext.java:146)
	at org.springframework.boot.SpringApplication.refresh(SpringApplication.java:754)
	at org.springframework.boot.SpringApplication.refreshContext(SpringApplication.java:456)
	at org.springframework.boot.SpringApplication.run(SpringApplication.java:334)
	at org.springframework.boot.SpringApplication.run(SpringApplication.java:1354)
	at org.springframework.boot.SpringApplication.run(SpringApplication.java:1343)
	at com.chatapp.RealtimeChatApplication.main(RealtimeChatApplication.java:10)
	at java.base/jdk.internal.reflect.DirectMethodHandleAccessor.invoke(DirectMethodHandleAccessor.java:103)
	at java.base/java.lang.reflect.Method.invoke(Method.java:580)
	at org.springframework.boot.loader.launch.Launcher.launch(Launcher.java:91)
	at org.springframework.boot.loader.launch.Launcher.launch(Launcher.java:53)
	at org.springframework.boot.loader.launch.JarLauncher.main(JarLauncher.java:58)
2025-03-08 14:19:37.934 [main] WARN  org.hibernate.orm.deprecation - HHH90000025: H2Dialect does not need to be specified explicitly using 'hibernate.dialect' (remove the property setting and it will be selected by default)
2025-03-08 14:19:38.153 [main] INFO  o.h.e.t.j.p.i.JtaPlatformInitiator - HHH000489: No JTA platform available (set 'hibernate.transaction.jta.platform' to enable JTA platform integration)
2025-03-08 14:19:38.157 [main] INFO  o.s.o.j.LocalContainerEntityManagerFactoryBean - Initialized JPA EntityManagerFactory for persistence unit 'default'
2025-03-08 14:19:38.559 [main] DEBUG o.s.w.s.s.s.WebSocketHandlerMapping - Patterns [/ws/**] in 'stompWebSocketHandlerMapping'
2025-03-08 14:19:38.660 [main] WARN  o.s.b.a.o.j.JpaBaseConfiguration$JpaWebConfiguration - spring.jpa.open-in-view is enabled by default. Therefore, database queries may be performed during view rendering. Explicitly configure spring.jpa.open-in-view to disable this warning
2025-03-08 14:19:38.741 [main] DEBUG o.s.w.s.m.WebSocketAnnotationMethodMessageHandler - 
	c.c.c.LogController:
	
2025-03-08 14:19:38.760 [main] DEBUG o.s.w.s.m.WebSocketAnnotationMethodMessageHandler - 
	c.c.c.WebRTCSignalingController:
	{[MESSAGE],[/webrtc/call]}: call(Map,SimpMessageHeaderAccessor)
	{[MESSAGE],[/webrtc/answer]}: answer(WebRTCSignal,SimpMessageHeaderAccessor)
	{[MESSAGE],[/webrtc/ice-candidate]}: iceCandidate(WebRTCSignal,SimpMessageHeaderAccessor)
	{[MESSAGE],[/webrtc/config]}: getWebRTCConfig(SimpMessageHeaderAccessor)
	{[MESSAGE],[/webrtc/adjust-bitrate]}: adjustBitrate(WebRTCSignal,SimpMessageHeaderAccessor)
	{[MESSAGE],[/webrtc/hangup]}: hangup(Map,SimpMessageHeaderAccessor)
2025-03-08 14:19:38.773 [main] DEBUG o.s.w.s.m.WebSocketAnnotationMethodMessageHandler - 
	o.s.b.a.w.s.e.BasicErrorController:
	
2025-03-08 14:19:39.025 [main] DEBUG o.s.w.s.m.m.a.RequestMappingHandlerMapping - 3 mappings in 'requestMappingHandlerMapping'
2025-03-08 14:19:39.107 [main] DEBUG o.s.w.s.h.SimpleUrlHandlerMapping - Patterns [/webjars/**, /**] in 'resourceHandlerMapping'
2025-03-08 14:19:39.181 [main] DEBUG o.s.w.s.m.m.a.RequestMappingHandlerAdapter - ControllerAdvice beans: 0 @ModelAttribute, 0 @InitBinder, 1 RequestBodyAdvice, 1 ResponseBodyAdvice
2025-03-08 14:19:39.248 [main] DEBUG o.s.w.s.m.m.a.ExceptionHandlerExceptionResolver - ControllerAdvice beans: 0 @ExceptionHandler, 1 ResponseBodyAdvice
2025-03-08 14:19:39.755 [main] INFO  o.s.b.a.e.web.EndpointLinksResolver - Exposing 2 endpoint(s) beneath base path '/actuator'
2025-03-08 14:19:39.785 [main] INFO  o.s.s.web.DefaultSecurityFilterChain - Will secure any request with [org.springframework.security.web.session.DisableEncodeUrlFilter@5dc8448b, org.springframework.security.web.context.request.async.WebAsyncManagerIntegrationFilter@30259c61, org.springframework.security.web.context.SecurityContextHolderFilter@399a5a52, org.springframework.security.web.header.HeaderWriterFilter@20e7152a, org.springframework.web.filter.CorsFilter@33d08a24, org.springframework.security.web.csrf.CsrfFilter@4411a0fe, org.springframework.security.web.authentication.logout.LogoutFilter@7fa2473a, org.springframework.security.web.authentication.UsernamePasswordAuthenticationFilter@5aec151b, org.springframework.security.web.authentication.ui.DefaultLoginPageGeneratingFilter@8961e55, org.springframework.security.web.authentication.ui.DefaultLogoutPageGeneratingFilter@255b84a9, org.springframework.security.web.authentication.www.BasicAuthenticationFilter@6a4238ff, org.springframework.security.web.savedrequest.RequestCacheAwareFilter@550e7ef6, org.springframework.security.web.servletapi.SecurityContextHolderAwareRequestFilter@951461a, org.springframework.security.web.authentication.AnonymousAuthenticationFilter@3a286095, org.springframework.security.web.access.ExceptionTranslationFilter@7747571c, org.springframework.security.web.access.intercept.AuthorizationFilter@4e3c0627]
2025-03-08 14:19:40.068 [main] INFO  o.a.coyote.http11.Http11NioProtocol - Starting ProtocolHandler ["http-nio-8083"]
2025-03-08 14:19:40.117 [main] INFO  o.s.b.w.e.tomcat.TomcatWebServer - Tomcat started on port 8083 (http) with context path ''
2025-03-08 14:19:40.121 [main] DEBUG org.springframework.web.SimpLogging - clientOutboundChannel added SubProtocolWebSocketHandler[StompSubProtocolHandler[v10.stomp, v11.stomp, v12.stomp]]
2025-03-08 14:19:40.121 [main] DEBUG org.springframework.web.SimpLogging - clientInboundChannel added WebSocketAnnotationMethodMessageHandler[prefixes=[/app/]]
2025-03-08 14:19:40.121 [main] INFO  o.s.m.s.b.SimpleBrokerMessageHandler - Starting...
2025-03-08 14:19:40.122 [main] DEBUG org.springframework.web.SimpLogging - clientInboundChannel added SimpleBrokerMessageHandler [org.springframework.messaging.simp.broker.DefaultSubscriptionRegistry@3f910f36]
2025-03-08 14:19:40.122 [main] DEBUG org.springframework.web.SimpLogging - brokerChannel added SimpleBrokerMessageHandler [org.springframework.messaging.simp.broker.DefaultSubscriptionRegistry@3f910f36]
2025-03-08 14:19:40.122 [main] INFO  o.s.m.s.b.SimpleBrokerMessageHandler - BrokerAvailabilityEvent[available=true, SimpleBrokerMessageHandler [org.springframework.messaging.simp.broker.DefaultSubscriptionRegistry@3f910f36]]
2025-03-08 14:19:40.122 [main] INFO  o.s.m.s.b.SimpleBrokerMessageHandler - Started.
2025-03-08 14:19:40.123 [main] DEBUG org.springframework.web.SimpLogging - clientInboundChannel added UserDestinationMessageHandler[DefaultUserDestinationResolver[prefix=/user/]]
2025-03-08 14:19:40.123 [main] DEBUG org.springframework.web.SimpLogging - brokerChannel added UserDestinationMessageHandler[DefaultUserDestinationResolver[prefix=/user/]]
2025-03-08 14:19:40.135 [main] INFO  com.chatapp.RealtimeChatApplication - Started RealtimeChatApplication in 7.105 seconds (process running for 7.66)
2025-03-08 14:19:41.110 [http-nio-8083-exec-2] INFO  o.a.c.c.C.[Tomcat].[localhost].[/] - Initializing Spring DispatcherServlet 'dispatcherServlet'
2025-03-08 14:19:41.110 [http-nio-8083-exec-2] INFO  o.s.web.servlet.DispatcherServlet - Initializing Servlet 'dispatcherServlet'
2025-03-08 14:19:41.110 [http-nio-8083-exec-2] DEBUG o.s.web.servlet.DispatcherServlet - Detected StandardServletMultipartResolver
2025-03-08 14:19:41.112 [http-nio-8083-exec-2] DEBUG o.s.web.servlet.DispatcherServlet - Detected AcceptHeaderLocaleResolver
2025-03-08 14:19:41.112 [http-nio-8083-exec-2] DEBUG o.s.web.servlet.DispatcherServlet - Detected FixedThemeResolver
2025-03-08 14:19:41.113 [http-nio-8083-exec-2] DEBUG o.s.web.servlet.DispatcherServlet - Detected org.springframework.web.servlet.view.DefaultRequestToViewNameTranslator@27ac3b6d
2025-03-08 14:19:41.113 [http-nio-8083-exec-2] DEBUG o.s.web.servlet.DispatcherServlet - Detected org.springframework.web.servlet.support.SessionFlashMapManager@3e1c5e0d
2025-03-08 14:19:41.113 [http-nio-8083-exec-2] DEBUG o.s.web.servlet.DispatcherServlet - enableLoggingRequestDetails='false': request parameters and headers will be masked to prevent unsafe logging of potentially sensitive data
2025-03-08 14:19:41.113 [http-nio-8083-exec-2] INFO  o.s.web.servlet.DispatcherServlet - Completed initialization in 3 ms
2025-03-08 14:19:41.129 [http-nio-8083-exec-2] DEBUG o.s.security.web.FilterChainProxy - Securing GET /actuator/health
2025-03-08 14:19:41.146 [http-nio-8083-exec-2] DEBUG o.s.security.web.FilterChainProxy - Secured GET /actuator/health
2025-03-08 14:19:41.147 [http-nio-8083-exec-2] DEBUG o.s.web.servlet.DispatcherServlet - GET "/actuator/health", parameters={}
2025-03-08 14:19:41.162 [http-nio-8083-exec-2] DEBUG o.s.w.s.m.m.a.RequestResponseBodyMethodProcessor - Read "application/octet-stream" to []
2025-03-08 14:19:41.174 [http-nio-8083-exec-2] INFO  com.zaxxer.hikari.HikariDataSource - HikariPool-1 - Starting...
2025-03-08 14:19:42.811 [http-nio-8083-exec-2] ERROR com.zaxxer.hikari.pool.HikariPool - HikariPool-1 - Exception during pool initialization.
org.h2.jdbc.JdbcSQLInvalidAuthorizationSpecException: Wrong user name or password [28000-224]
	at org.h2.message.DbException.getJdbcSQLException(DbException.java:522)
	at org.h2.message.DbException.getJdbcSQLException(DbException.java:489)
	at org.h2.message.DbException.get(DbException.java:223)
	at org.h2.message.DbException.get(DbException.java:199)
	at org.h2.message.DbException.get(DbException.java:188)
	at org.h2.engine.Engine.validateUserAndPassword(Engine.java:396)
	at org.h2.engine.Engine.createSession(Engine.java:206)
	at org.h2.engine.SessionRemote.connectEmbeddedOrServer(SessionRemote.java:343)
	at org.h2.jdbc.JdbcConnection.<init>(JdbcConnection.java:125)
	at org.h2.Driver.connect(Driver.java:59)
	at com.zaxxer.hikari.util.DriverDataSource.getConnection(DriverDataSource.java:138)
	at com.zaxxer.hikari.pool.PoolBase.newConnection(PoolBase.java:359)
	at com.zaxxer.hikari.pool.PoolBase.newPoolEntry(PoolBase.java:201)
	at com.zaxxer.hikari.pool.HikariPool.createPoolEntry(HikariPool.java:470)
	at com.zaxxer.hikari.pool.HikariPool.checkFailFast(HikariPool.java:561)
	at com.zaxxer.hikari.pool.HikariPool.<init>(HikariPool.java:100)
	at com.zaxxer.hikari.HikariDataSource.getConnection(HikariDataSource.java:112)
	at org.springframework.jdbc.datasource.DataSourceUtils.fetchConnection(DataSourceUtils.java:160)
	at org.springframework.jdbc.datasource.DataSourceUtils.doGetConnection(DataSourceUtils.java:118)
	at org.springframework.jdbc.datasource.DataSourceUtils.getConnection(DataSourceUtils.java:81)
	at org.springframework.jdbc.core.JdbcTemplate.execute(JdbcTemplate.java:342)
	at org.springframework.boot.actuate.jdbc.DataSourceHealthIndicator.getProduct(DataSourceHealthIndicator.java:122)
	at org.springframework.boot.actuate.jdbc.DataSourceHealthIndicator.doDataSourceHealthCheck(DataSourceHealthIndicator.java:105)
	at org.springframework.boot.actuate.jdbc.DataSourceHealthIndicator.doHealthCheck(DataSourceHealthIndicator.java:100)
	at org.springframework.boot.actuate.health.AbstractHealthIndicator.health(AbstractHealthIndicator.java:82)
	at org.springframework.boot.actuate.health.HealthIndicator.getHealth(HealthIndicator.java:37)
	at org.springframework.boot.actuate.health.HealthEndpointWebExtension.getHealth(HealthEndpointWebExtension.java:94)
	at org.springframework.boot.actuate.health.HealthEndpointWebExtension.getHealth(HealthEndpointWebExtension.java:47)
	at org.springframework.boot.actuate.health.HealthEndpointSupport.getLoggedHealth(HealthEndpointSupport.java:172)
	at org.springframework.boot.actuate.health.HealthEndpointSupport.getContribution(HealthEndpointSupport.java:145)
	at org.springframework.boot.actuate.health.HealthEndpointSupport.getAggregateContribution(HealthEndpointSupport.java:156)
	at org.springframework.boot.actuate.health.HealthEndpointSupport.getContribution(HealthEndpointSupport.java:141)
	at org.springframework.boot.actuate.health.HealthEndpointSupport.getHealth(HealthEndpointSupport.java:110)
	at org.springframework.boot.actuate.health.HealthEndpointSupport.getHealth(HealthEndpointSupport.java:81)
	at org.springframework.boot.actuate.health.HealthEndpointWebExtension.health(HealthEndpointWebExtension.java:80)
	at org.springframework.boot.actuate.health.HealthEndpointWebExtension.health(HealthEndpointWebExtension.java:69)
	at java.base/jdk.internal.reflect.DirectMethodHandleAccessor.invoke(DirectMethodHandleAccessor.java:103)
	at java.base/java.lang.reflect.Method.invoke(Method.java:580)
	at org.springframework.util.ReflectionUtils.invokeMethod(ReflectionUtils.java:281)
	at org.springframework.boot.actuate.endpoint.invoke.reflect.ReflectiveOperationInvoker.invoke(ReflectiveOperationInvoker.java:74)
	at org.springframework.boot.actuate.endpoint.annotation.AbstractDiscoveredOperation.invoke(AbstractDiscoveredOperation.java:60)
	at org.springframework.boot.actuate.endpoint.web.servlet.AbstractWebMvcEndpointHandlerMapping$ServletWebOperationAdapter.handle(AbstractWebMvcEndpointHandlerMapping.java:327)
	at org.springframework.boot.actuate.endpoint.web.servlet.AbstractWebMvcEndpointHandlerMapping$OperationHandler.handle(AbstractWebMvcEndpointHandlerMapping.java:434)
	at java.base/jdk.internal.reflect.DirectMethodHandleAccessor.invoke(DirectMethodHandleAccessor.java:103)
	at java.base/java.lang.reflect.Method.invoke(Method.java:580)
	at org.springframework.web.method.support.InvocableHandlerMethod.doInvoke(InvocableHandlerMethod.java:259)
	at org.springframework.web.method.support.InvocableHandlerMethod.invokeForRequest(InvocableHandlerMethod.java:192)
	at org.springframework.web.servlet.mvc.method.annotation.ServletInvocableHandlerMethod.invokeAndHandle(ServletInvocableHandlerMethod.java:118)
	at org.springframework.web.servlet.mvc.method.annotation.RequestMappingHandlerAdapter.invokeHandlerMethod(RequestMappingHandlerAdapter.java:920)
	at org.springframework.web.servlet.mvc.method.annotation.RequestMappingHandlerAdapter.handleInternal(RequestMappingHandlerAdapter.java:830)
	at org.springframework.web.servlet.mvc.method.AbstractHandlerMethodAdapter.handle(AbstractHandlerMethodAdapter.java:87)
	at org.springframework.web.servlet.DispatcherServlet.doDispatch(DispatcherServlet.java:1089)
	at org.springframework.web.servlet.DispatcherServlet.doService(DispatcherServlet.java:979)
	at org.springframework.web.servlet.FrameworkServlet.processRequest(FrameworkServlet.java:1014)
	at org.springframework.web.servlet.FrameworkServlet.doGet(FrameworkServlet.java:903)
	at jakarta.servlet.http.HttpServlet.service(HttpServlet.java:564)
	at org.springframework.web.servlet.FrameworkServlet.service(FrameworkServlet.java:885)
	at jakarta.servlet.http.HttpServlet.service(HttpServlet.java:658)
	at org.apache.catalina.core.ApplicationFilterChain.internalDoFilter(ApplicationFilterChain.java:205)
	at org.apache.catalina.core.ApplicationFilterChain.doFilter(ApplicationFilterChain.java:149)
	at org.apache.tomcat.websocket.server.WsFilter.doFilter(WsFilter.java:51)
	at org.apache.catalina.core.ApplicationFilterChain.internalDoFilter(ApplicationFilterChain.java:174)
	at org.apache.catalina.core.ApplicationFilterChain.doFilter(ApplicationFilterChain.java:149)
	at org.springframework.web.filter.CompositeFilter$VirtualFilterChain.doFilter(CompositeFilter.java:108)
	at org.springframework.security.web.FilterChainProxy.lambda$doFilterInternal$3(FilterChainProxy.java:231)
	at org.springframework.security.web.ObservationFilterChainDecorator$FilterObservation$SimpleFilterObservation.lambda$wrap$1(ObservationFilterChainDecorator.java:479)
	at org.springframework.security.web.ObservationFilterChainDecorator$AroundFilterObservation$SimpleAroundFilterObservation.lambda$wrap$1(ObservationFilterChainDecorator.java:340)
	at org.springframework.security.web.ObservationFilterChainDecorator.lambda$wrapSecured$0(ObservationFilterChainDecorator.java:82)
	at org.springframework.security.web.ObservationFilterChainDecorator$VirtualFilterChain.doFilter(ObservationFilterChainDecorator.java:128)
	at org.springframework.security.web.access.intercept.AuthorizationFilter.doFilter(AuthorizationFilter.java:100)
	at org.springframework.security.web.ObservationFilterChainDecorator$ObservationFilter.wrapFilter(ObservationFilterChainDecorator.java:240)
	at org.springframework.security.web.ObservationFilterChainDecorator$ObservationFilter.doFilter(ObservationFilterChainDecorator.java:227)
	at org.springframework.security.web.ObservationFilterChainDecorator$VirtualFilterChain.doFilter(ObservationFilterChainDecorator.java:137)
	at org.springframework.security.web.access.ExceptionTranslationFilter.doFilter(ExceptionTranslationFilter.java:126)
	at org.springframework.security.web.access.ExceptionTranslationFilter.doFilter(ExceptionTranslationFilter.java:120)
	at org.springframework.security.web.ObservationFilterChainDecorator$ObservationFilter.wrapFilter(ObservationFilterChainDecorator.java:240)
	at org.springframework.security.web.ObservationFilterChainDecorator$ObservationFilter.doFilter(ObservationFilterChainDecorator.java:227)
	at org.springframework.security.web.ObservationFilterChainDecorator$VirtualFilterChain.doFilter(ObservationFilterChainDecorator.java:137)
	at org.springframework.security.web.authentication.AnonymousAuthenticationFilter.doFilter(AnonymousAuthenticationFilter.java:100)
	at org.springframework.security.web.ObservationFilterChainDecorator$ObservationFilter.wrapFilter(ObservationFilterChainDecorator.java:240)
	at org.springframework.security.web.ObservationFilterChainDecorator$ObservationFilter.doFilter(ObservationFilterChainDecorator.java:227)
	at org.springframework.security.web.ObservationFilterChainDecorator$VirtualFilterChain.doFilter(ObservationFilterChainDecorator.java:137)
	at org.springframework.security.web.servletapi.SecurityContextHolderAwareRequestFilter.doFilter(SecurityContextHolderAwareRequestFilter.java:179)
	at org.springframework.security.web.ObservationFilterChainDecorator$ObservationFilter.wrapFilter(ObservationFilterChainDecorator.java:240)
	at org.springframework.security.web.ObservationFilterChainDecorator$ObservationFilter.doFilter(ObservationFilterChainDecorator.java:227)
	at org.springframework.security.web.ObservationFilterChainDecorator$VirtualFilterChain.doFilter(ObservationFilterChainDecorator.java:137)
	at org.springframework.security.web.savedrequest.RequestCacheAwareFilter.doFilter(RequestCacheAwareFilter.java:63)
	at org.springframework.security.web.ObservationFilterChainDecorator$ObservationFilter.wrapFilter(ObservationFilterChainDecorator.java:240)
	at org.springframework.security.web.ObservationFilterChainDecorator$ObservationFilter.doFilter(ObservationFilterChainDecorator.java:227)
	at org.springframework.security.web.ObservationFilterChainDecorator$VirtualFilterChain.doFilter(ObservationFilterChainDecorator.java:137)
	at org.springframework.security.web.authentication.www.BasicAuthenticationFilter.doFilterInternal(BasicAuthenticationFilter.java:181)
	at org.springframework.web.filter.OncePerRequestFilter.doFilter(OncePerRequestFilter.java:116)
	at org.springframework.security.web.ObservationFilterChainDecorator$ObservationFilter.wrapFilter(ObservationFilterChainDecorator.java:240)
	at org.springframework.security.web.ObservationFilterChainDecorator$ObservationFilter.doFilter(ObservationFilterChainDecorator.java:227)
	at org.springframework.security.web.ObservationFilterChainDecorator$VirtualFilterChain.doFilter(ObservationFilterChainDecorator.java:137)
	at org.springframework.security.web.authentication.ui.DefaultLogoutPageGeneratingFilter.doFilterInternal(DefaultLogoutPageGeneratingFilter.java:58)
	at org.springframework.web.filter.OncePerRequestFilter.doFilter(OncePerRequestFilter.java:116)
	at org.springframework.security.web.ObservationFilterChainDecorator$ObservationFilter.wrapFilter(ObservationFilterChainDecorator.java:240)
	at org.springframework.security.web.ObservationFilterChainDecorator$ObservationFilter.doFilter(ObservationFilterChainDecorator.java:227)
	at org.springframework.security.web.ObservationFilterChainDecorator$VirtualFilterChain.doFilter(ObservationFilterChainDecorator.java:137)
	at org.springframework.security.web.authentication.ui.DefaultLoginPageGeneratingFilter.doFilter(DefaultLoginPageGeneratingFilter.java:189)
	at org.springframework.security.web.authentication.ui.DefaultLoginPageGeneratingFilter.doFilter(DefaultLoginPageGeneratingFilter.java:175)
	at org.springframework.security.web.ObservationFilterChainDecorator$ObservationFilter.wrapFilter(ObservationFilterChainDecorator.java:240)
	at org.springframework.security.web.ObservationFilterChainDecorator$ObservationFilter.doFilter(ObservationFilterChainDecorator.java:227)
	at org.springframework.security.web.ObservationFilterChainDecorator$VirtualFilterChain.doFilter(ObservationFilterChainDecorator.java:137)
	at org.springframework.security.web.authentication.AbstractAuthenticationProcessingFilter.doFilter(AbstractAuthenticationProcessingFilter.java:227)
	at org.springframework.security.web.authentication.AbstractAuthenticationProcessingFilter.doFilter(AbstractAuthenticationProcessingFilter.java:221)
	at org.springframework.security.web.ObservationFilterChainDecorator$ObservationFilter.wrapFilter(ObservationFilterChainDecorator.java:240)
	at org.springframework.security.web.ObservationFilterChainDecorator$ObservationFilter.doFilter(ObservationFilterChainDecorator.java:227)
	at org.springframework.security.web.ObservationFilterChainDecorator$VirtualFilterChain.doFilter(ObservationFilterChainDecorator.java:137)
	at org.springframework.security.web.authentication.logout.LogoutFilter.doFilter(LogoutFilter.java:107)
	at org.springframework.security.web.authentication.logout.LogoutFilter.doFilter(LogoutFilter.java:93)
	at org.springframework.security.web.ObservationFilterChainDecorator$ObservationFilter.wrapFilter(ObservationFilterChainDecorator.java:240)
	at org.springframework.security.web.ObservationFilterChainDecorator$ObservationFilter.doFilter(ObservationFilterChainDecorator.java:227)
	at org.springframework.security.web.ObservationFilterChainDecorator$VirtualFilterChain.doFilter(ObservationFilterChainDecorator.java:137)
	at org.springframework.security.web.csrf.CsrfFilter.doFilterInternal(CsrfFilter.java:117)
	at org.springframework.web.filter.OncePerRequestFilter.doFilter(OncePerRequestFilter.java:116)
	at org.springframework.security.web.ObservationFilterChainDecorator$ObservationFilter.wrapFilter(ObservationFilterChainDecorator.java:240)
	at org.springframework.security.web.ObservationFilterChainDecorator$ObservationFilter.doFilter(ObservationFilterChainDecorator.java:227)
	at org.springframework.security.web.ObservationFilterChainDecorator$VirtualFilterChain.doFilter(ObservationFilterChainDecorator.java:137)
	at org.springframework.web.filter.CorsFilter.doFilterInternal(CorsFilter.java:91)
	at org.springframework.web.filter.OncePerRequestFilter.doFilter(OncePerRequestFilter.java:116)
	at org.springframework.security.web.ObservationFilterChainDecorator$ObservationFilter.wrapFilter(ObservationFilterChainDecorator.java:240)
	at org.springframework.security.web.ObservationFilterChainDecorator$ObservationFilter.doFilter(ObservationFilterChainDecorator.java:227)
	at org.springframework.security.web.ObservationFilterChainDecorator$VirtualFilterChain.doFilter(ObservationFilterChainDecorator.java:137)
	at org.springframework.security.web.header.HeaderWriterFilter.doHeadersAfter(HeaderWriterFilter.java:90)
	at org.springframework.security.web.header.HeaderWriterFilter.doFilterInternal(HeaderWriterFilter.java:75)
	at org.springframework.web.filter.OncePerRequestFilter.doFilter(OncePerRequestFilter.java:116)
	at org.springframework.security.web.ObservationFilterChainDecorator$ObservationFilter.wrapFilter(ObservationFilterChainDecorator.java:240)
	at org.springframework.security.web.ObservationFilterChainDecorator$ObservationFilter.doFilter(ObservationFilterChainDecorator.java:227)
	at org.springframework.security.web.ObservationFilterChainDecorator$VirtualFilterChain.doFilter(ObservationFilterChainDecorator.java:137)
	at org.springframework.security.web.context.SecurityContextHolderFilter.doFilter(SecurityContextHolderFilter.java:82)
	at org.springframework.security.web.context.SecurityContextHolderFilter.doFilter(SecurityContextHolderFilter.java:69)
	at org.springframework.security.web.ObservationFilterChainDecorator$ObservationFilter.wrapFilter(ObservationFilterChainDecorator.java:240)
	at org.springframework.security.web.ObservationFilterChainDecorator$ObservationFilter.doFilter(ObservationFilterChainDecorator.java:227)
	at org.springframework.security.web.ObservationFilterChainDecorator$VirtualFilterChain.doFilter(ObservationFilterChainDecorator.java:137)
	at org.springframework.security.web.context.request.async.WebAsyncManagerIntegrationFilter.doFilterInternal(WebAsyncManagerIntegrationFilter.java:62)
	at org.springframework.web.filter.OncePerRequestFilter.doFilter(OncePerRequestFilter.java:116)
	at org.springframework.security.web.ObservationFilterChainDecorator$ObservationFilter.wrapFilter(ObservationFilterChainDecorator.java:240)
	at org.springframework.security.web.ObservationFilterChainDecorator$ObservationFilter.doFilter(ObservationFilterChainDecorator.java:227)
	at org.springframework.security.web.ObservationFilterChainDecorator$VirtualFilterChain.doFilter(ObservationFilterChainDecorator.java:137)
	at org.springframework.security.web.session.DisableEncodeUrlFilter.doFilterInternal(DisableEncodeUrlFilter.java:42)
	at org.springframework.web.filter.OncePerRequestFilter.doFilter(OncePerRequestFilter.java:116)
	at org.springframework.security.web.ObservationFilterChainDecorator$ObservationFilter.wrapFilter(ObservationFilterChainDecorator.java:240)
	at org.springframework.security.web.ObservationFilterChainDecorator$AroundFilterObservation$SimpleAroundFilterObservation.lambda$wrap$0(ObservationFilterChainDecorator.java:323)
	at org.springframework.security.web.ObservationFilterChainDecorator$ObservationFilter.doFilter(ObservationFilterChainDecorator.java:224)
	at org.springframework.security.web.ObservationFilterChainDecorator$VirtualFilterChain.doFilter(ObservationFilterChainDecorator.java:137)
	at org.springframework.security.web.FilterChainProxy.doFilterInternal(FilterChainProxy.java:233)
	at org.springframework.security.web.FilterChainProxy.doFilter(FilterChainProxy.java:191)
	at org.springframework.web.filter.CompositeFilter$VirtualFilterChain.doFilter(CompositeFilter.java:113)
	at org.springframework.web.servlet.handler.HandlerMappingIntrospector.lambda$createCacheFilter$3(HandlerMappingIntrospector.java:195)
	at org.springframework.web.filter.CompositeFilter$VirtualFilterChain.doFilter(CompositeFilter.java:113)
	at org.springframework.web.filter.CompositeFilter.doFilter(CompositeFilter.java:74)
	at org.springframework.security.config.annotation.web.configuration.WebMvcSecurityConfiguration$CompositeFilterChainProxy.doFilter(WebMvcSecurityConfiguration.java:230)
	at org.springframework.web.filter.DelegatingFilterProxy.invokeDelegate(DelegatingFilterProxy.java:352)
	at org.springframework.web.filter.DelegatingFilterProxy.doFilter(DelegatingFilterProxy.java:268)
	at org.apache.catalina.core.ApplicationFilterChain.internalDoFilter(ApplicationFilterChain.java:174)
	at org.apache.catalina.core.ApplicationFilterChain.doFilter(ApplicationFilterChain.java:149)
	at org.springframework.web.filter.RequestContextFilter.doFilterInternal(RequestContextFilter.java:100)
	at org.springframework.web.filter.OncePerRequestFilter.doFilter(OncePerRequestFilter.java:116)
	at org.apache.catalina.core.ApplicationFilterChain.internalDoFilter(ApplicationFilterChain.java:174)
	at org.apache.catalina.core.ApplicationFilterChain.doFilter(ApplicationFilterChain.java:149)
	at org.springframework.web.filter.FormContentFilter.doFilterInternal(FormContentFilter.java:93)
	at org.springframework.web.filter.OncePerRequestFilter.doFilter(OncePerRequestFilter.java:116)
	at org.apache.catalina.core.ApplicationFilterChain.internalDoFilter(ApplicationFilterChain.java:174)
	at org.apache.catalina.core.ApplicationFilterChain.doFilter(ApplicationFilterChain.java:149)
	at org.springframework.web.filter.ServerHttpObservationFilter.doFilterInternal(ServerHttpObservationFilter.java:109)
	at org.springframework.web.filter.OncePerRequestFilter.doFilter(OncePerRequestFilter.java:116)
	at org.apache.catalina.core.ApplicationFilterChain.internalDoFilter(ApplicationFilterChain.java:174)
	at org.apache.catalina.core.ApplicationFilterChain.doFilter(ApplicationFilterChain.java:149)
	at org.springframework.web.filter.CharacterEncodingFilter.doFilterInternal(CharacterEncodingFilter.java:201)
	at org.springframework.web.filter.OncePerRequestFilter.doFilter(OncePerRequestFilter.java:116)
	at org.apache.catalina.core.ApplicationFilterChain.internalDoFilter(ApplicationFilterChain.java:174)
	at org.apache.catalina.core.ApplicationFilterChain.doFilter(ApplicationFilterChain.java:149)
	at org.apache.catalina.core.StandardWrapperValve.invoke(StandardWrapperValve.java:167)
	at org.apache.catalina.core.StandardContextValve.invoke(StandardContextValve.java:90)
	at org.apache.catalina.authenticator.AuthenticatorBase.invoke(AuthenticatorBase.java:482)
	at org.apache.catalina.core.StandardHostValve.invoke(StandardHostValve.java:115)
	at org.apache.catalina.valves.ErrorReportValve.invoke(ErrorReportValve.java:93)
	at org.apache.catalina.core.StandardEngineValve.invoke(StandardEngineValve.java:74)
	at org.apache.catalina.connector.CoyoteAdapter.service(CoyoteAdapter.java:344)
	at org.apache.coyote.http11.Http11Processor.service(Http11Processor.java:391)
	at org.apache.coyote.AbstractProcessorLight.process(AbstractProcessorLight.java:63)
	at org.apache.coyote.AbstractProtocol$ConnectionHandler.process(AbstractProtocol.java:896)
	at org.apache.tomcat.util.net.NioEndpoint$SocketProcessor.doRun(NioEndpoint.java:1744)
	at org.apache.tomcat.util.net.SocketProcessorBase.run(SocketProcessorBase.java:52)
	at org.apache.tomcat.util.threads.ThreadPoolExecutor.runWorker(ThreadPoolExecutor.java:1191)
	at org.apache.tomcat.util.threads.ThreadPoolExecutor$Worker.run(ThreadPoolExecutor.java:659)
	at org.apache.tomcat.util.threads.TaskThread$WrappingRunnable.run(TaskThread.java:63)
	at java.base/java.lang.Thread.run(Thread.java:1583)
2025-03-08 14:19:42.812 [http-nio-8083-exec-2] WARN  o.s.b.a.j.DataSourceHealthIndicator - DataSource health check failed
org.springframework.jdbc.CannotGetJdbcConnectionException: Failed to obtain JDBC Connection
	at org.springframework.jdbc.datasource.DataSourceUtils.getConnection(DataSourceUtils.java:84)
	at org.springframework.jdbc.core.JdbcTemplate.execute(JdbcTemplate.java:342)
	at org.springframework.boot.actuate.jdbc.DataSourceHealthIndicator.getProduct(DataSourceHealthIndicator.java:122)
	at org.springframework.boot.actuate.jdbc.DataSourceHealthIndicator.doDataSourceHealthCheck(DataSourceHealthIndicator.java:105)
	at org.springframework.boot.actuate.jdbc.DataSourceHealthIndicator.doHealthCheck(DataSourceHealthIndicator.java:100)
	at org.springframework.boot.actuate.health.AbstractHealthIndicator.health(AbstractHealthIndicator.java:82)
	at org.springframework.boot.actuate.health.HealthIndicator.getHealth(HealthIndicator.java:37)
	at org.springframework.boot.actuate.health.HealthEndpointWebExtension.getHealth(HealthEndpointWebExtension.java:94)
	at org.springframework.boot.actuate.health.HealthEndpointWebExtension.getHealth(HealthEndpointWebExtension.java:47)
	at org.springframework.boot.actuate.health.HealthEndpointSupport.getLoggedHealth(HealthEndpointSupport.java:172)
	at org.springframework.boot.actuate.health.HealthEndpointSupport.getContribution(HealthEndpointSupport.java:145)
	at org.springframework.boot.actuate.health.HealthEndpointSupport.getAggregateContribution(HealthEndpointSupport.java:156)
	at org.springframework.boot.actuate.health.HealthEndpointSupport.getContribution(HealthEndpointSupport.java:141)
	at org.springframework.boot.actuate.health.HealthEndpointSupport.getHealth(HealthEndpointSupport.java:110)
	at org.springframework.boot.actuate.health.HealthEndpointSupport.getHealth(HealthEndpointSupport.java:81)
	at org.springframework.boot.actuate.health.HealthEndpointWebExtension.health(HealthEndpointWebExtension.java:80)
	at org.springframework.boot.actuate.health.HealthEndpointWebExtension.health(HealthEndpointWebExtension.java:69)
	at java.base/jdk.internal.reflect.DirectMethodHandleAccessor.invoke(DirectMethodHandleAccessor.java:103)
	at java.base/java.lang.reflect.Method.invoke(Method.java:580)
	at org.springframework.util.ReflectionUtils.invokeMethod(ReflectionUtils.java:281)
	at org.springframework.boot.actuate.endpoint.invoke.reflect.ReflectiveOperationInvoker.invoke(ReflectiveOperationInvoker.java:74)
	at org.springframework.boot.actuate.endpoint.annotation.AbstractDiscoveredOperation.invoke(AbstractDiscoveredOperation.java:60)
	at org.springframework.boot.actuate.endpoint.web.servlet.AbstractWebMvcEndpointHandlerMapping$ServletWebOperationAdapter.handle(AbstractWebMvcEndpointHandlerMapping.java:327)
	at org.springframework.boot.actuate.endpoint.web.servlet.AbstractWebMvcEndpointHandlerMapping$OperationHandler.handle(AbstractWebMvcEndpointHandlerMapping.java:434)
	at java.base/jdk.internal.reflect.DirectMethodHandleAccessor.invoke(DirectMethodHandleAccessor.java:103)
	at java.base/java.lang.reflect.Method.invoke(Method.java:580)
	at org.springframework.web.method.support.InvocableHandlerMethod.doInvoke(InvocableHandlerMethod.java:259)
	at org.springframework.web.method.support.InvocableHandlerMethod.invokeForRequest(InvocableHandlerMethod.java:192)
	at org.springframework.web.servlet.mvc.method.annotation.ServletInvocableHandlerMethod.invokeAndHandle(ServletInvocableHandlerMethod.java:118)
	at org.springframework.web.servlet.mvc.method.annotation.RequestMappingHandlerAdapter.invokeHandlerMethod(RequestMappingHandlerAdapter.java:920)
	at org.springframework.web.servlet.mvc.method.annotation.RequestMappingHandlerAdapter.handleInternal(RequestMappingHandlerAdapter.java:830)
	at org.springframework.web.servlet.mvc.method.AbstractHandlerMethodAdapter.handle(AbstractHandlerMethodAdapter.java:87)
	at org.springframework.web.servlet.DispatcherServlet.doDispatch(DispatcherServlet.java:1089)
	at org.springframework.web.servlet.DispatcherServlet.doService(DispatcherServlet.java:979)
	at org.springframework.web.servlet.FrameworkServlet.processRequest(FrameworkServlet.java:1014)
	at org.springframework.web.servlet.FrameworkServlet.doGet(FrameworkServlet.java:903)
	at jakarta.servlet.http.HttpServlet.service(HttpServlet.java:564)
	at org.springframework.web.servlet.FrameworkServlet.service(FrameworkServlet.java:885)
	at jakarta.servlet.http.HttpServlet.service(HttpServlet.java:658)
	at org.apache.catalina.core.ApplicationFilterChain.internalDoFilter(ApplicationFilterChain.java:205)
	at org.apache.catalina.core.ApplicationFilterChain.doFilter(ApplicationFilterChain.java:149)
	at org.apache.tomcat.websocket.server.WsFilter.doFilter(WsFilter.java:51)
	at org.apache.catalina.core.ApplicationFilterChain.internalDoFilter(ApplicationFilterChain.java:174)
	at org.apache.catalina.core.ApplicationFilterChain.doFilter(ApplicationFilterChain.java:149)
	at org.springframework.web.filter.CompositeFilter$VirtualFilterChain.doFilter(CompositeFilter.java:108)
	at org.springframework.security.web.FilterChainProxy.lambda$doFilterInternal$3(FilterChainProxy.java:231)
	at org.springframework.security.web.ObservationFilterChainDecorator$FilterObservation$SimpleFilterObservation.lambda$wrap$1(ObservationFilterChainDecorator.java:479)
	at org.springframework.security.web.ObservationFilterChainDecorator$AroundFilterObservation$SimpleAroundFilterObservation.lambda$wrap$1(ObservationFilterChainDecorator.java:340)
	at org.springframework.security.web.ObservationFilterChainDecorator.lambda$wrapSecured$0(ObservationFilterChainDecorator.java:82)
	at org.springframework.security.web.ObservationFilterChainDecorator$VirtualFilterChain.doFilter(ObservationFilterChainDecorator.java:128)
	at org.springframework.security.web.access.intercept.AuthorizationFilter.doFilter(AuthorizationFilter.java:100)
	at org.springframework.security.web.ObservationFilterChainDecorator$ObservationFilter.wrapFilter(ObservationFilterChainDecorator.java:240)
	at org.springframework.security.web.ObservationFilterChainDecorator$ObservationFilter.doFilter(ObservationFilterChainDecorator.java:227)
	at org.springframework.security.web.ObservationFilterChainDecorator$VirtualFilterChain.doFilter(ObservationFilterChainDecorator.java:137)
	at org.springframework.security.web.access.ExceptionTranslationFilter.doFilter(ExceptionTranslationFilter.java:126)
	at org.springframework.security.web.access.ExceptionTranslationFilter.doFilter(ExceptionTranslationFilter.java:120)
	at org.springframework.security.web.ObservationFilterChainDecorator$ObservationFilter.wrapFilter(ObservationFilterChainDecorator.java:240)
	at org.springframework.security.web.ObservationFilterChainDecorator$ObservationFilter.doFilter(ObservationFilterChainDecorator.java:227)
	at org.springframework.security.web.ObservationFilterChainDecorator$VirtualFilterChain.doFilter(ObservationFilterChainDecorator.java:137)
	at org.springframework.security.web.authentication.AnonymousAuthenticationFilter.doFilter(AnonymousAuthenticationFilter.java:100)
	at org.springframework.security.web.ObservationFilterChainDecorator$ObservationFilter.wrapFilter(ObservationFilterChainDecorator.java:240)
	at org.springframework.security.web.ObservationFilterChainDecorator$ObservationFilter.doFilter(ObservationFilterChainDecorator.java:227)
	at org.springframework.security.web.ObservationFilterChainDecorator$VirtualFilterChain.doFilter(ObservationFilterChainDecorator.java:137)
	at org.springframework.security.web.servletapi.SecurityContextHolderAwareRequestFilter.doFilter(SecurityContextHolderAwareRequestFilter.java:179)
	at org.springframework.security.web.ObservationFilterChainDecorator$ObservationFilter.wrapFilter(ObservationFilterChainDecorator.java:240)
	at org.springframework.security.web.ObservationFilterChainDecorator$ObservationFilter.doFilter(ObservationFilterChainDecorator.java:227)
	at org.springframework.security.web.ObservationFilterChainDecorator$VirtualFilterChain.doFilter(ObservationFilterChainDecorator.java:137)
	at org.springframework.security.web.savedrequest.RequestCacheAwareFilter.doFilter(RequestCacheAwareFilter.java:63)
	at org.springframework.security.web.ObservationFilterChainDecorator$ObservationFilter.wrapFilter(ObservationFilterChainDecorator.java:240)
	at org.springframework.security.web.ObservationFilterChainDecorator$ObservationFilter.doFilter(ObservationFilterChainDecorator.java:227)
	at org.springframework.security.web.ObservationFilterChainDecorator$VirtualFilterChain.doFilter(ObservationFilterChainDecorator.java:137)
	at org.springframework.security.web.authentication.www.BasicAuthenticationFilter.doFilterInternal(BasicAuthenticationFilter.java:181)
	at org.springframework.web.filter.OncePerRequestFilter.doFilter(OncePerRequestFilter.java:116)
	at org.springframework.security.web.ObservationFilterChainDecorator$ObservationFilter.wrapFilter(ObservationFilterChainDecorator.java:240)
	at org.springframework.security.web.ObservationFilterChainDecorator$ObservationFilter.doFilter(ObservationFilterChainDecorator.java:227)
	at org.springframework.security.web.ObservationFilterChainDecorator$VirtualFilterChain.doFilter(ObservationFilterChainDecorator.java:137)
	at org.springframework.security.web.authentication.ui.DefaultLogoutPageGeneratingFilter.doFilterInternal(DefaultLogoutPageGeneratingFilter.java:58)
	at org.springframework.web.filter.OncePerRequestFilter.doFilter(OncePerRequestFilter.java:116)
	at org.springframework.security.web.ObservationFilterChainDecorator$ObservationFilter.wrapFilter(ObservationFilterChainDecorator.java:240)
	at org.springframework.security.web.ObservationFilterChainDecorator$ObservationFilter.doFilter(ObservationFilterChainDecorator.java:227)
	at org.springframework.security.web.ObservationFilterChainDecorator$VirtualFilterChain.doFilter(ObservationFilterChainDecorator.java:137)
	at org.springframework.security.web.authentication.ui.DefaultLoginPageGeneratingFilter.doFilter(DefaultLoginPageGeneratingFilter.java:189)
	at org.springframework.security.web.authentication.ui.DefaultLoginPageGeneratingFilter.doFilter(DefaultLoginPageGeneratingFilter.java:175)
	at org.springframework.security.web.ObservationFilterChainDecorator$ObservationFilter.wrapFilter(ObservationFilterChainDecorator.java:240)
	at org.springframework.security.web.ObservationFilterChainDecorator$ObservationFilter.doFilter(ObservationFilterChainDecorator.java:227)
	at org.springframework.security.web.ObservationFilterChainDecorator$VirtualFilterChain.doFilter(ObservationFilterChainDecorator.java:137)
	at org.springframework.security.web.authentication.AbstractAuthenticationProcessingFilter.doFilter(AbstractAuthenticationProcessingFilter.java:227)
	at org.springframework.security.web.authentication.AbstractAuthenticationProcessingFilter.doFilter(AbstractAuthenticationProcessingFilter.java:221)
	at org.springframework.security.web.ObservationFilterChainDecorator$ObservationFilter.wrapFilter(ObservationFilterChainDecorator.java:240)
	at org.springframework.security.web.ObservationFilterChainDecorator$ObservationFilter.doFilter(ObservationFilterChainDecorator.java:227)
	at org.springframework.security.web.ObservationFilterChainDecorator$VirtualFilterChain.doFilter(ObservationFilterChainDecorator.java:137)
	at org.springframework.security.web.authentication.logout.LogoutFilter.doFilter(LogoutFilter.java:107)
	at org.springframework.security.web.authentication.logout.LogoutFilter.doFilter(LogoutFilter.java:93)
	at org.springframework.security.web.ObservationFilterChainDecorator$ObservationFilter.wrapFilter(ObservationFilterChainDecorator.java:240)
	at org.springframework.security.web.ObservationFilterChainDecorator$ObservationFilter.doFilter(ObservationFilterChainDecorator.java:227)
	at org.springframework.security.web.ObservationFilterChainDecorator$VirtualFilterChain.doFilter(ObservationFilterChainDecorator.java:137)
	at org.springframework.security.web.csrf.CsrfFilter.doFilterInternal(CsrfFilter.java:117)
	at org.springframework.web.filter.OncePerRequestFilter.doFilter(OncePerRequestFilter.java:116)
	at org.springframework.security.web.ObservationFilterChainDecorator$ObservationFilter.wrapFilter(ObservationFilterChainDecorator.java:240)
	at org.springframework.security.web.ObservationFilterChainDecorator$ObservationFilter.doFilter(ObservationFilterChainDecorator.java:227)
	at org.springframework.security.web.ObservationFilterChainDecorator$VirtualFilterChain.doFilter(ObservationFilterChainDecorator.java:137)
	at org.springframework.web.filter.CorsFilter.doFilterInternal(CorsFilter.java:91)
	at org.springframework.web.filter.OncePerRequestFilter.doFilter(OncePerRequestFilter.java:116)
	at org.springframework.security.web.ObservationFilterChainDecorator$ObservationFilter.wrapFilter(ObservationFilterChainDecorator.java:240)
	at org.springframework.security.web.ObservationFilterChainDecorator$ObservationFilter.doFilter(ObservationFilterChainDecorator.java:227)
	at org.springframework.security.web.ObservationFilterChainDecorator$VirtualFilterChain.doFilter(ObservationFilterChainDecorator.java:137)
	at org.springframework.security.web.header.HeaderWriterFilter.doHeadersAfter(HeaderWriterFilter.java:90)
	at org.springframework.security.web.header.HeaderWriterFilter.doFilterInternal(HeaderWriterFilter.java:75)
	at org.springframework.web.filter.OncePerRequestFilter.doFilter(OncePerRequestFilter.java:116)
	at org.springframework.security.web.ObservationFilterChainDecorator$ObservationFilter.wrapFilter(ObservationFilterChainDecorator.java:240)
	at org.springframework.security.web.ObservationFilterChainDecorator$ObservationFilter.doFilter(ObservationFilterChainDecorator.java:227)
	at org.springframework.security.web.ObservationFilterChainDecorator$VirtualFilterChain.doFilter(ObservationFilterChainDecorator.java:137)
	at org.springframework.security.web.context.SecurityContextHolderFilter.doFilter(SecurityContextHolderFilter.java:82)
	at org.springframework.security.web.context.SecurityContextHolderFilter.doFilter(SecurityContextHolderFilter.java:69)
	at org.springframework.security.web.ObservationFilterChainDecorator$ObservationFilter.wrapFilter(ObservationFilterChainDecorator.java:240)
	at org.springframework.security.web.ObservationFilterChainDecorator$ObservationFilter.doFilter(ObservationFilterChainDecorator.java:227)
	at org.springframework.security.web.ObservationFilterChainDecorator$VirtualFilterChain.doFilter(ObservationFilterChainDecorator.java:137)
	at org.springframework.security.web.context.request.async.WebAsyncManagerIntegrationFilter.doFilterInternal(WebAsyncManagerIntegrationFilter.java:62)
	at org.springframework.web.filter.OncePerRequestFilter.doFilter(OncePerRequestFilter.java:116)
	at org.springframework.security.web.ObservationFilterChainDecorator$ObservationFilter.wrapFilter(ObservationFilterChainDecorator.java:240)
	at org.springframework.security.web.ObservationFilterChainDecorator$ObservationFilter.doFilter(ObservationFilterChainDecorator.java:227)
	at org.springframework.security.web.ObservationFilterChainDecorator$VirtualFilterChain.doFilter(ObservationFilterChainDecorator.java:137)
	at org.springframework.security.web.session.DisableEncodeUrlFilter.doFilterInternal(DisableEncodeUrlFilter.java:42)
	at org.springframework.web.filter.OncePerRequestFilter.doFilter(OncePerRequestFilter.java:116)
	at org.springframework.security.web.ObservationFilterChainDecorator$ObservationFilter.wrapFilter(ObservationFilterChainDecorator.java:240)
	at org.springframework.security.web.ObservationFilterChainDecorator$AroundFilterObservation$SimpleAroundFilterObservation.lambda$wrap$0(ObservationFilterChainDecorator.java:323)
	at org.springframework.security.web.ObservationFilterChainDecorator$ObservationFilter.doFilter(ObservationFilterChainDecorator.java:224)
	at org.springframework.security.web.ObservationFilterChainDecorator$VirtualFilterChain.doFilter(ObservationFilterChainDecorator.java:137)
	at org.springframework.security.web.FilterChainProxy.doFilterInternal(FilterChainProxy.java:233)
	at org.springframework.security.web.FilterChainProxy.doFilter(FilterChainProxy.java:191)
	at org.springframework.web.filter.CompositeFilter$VirtualFilterChain.doFilter(CompositeFilter.java:113)
	at org.springframework.web.servlet.handler.HandlerMappingIntrospector.lambda$createCacheFilter$3(HandlerMappingIntrospector.java:195)
	at org.springframework.web.filter.CompositeFilter$VirtualFilterChain.doFilter(CompositeFilter.java:113)
	at org.springframework.web.filter.CompositeFilter.doFilter(CompositeFilter.java:74)
	at org.springframework.security.config.annotation.web.configuration.WebMvcSecurityConfiguration$CompositeFilterChainProxy.doFilter(WebMvcSecurityConfiguration.java:230)
	at org.springframework.web.filter.DelegatingFilterProxy.invokeDelegate(DelegatingFilterProxy.java:352)
	at org.springframework.web.filter.DelegatingFilterProxy.doFilter(DelegatingFilterProxy.java:268)
	at org.apache.catalina.core.ApplicationFilterChain.internalDoFilter(ApplicationFilterChain.java:174)
	at org.apache.catalina.core.ApplicationFilterChain.doFilter(ApplicationFilterChain.java:149)
	at org.springframework.web.filter.RequestContextFilter.doFilterInternal(RequestContextFilter.java:100)
	at org.springframework.web.filter.OncePerRequestFilter.doFilter(OncePerRequestFilter.java:116)
	at org.apache.catalina.core.ApplicationFilterChain.internalDoFilter(ApplicationFilterChain.java:174)
	at org.apache.catalina.core.ApplicationFilterChain.doFilter(ApplicationFilterChain.java:149)
	at org.springframework.web.filter.FormContentFilter.doFilterInternal(FormContentFilter.java:93)
	at org.springframework.web.filter.OncePerRequestFilter.doFilter(OncePerRequestFilter.java:116)
	at org.apache.catalina.core.ApplicationFilterChain.internalDoFilter(ApplicationFilterChain.java:174)
	at org.apache.catalina.core.ApplicationFilterChain.doFilter(ApplicationFilterChain.java:149)
	at org.springframework.web.filter.ServerHttpObservationFilter.doFilterInternal(ServerHttpObservationFilter.java:109)
	at org.springframework.web.filter.OncePerRequestFilter.doFilter(OncePerRequestFilter.java:116)
	at org.apache.catalina.core.ApplicationFilterChain.internalDoFilter(ApplicationFilterChain.java:174)
	at org.apache.catalina.core.ApplicationFilterChain.doFilter(ApplicationFilterChain.java:149)
	at org.springframework.web.filter.CharacterEncodingFilter.doFilterInternal(CharacterEncodingFilter.java:201)
	at org.springframework.web.filter.OncePerRequestFilter.doFilter(OncePerRequestFilter.java:116)
	at org.apache.catalina.core.ApplicationFilterChain.internalDoFilter(ApplicationFilterChain.java:174)
	at org.apache.catalina.core.ApplicationFilterChain.doFilter(ApplicationFilterChain.java:149)
	at org.apache.catalina.core.StandardWrapperValve.invoke(StandardWrapperValve.java:167)
	at org.apache.catalina.core.StandardContextValve.invoke(StandardContextValve.java:90)
	at org.apache.catalina.authenticator.AuthenticatorBase.invoke(AuthenticatorBase.java:482)
	at org.apache.catalina.core.StandardHostValve.invoke(StandardHostValve.java:115)
	at org.apache.catalina.valves.ErrorReportValve.invoke(ErrorReportValve.java:93)
	at org.apache.catalina.core.StandardEngineValve.invoke(StandardEngineValve.java:74)
	at org.apache.catalina.connector.CoyoteAdapter.service(CoyoteAdapter.java:344)
	at org.apache.coyote.http11.Http11Processor.service(Http11Processor.java:391)
	at org.apache.coyote.AbstractProcessorLight.process(AbstractProcessorLight.java:63)
	at org.apache.coyote.AbstractProtocol$ConnectionHandler.process(AbstractProtocol.java:896)
	at org.apache.tomcat.util.net.NioEndpoint$SocketProcessor.doRun(NioEndpoint.java:1744)
	at org.apache.tomcat.util.net.SocketProcessorBase.run(SocketProcessorBase.java:52)
	at org.apache.tomcat.util.threads.ThreadPoolExecutor.runWorker(ThreadPoolExecutor.java:1191)
	at org.apache.tomcat.util.threads.ThreadPoolExecutor$Worker.run(ThreadPoolExecutor.java:659)
	at org.apache.tomcat.util.threads.TaskThread$WrappingRunnable.run(TaskThread.java:63)
	at java.base/java.lang.Thread.run(Thread.java:1583)
Caused by: org.h2.jdbc.JdbcSQLInvalidAuthorizationSpecException: Wrong user name or password [28000-224]
	at org.h2.message.DbException.getJdbcSQLException(DbException.java:522)
	at org.h2.message.DbException.getJdbcSQLException(DbException.java:489)
	at org.h2.message.DbException.get(DbException.java:223)
	at org.h2.message.DbException.get(DbException.java:199)
	at org.h2.message.DbException.get(DbException.java:188)
	at org.h2.engine.Engine.validateUserAndPassword(Engine.java:396)
	at org.h2.engine.Engine.createSession(Engine.java:206)
	at org.h2.engine.SessionRemote.connectEmbeddedOrServer(SessionRemote.java:343)
	at org.h2.jdbc.JdbcConnection.<init>(JdbcConnection.java:125)
	at org.h2.Driver.connect(Driver.java:59)
	at com.zaxxer.hikari.util.DriverDataSource.getConnection(DriverDataSource.java:138)
	at com.zaxxer.hikari.pool.PoolBase.newConnection(PoolBase.java:359)
	at com.zaxxer.hikari.pool.PoolBase.newPoolEntry(PoolBase.java:201)
	at com.zaxxer.hikari.pool.HikariPool.createPoolEntry(HikariPool.java:470)
	at com.zaxxer.hikari.pool.HikariPool.checkFailFast(HikariPool.java:561)
	at com.zaxxer.hikari.pool.HikariPool.<init>(HikariPool.java:100)
	at com.zaxxer.hikari.HikariDataSource.getConnection(HikariDataSource.java:112)
	at org.springframework.jdbc.datasource.DataSourceUtils.fetchConnection(DataSourceUtils.java:160)
	at org.springframework.jdbc.datasource.DataSourceUtils.doGetConnection(DataSourceUtils.java:118)
	at org.springframework.jdbc.datasource.DataSourceUtils.getConnection(DataSourceUtils.java:81)
	... 170 common frames omitted
2025-03-08 14:19:42.816 [http-nio-8083-exec-2] DEBUG o.s.w.s.m.m.a.HttpEntityMethodProcessor - Using 'application/vnd.spring-boot.actuator.v3+json', given [*/*] and supported [application/vnd.spring-boot.actuator.v3+json, application/vnd.spring-boot.actuator.v2+json, application/json]
2025-03-08 14:19:42.850 [http-nio-8083-exec-2] DEBUG o.s.w.s.m.m.a.HttpEntityMethodProcessor - Writing [org.springframework.boot.actuate.health.SystemHealth@524e3271]
2025-03-08 14:19:42.877 [http-nio-8083-exec-2] DEBUG o.s.web.servlet.DispatcherServlet - Completed 503 SERVICE_UNAVAILABLE
2025-03-08 14:19:42.879 [http-nio-8083-exec-2] DEBUG o.s.s.w.a.AnonymousAuthenticationFilter - Set SecurityContextHolder to anonymous SecurityContext
2025-03-08 14:20:40.008 [MessageBroker-1] INFO  o.s.w.s.c.WebSocketMessageBrokerStats - WebSocketSession[0 current WS(0)-HttpStream(0)-HttpPoll(0), 0 total, 0 closed abnormally (0 connect failure, 0 send limit, 0 transport error)], stompSubProtocol[processed CONNECT(0)-CONNECTED(0)-DISCONNECT(0)], stompBrokerRelay[null], inboundChannel[pool size = 0, active threads = 0, queued tasks = 0, completed tasks = 0], outboundChannel[pool size = 0, active threads = 0, queued tasks = 0, completed tasks = 0], sockJsScheduler[pool size = 1, active threads = 1, queued tasks = 0, completed tasks = 0]
2025-03-08 14:22:51.778 [main] INFO  com.chatapp.RealtimeChatApplication - Starting RealtimeChatApplication v0.0.1-SNAPSHOT using Java 21.0.6 with PID 10136 (D:\jetbrains\cursor\real-time-app\backend\target\realtime-chat-0.0.1-SNAPSHOT.jar started by lenovo in D:\jetbrains\cursor\real-time-app\backend)
2025-03-08 14:22:51.781 [main] INFO  com.chatapp.RealtimeChatApplication - The following 1 profile is active: "prod"
2025-03-08 14:22:52.741 [main] INFO  o.s.d.r.c.RepositoryConfigurationDelegate - Bootstrapping Spring Data JPA repositories in DEFAULT mode.
2025-03-08 14:22:52.756 [main] INFO  o.s.d.r.c.RepositoryConfigurationDelegate - Finished Spring Data repository scanning in 10 ms. Found 0 JPA repository interfaces.
2025-03-08 14:22:53.543 [main] INFO  o.s.b.w.e.tomcat.TomcatWebServer - Tomcat initialized with port 8083 (http)
2025-03-08 14:22:53.552 [main] INFO  o.a.coyote.http11.Http11NioProtocol - Initializing ProtocolHandler ["http-nio-8083"]
2025-03-08 14:22:53.554 [main] INFO  o.a.catalina.core.StandardService - Starting service [Tomcat]
2025-03-08 14:22:53.554 [main] INFO  o.a.catalina.core.StandardEngine - Starting Servlet engine: [Apache Tomcat/10.1.19]
2025-03-08 14:22:53.586 [main] INFO  o.a.c.c.C.[Tomcat].[localhost].[/] - Initializing Spring embedded WebApplicationContext
2025-03-08 14:22:53.587 [main] INFO  o.s.b.w.s.c.ServletWebServerApplicationContext - Root WebApplicationContext: initialization completed in 1742 ms
2025-03-08 14:22:53.891 [main] DEBUG o.s.w.f.ServerHttpObservationFilter - Filter 'webMvcObservationFilter' configured for use
2025-03-08 14:22:54.150 [main] INFO  o.h.jpa.internal.util.LogHelper - HHH000204: Processing PersistenceUnitInfo [name: default]
2025-03-08 14:22:54.251 [main] INFO  org.hibernate.Version - HHH000412: Hibernate ORM core version 6.4.4.Final
2025-03-08 14:22:54.281 [main] INFO  o.h.c.i.RegionFactoryInitiator - HHH000026: Second-level cache disabled
2025-03-08 14:22:54.436 [main] INFO  o.s.o.j.p.SpringPersistenceUnitInfo - No LoadTimeWeaver setup: ignoring JPA class transformer
2025-03-08 14:22:54.459 [main] INFO  com.zaxxer.hikari.HikariDataSource - HikariPool-1 - Starting...
2025-03-08 14:22:55.976 [main] ERROR com.zaxxer.hikari.pool.HikariPool - HikariPool-1 - Exception during pool initialization.
org.h2.jdbc.JdbcSQLInvalidAuthorizationSpecException: Wrong user name or password [28000-224]
	at org.h2.message.DbException.getJdbcSQLException(DbException.java:522)
	at org.h2.message.DbException.getJdbcSQLException(DbException.java:489)
	at org.h2.message.DbException.get(DbException.java:223)
	at org.h2.message.DbException.get(DbException.java:199)
	at org.h2.message.DbException.get(DbException.java:188)
	at org.h2.engine.Engine.validateUserAndPassword(Engine.java:396)
	at org.h2.engine.Engine.createSession(Engine.java:206)
	at org.h2.engine.SessionRemote.connectEmbeddedOrServer(SessionRemote.java:343)
	at org.h2.jdbc.JdbcConnection.<init>(JdbcConnection.java:125)
	at org.h2.Driver.connect(Driver.java:59)
	at com.zaxxer.hikari.util.DriverDataSource.getConnection(DriverDataSource.java:138)
	at com.zaxxer.hikari.pool.PoolBase.newConnection(PoolBase.java:359)
	at com.zaxxer.hikari.pool.PoolBase.newPoolEntry(PoolBase.java:201)
	at com.zaxxer.hikari.pool.HikariPool.createPoolEntry(HikariPool.java:470)
	at com.zaxxer.hikari.pool.HikariPool.checkFailFast(HikariPool.java:561)
	at com.zaxxer.hikari.pool.HikariPool.<init>(HikariPool.java:100)
	at com.zaxxer.hikari.HikariDataSource.getConnection(HikariDataSource.java:112)
	at org.hibernate.engine.jdbc.connections.internal.DatasourceConnectionProviderImpl.getConnection(DatasourceConnectionProviderImpl.java:122)
	at org.hibernate.engine.jdbc.env.internal.JdbcEnvironmentInitiator$ConnectionProviderJdbcConnectionAccess.obtainConnection(JdbcEnvironmentInitiator.java:428)
	at org.hibernate.resource.transaction.backend.jdbc.internal.JdbcIsolationDelegate.delegateWork(JdbcIsolationDelegate.java:61)
	at org.hibernate.engine.jdbc.env.internal.JdbcEnvironmentInitiator.getJdbcEnvironmentUsingJdbcMetadata(JdbcEnvironmentInitiator.java:276)
	at org.hibernate.engine.jdbc.env.internal.JdbcEnvironmentInitiator.initiateService(JdbcEnvironmentInitiator.java:107)
	at org.hibernate.engine.jdbc.env.internal.JdbcEnvironmentInitiator.initiateService(JdbcEnvironmentInitiator.java:68)
	at org.hibernate.boot.registry.internal.StandardServiceRegistryImpl.initiateService(StandardServiceRegistryImpl.java:130)
	at org.hibernate.service.internal.AbstractServiceRegistryImpl.createService(AbstractServiceRegistryImpl.java:263)
	at org.hibernate.service.internal.AbstractServiceRegistryImpl.initializeService(AbstractServiceRegistryImpl.java:238)
	at org.hibernate.service.internal.AbstractServiceRegistryImpl.getService(AbstractServiceRegistryImpl.java:215)
	at org.hibernate.boot.model.relational.Database.<init>(Database.java:45)
	at org.hibernate.boot.internal.InFlightMetadataCollectorImpl.getDatabase(InFlightMetadataCollectorImpl.java:223)
	at org.hibernate.boot.internal.InFlightMetadataCollectorImpl.<init>(InFlightMetadataCollectorImpl.java:191)
	at org.hibernate.boot.model.process.spi.MetadataBuildingProcess.complete(MetadataBuildingProcess.java:170)
	at org.hibernate.jpa.boot.internal.EntityManagerFactoryBuilderImpl.metadata(EntityManagerFactoryBuilderImpl.java:1432)
	at org.hibernate.jpa.boot.internal.EntityManagerFactoryBuilderImpl.build(EntityManagerFactoryBuilderImpl.java:1503)
	at org.springframework.orm.jpa.vendor.SpringHibernateJpaPersistenceProvider.createContainerEntityManagerFactory(SpringHibernateJpaPersistenceProvider.java:75)
	at org.springframework.orm.jpa.LocalContainerEntityManagerFactoryBean.createNativeEntityManagerFactory(LocalContainerEntityManagerFactoryBean.java:388)
	at org.springframework.orm.jpa.AbstractEntityManagerFactoryBean.buildNativeEntityManagerFactory(AbstractEntityManagerFactoryBean.java:409)
	at org.springframework.orm.jpa.AbstractEntityManagerFactoryBean.afterPropertiesSet(AbstractEntityManagerFactoryBean.java:396)
	at org.springframework.orm.jpa.LocalContainerEntityManagerFactoryBean.afterPropertiesSet(LocalContainerEntityManagerFactoryBean.java:364)
	at org.springframework.beans.factory.support.AbstractAutowireCapableBeanFactory.invokeInitMethods(AbstractAutowireCapableBeanFactory.java:1833)
	at org.springframework.beans.factory.support.AbstractAutowireCapableBeanFactory.initializeBean(AbstractAutowireCapableBeanFactory.java:1782)
	at org.springframework.beans.factory.support.AbstractAutowireCapableBeanFactory.doCreateBean(AbstractAutowireCapableBeanFactory.java:600)
	at org.springframework.beans.factory.support.AbstractAutowireCapableBeanFactory.createBean(AbstractAutowireCapableBeanFactory.java:522)
	at org.springframework.beans.factory.support.AbstractBeanFactory.lambda$doGetBean$0(AbstractBeanFactory.java:325)
	at org.springframework.beans.factory.support.DefaultSingletonBeanRegistry.getSingleton(DefaultSingletonBeanRegistry.java:234)
	at org.springframework.beans.factory.support.AbstractBeanFactory.doGetBean(AbstractBeanFactory.java:323)
	at org.springframework.beans.factory.support.AbstractBeanFactory.getBean(AbstractBeanFactory.java:199)
	at org.springframework.context.support.AbstractApplicationContext.getBean(AbstractApplicationContext.java:1231)
	at org.springframework.context.support.AbstractApplicationContext.finishBeanFactoryInitialization(AbstractApplicationContext.java:949)
	at org.springframework.context.support.AbstractApplicationContext.refresh(AbstractApplicationContext.java:624)
	at org.springframework.boot.web.servlet.context.ServletWebServerApplicationContext.refresh(ServletWebServerApplicationContext.java:146)
	at org.springframework.boot.SpringApplication.refresh(SpringApplication.java:754)
	at org.springframework.boot.SpringApplication.refreshContext(SpringApplication.java:456)
	at org.springframework.boot.SpringApplication.run(SpringApplication.java:334)
	at org.springframework.boot.SpringApplication.run(SpringApplication.java:1354)
	at org.springframework.boot.SpringApplication.run(SpringApplication.java:1343)
	at com.chatapp.RealtimeChatApplication.main(RealtimeChatApplication.java:10)
	at java.base/jdk.internal.reflect.DirectMethodHandleAccessor.invoke(DirectMethodHandleAccessor.java:103)
	at java.base/java.lang.reflect.Method.invoke(Method.java:580)
	at org.springframework.boot.loader.launch.Launcher.launch(Launcher.java:91)
	at org.springframework.boot.loader.launch.Launcher.launch(Launcher.java:53)
	at org.springframework.boot.loader.launch.JarLauncher.main(JarLauncher.java:58)
2025-03-08 14:22:55.979 [main] WARN  o.h.e.j.e.i.JdbcEnvironmentInitiator - HHH000342: Could not obtain connection to query metadata
java.lang.NullPointerException: Cannot invoke "org.hibernate.engine.jdbc.spi.SqlExceptionHelper.convert(java.sql.SQLException, String)" because the return value of "org.hibernate.resource.transaction.backend.jdbc.internal.JdbcIsolationDelegate.sqlExceptionHelper()" is null
	at org.hibernate.resource.transaction.backend.jdbc.internal.JdbcIsolationDelegate.delegateWork(JdbcIsolationDelegate.java:116)
	at org.hibernate.engine.jdbc.env.internal.JdbcEnvironmentInitiator.getJdbcEnvironmentUsingJdbcMetadata(JdbcEnvironmentInitiator.java:276)
	at org.hibernate.engine.jdbc.env.internal.JdbcEnvironmentInitiator.initiateService(JdbcEnvironmentInitiator.java:107)
	at org.hibernate.engine.jdbc.env.internal.JdbcEnvironmentInitiator.initiateService(JdbcEnvironmentInitiator.java:68)
	at org.hibernate.boot.registry.internal.StandardServiceRegistryImpl.initiateService(StandardServiceRegistryImpl.java:130)
	at org.hibernate.service.internal.AbstractServiceRegistryImpl.createService(AbstractServiceRegistryImpl.java:263)
	at org.hibernate.service.internal.AbstractServiceRegistryImpl.initializeService(AbstractServiceRegistryImpl.java:238)
	at org.hibernate.service.internal.AbstractServiceRegistryImpl.getService(AbstractServiceRegistryImpl.java:215)
	at org.hibernate.boot.model.relational.Database.<init>(Database.java:45)
	at org.hibernate.boot.internal.InFlightMetadataCollectorImpl.getDatabase(InFlightMetadataCollectorImpl.java:223)
	at org.hibernate.boot.internal.InFlightMetadataCollectorImpl.<init>(InFlightMetadataCollectorImpl.java:191)
	at org.hibernate.boot.model.process.spi.MetadataBuildingProcess.complete(MetadataBuildingProcess.java:170)
	at org.hibernate.jpa.boot.internal.EntityManagerFactoryBuilderImpl.metadata(EntityManagerFactoryBuilderImpl.java:1432)
	at org.hibernate.jpa.boot.internal.EntityManagerFactoryBuilderImpl.build(EntityManagerFactoryBuilderImpl.java:1503)
	at org.springframework.orm.jpa.vendor.SpringHibernateJpaPersistenceProvider.createContainerEntityManagerFactory(SpringHibernateJpaPersistenceProvider.java:75)
	at org.springframework.orm.jpa.LocalContainerEntityManagerFactoryBean.createNativeEntityManagerFactory(LocalContainerEntityManagerFactoryBean.java:388)
	at org.springframework.orm.jpa.AbstractEntityManagerFactoryBean.buildNativeEntityManagerFactory(AbstractEntityManagerFactoryBean.java:409)
	at org.springframework.orm.jpa.AbstractEntityManagerFactoryBean.afterPropertiesSet(AbstractEntityManagerFactoryBean.java:396)
	at org.springframework.orm.jpa.LocalContainerEntityManagerFactoryBean.afterPropertiesSet(LocalContainerEntityManagerFactoryBean.java:364)
	at org.springframework.beans.factory.support.AbstractAutowireCapableBeanFactory.invokeInitMethods(AbstractAutowireCapableBeanFactory.java:1833)
	at org.springframework.beans.factory.support.AbstractAutowireCapableBeanFactory.initializeBean(AbstractAutowireCapableBeanFactory.java:1782)
	at org.springframework.beans.factory.support.AbstractAutowireCapableBeanFactory.doCreateBean(AbstractAutowireCapableBeanFactory.java:600)
	at org.springframework.beans.factory.support.AbstractAutowireCapableBeanFactory.createBean(AbstractAutowireCapableBeanFactory.java:522)
	at org.springframework.beans.factory.support.AbstractBeanFactory.lambda$doGetBean$0(AbstractBeanFactory.java:325)
	at org.springframework.beans.factory.support.DefaultSingletonBeanRegistry.getSingleton(DefaultSingletonBeanRegistry.java:234)
	at org.springframework.beans.factory.support.AbstractBeanFactory.doGetBean(AbstractBeanFactory.java:323)
	at org.springframework.beans.factory.support.AbstractBeanFactory.getBean(AbstractBeanFactory.java:199)
	at org.springframework.context.support.AbstractApplicationContext.getBean(AbstractApplicationContext.java:1231)
	at org.springframework.context.support.AbstractApplicationContext.finishBeanFactoryInitialization(AbstractApplicationContext.java:949)
	at org.springframework.context.support.AbstractApplicationContext.refresh(AbstractApplicationContext.java:624)
	at org.springframework.boot.web.servlet.context.ServletWebServerApplicationContext.refresh(ServletWebServerApplicationContext.java:146)
	at org.springframework.boot.SpringApplication.refresh(SpringApplication.java:754)
	at org.springframework.boot.SpringApplication.refreshContext(SpringApplication.java:456)
	at org.springframework.boot.SpringApplication.run(SpringApplication.java:334)
	at org.springframework.boot.SpringApplication.run(SpringApplication.java:1354)
	at org.springframework.boot.SpringApplication.run(SpringApplication.java:1343)
	at com.chatapp.RealtimeChatApplication.main(RealtimeChatApplication.java:10)
	at java.base/jdk.internal.reflect.DirectMethodHandleAccessor.invoke(DirectMethodHandleAccessor.java:103)
	at java.base/java.lang.reflect.Method.invoke(Method.java:580)
	at org.springframework.boot.loader.launch.Launcher.launch(Launcher.java:91)
	at org.springframework.boot.loader.launch.Launcher.launch(Launcher.java:53)
	at org.springframework.boot.loader.launch.JarLauncher.main(JarLauncher.java:58)
2025-03-08 14:22:55.992 [main] WARN  org.hibernate.orm.deprecation - HHH90000025: H2Dialect does not need to be specified explicitly using 'hibernate.dialect' (remove the property setting and it will be selected by default)
2025-03-08 14:22:56.283 [main] INFO  o.h.e.t.j.p.i.JtaPlatformInitiator - HHH000489: No JTA platform available (set 'hibernate.transaction.jta.platform' to enable JTA platform integration)
2025-03-08 14:22:56.286 [main] INFO  o.s.o.j.LocalContainerEntityManagerFactoryBean - Initialized JPA EntityManagerFactory for persistence unit 'default'
2025-03-08 14:22:56.604 [main] DEBUG o.s.w.s.s.s.WebSocketHandlerMapping - Patterns [/ws/**] in 'stompWebSocketHandlerMapping'
2025-03-08 14:22:56.676 [main] WARN  o.s.b.a.o.j.JpaBaseConfiguration$JpaWebConfiguration - spring.jpa.open-in-view is enabled by default. Therefore, database queries may be performed during view rendering. Explicitly configure spring.jpa.open-in-view to disable this warning
2025-03-08 14:22:56.757 [main] DEBUG o.s.w.s.m.WebSocketAnnotationMethodMessageHandler - 
	c.c.c.LogController:
	
2025-03-08 14:22:56.773 [main] DEBUG o.s.w.s.m.WebSocketAnnotationMethodMessageHandler - 
	c.c.c.WebRTCSignalingController:
	{[MESSAGE],[/webrtc/call]}: call(Map,SimpMessageHeaderAccessor)
	{[MESSAGE],[/webrtc/answer]}: answer(WebRTCSignal,SimpMessageHeaderAccessor)
	{[MESSAGE],[/webrtc/hangup]}: hangup(Map,SimpMessageHeaderAccessor)
	{[MESSAGE],[/webrtc/ice-candidate]}: iceCandidate(WebRTCSignal,SimpMessageHeaderAccessor)
	{[MESSAGE],[/webrtc/adjust-bitrate]}: adjustBitrate(WebRTCSignal,SimpMessageHeaderAccessor)
	{[MESSAGE],[/webrtc/config]}: getWebRTCConfig(SimpMessageHeaderAccessor)
2025-03-08 14:22:56.786 [main] DEBUG o.s.w.s.m.WebSocketAnnotationMethodMessageHandler - 
	o.s.b.a.w.s.e.BasicErrorController:
	
2025-03-08 14:22:57.000 [main] DEBUG o.s.w.s.m.m.a.RequestMappingHandlerMapping - 3 mappings in 'requestMappingHandlerMapping'
2025-03-08 14:22:57.070 [main] DEBUG o.s.w.s.h.SimpleUrlHandlerMapping - Patterns [/webjars/**, /**] in 'resourceHandlerMapping'
2025-03-08 14:22:57.128 [main] DEBUG o.s.w.s.m.m.a.RequestMappingHandlerAdapter - ControllerAdvice beans: 0 @ModelAttribute, 0 @InitBinder, 1 RequestBodyAdvice, 1 ResponseBodyAdvice
2025-03-08 14:22:57.209 [main] DEBUG o.s.w.s.m.m.a.ExceptionHandlerExceptionResolver - ControllerAdvice beans: 0 @ExceptionHandler, 1 ResponseBodyAdvice
2025-03-08 14:22:57.794 [main] INFO  o.s.b.a.e.web.EndpointLinksResolver - Exposing 2 endpoint(s) beneath base path '/actuator'
2025-03-08 14:22:57.825 [main] INFO  o.s.s.web.DefaultSecurityFilterChain - Will secure any request with [org.springframework.security.web.session.DisableEncodeUrlFilter@175c26ff, org.springframework.security.web.context.request.async.WebAsyncManagerIntegrationFilter@623bdc46, org.springframework.security.web.context.SecurityContextHolderFilter@682270ff, org.springframework.security.web.header.HeaderWriterFilter@7c9c7e7d, org.springframework.web.filter.CorsFilter@411576c7, org.springframework.security.web.csrf.CsrfFilter@26f7b114, org.springframework.security.web.authentication.logout.LogoutFilter@2fd409c1, org.springframework.security.web.authentication.UsernamePasswordAuthenticationFilter@1e9b0c92, org.springframework.security.web.authentication.ui.DefaultLoginPageGeneratingFilter@7866fe3e, org.springframework.security.web.authentication.ui.DefaultLogoutPageGeneratingFilter@332610ad, org.springframework.security.web.authentication.www.BasicAuthenticationFilter@11c40a65, org.springframework.security.web.savedrequest.RequestCacheAwareFilter@8961e55, org.springframework.security.web.servletapi.SecurityContextHolderAwareRequestFilter@73072745, org.springframework.security.web.authentication.AnonymousAuthenticationFilter@45bbb3e8, org.springframework.security.web.access.ExceptionTranslationFilter@399a5a52, org.springframework.security.web.access.intercept.AuthorizationFilter@7e577eed]
2025-03-08 14:22:58.079 [main] INFO  o.a.coyote.http11.Http11NioProtocol - Starting ProtocolHandler ["http-nio-8083"]
2025-03-08 14:22:58.105 [main] INFO  o.s.b.w.e.tomcat.TomcatWebServer - Tomcat started on port 8083 (http) with context path ''
2025-03-08 14:22:58.106 [main] DEBUG org.springframework.web.SimpLogging - clientOutboundChannel added SubProtocolWebSocketHandler[StompSubProtocolHandler[v10.stomp, v11.stomp, v12.stomp]]
2025-03-08 14:22:58.108 [main] DEBUG org.springframework.web.SimpLogging - clientInboundChannel added WebSocketAnnotationMethodMessageHandler[prefixes=[/app/]]
2025-03-08 14:22:58.108 [main] INFO  o.s.m.s.b.SimpleBrokerMessageHandler - Starting...
2025-03-08 14:22:58.108 [main] DEBUG org.springframework.web.SimpLogging - clientInboundChannel added SimpleBrokerMessageHandler [org.springframework.messaging.simp.broker.DefaultSubscriptionRegistry@68024e57]
2025-03-08 14:22:58.108 [main] DEBUG org.springframework.web.SimpLogging - brokerChannel added SimpleBrokerMessageHandler [org.springframework.messaging.simp.broker.DefaultSubscriptionRegistry@68024e57]
2025-03-08 14:22:58.109 [main] INFO  o.s.m.s.b.SimpleBrokerMessageHandler - BrokerAvailabilityEvent[available=true, SimpleBrokerMessageHandler [org.springframework.messaging.simp.broker.DefaultSubscriptionRegistry@68024e57]]
2025-03-08 14:22:58.109 [main] INFO  o.s.m.s.b.SimpleBrokerMessageHandler - Started.
2025-03-08 14:22:58.109 [main] DEBUG org.springframework.web.SimpLogging - clientInboundChannel added UserDestinationMessageHandler[DefaultUserDestinationResolver[prefix=/user/]]
2025-03-08 14:22:58.109 [main] DEBUG org.springframework.web.SimpLogging - brokerChannel added UserDestinationMessageHandler[DefaultUserDestinationResolver[prefix=/user/]]
2025-03-08 14:22:58.119 [main] INFO  com.chatapp.RealtimeChatApplication - Started RealtimeChatApplication in 6.873 seconds (process running for 7.392)
2025-03-08 14:22:59.393 [http-nio-8083-exec-1] INFO  o.a.c.c.C.[Tomcat].[localhost].[/] - Initializing Spring DispatcherServlet 'dispatcherServlet'
2025-03-08 14:22:59.393 [http-nio-8083-exec-1] INFO  o.s.web.servlet.DispatcherServlet - Initializing Servlet 'dispatcherServlet'
2025-03-08 14:22:59.393 [http-nio-8083-exec-1] DEBUG o.s.web.servlet.DispatcherServlet - Detected StandardServletMultipartResolver
2025-03-08 14:22:59.393 [http-nio-8083-exec-1] DEBUG o.s.web.servlet.DispatcherServlet - Detected AcceptHeaderLocaleResolver
2025-03-08 14:22:59.393 [http-nio-8083-exec-1] DEBUG o.s.web.servlet.DispatcherServlet - Detected FixedThemeResolver
2025-03-08 14:22:59.394 [http-nio-8083-exec-1] DEBUG o.s.web.servlet.DispatcherServlet - Detected org.springframework.web.servlet.view.DefaultRequestToViewNameTranslator@5d2bc446
2025-03-08 14:22:59.394 [http-nio-8083-exec-1] DEBUG o.s.web.servlet.DispatcherServlet - Detected org.springframework.web.servlet.support.SessionFlashMapManager@394b9e22
2025-03-08 14:22:59.395 [http-nio-8083-exec-1] DEBUG o.s.web.servlet.DispatcherServlet - enableLoggingRequestDetails='false': request parameters and headers will be masked to prevent unsafe logging of potentially sensitive data
2025-03-08 14:22:59.395 [http-nio-8083-exec-1] INFO  o.s.web.servlet.DispatcherServlet - Completed initialization in 2 ms
2025-03-08 14:22:59.407 [http-nio-8083-exec-1] DEBUG o.s.security.web.FilterChainProxy - Securing GET /actuator/health
2025-03-08 14:22:59.421 [http-nio-8083-exec-1] DEBUG o.s.security.web.FilterChainProxy - Secured GET /actuator/health
2025-03-08 14:22:59.422 [http-nio-8083-exec-1] DEBUG o.s.web.servlet.DispatcherServlet - GET "/actuator/health", parameters={}
2025-03-08 14:22:59.432 [http-nio-8083-exec-1] DEBUG o.s.w.s.m.m.a.RequestResponseBodyMethodProcessor - Read "application/octet-stream" to []
2025-03-08 14:22:59.443 [http-nio-8083-exec-1] INFO  com.zaxxer.hikari.HikariDataSource - HikariPool-1 - Starting...
2025-03-08 14:23:01.023 [http-nio-8083-exec-1] ERROR com.zaxxer.hikari.pool.HikariPool - HikariPool-1 - Exception during pool initialization.
org.h2.jdbc.JdbcSQLInvalidAuthorizationSpecException: Wrong user name or password [28000-224]
	at org.h2.message.DbException.getJdbcSQLException(DbException.java:522)
	at org.h2.message.DbException.getJdbcSQLException(DbException.java:489)
	at org.h2.message.DbException.get(DbException.java:223)
	at org.h2.message.DbException.get(DbException.java:199)
	at org.h2.message.DbException.get(DbException.java:188)
	at org.h2.engine.Engine.validateUserAndPassword(Engine.java:396)
	at org.h2.engine.Engine.createSession(Engine.java:206)
	at org.h2.engine.SessionRemote.connectEmbeddedOrServer(SessionRemote.java:343)
	at org.h2.jdbc.JdbcConnection.<init>(JdbcConnection.java:125)
	at org.h2.Driver.connect(Driver.java:59)
	at com.zaxxer.hikari.util.DriverDataSource.getConnection(DriverDataSource.java:138)
	at com.zaxxer.hikari.pool.PoolBase.newConnection(PoolBase.java:359)
	at com.zaxxer.hikari.pool.PoolBase.newPoolEntry(PoolBase.java:201)
	at com.zaxxer.hikari.pool.HikariPool.createPoolEntry(HikariPool.java:470)
	at com.zaxxer.hikari.pool.HikariPool.checkFailFast(HikariPool.java:561)
	at com.zaxxer.hikari.pool.HikariPool.<init>(HikariPool.java:100)
	at com.zaxxer.hikari.HikariDataSource.getConnection(HikariDataSource.java:112)
	at org.springframework.jdbc.datasource.DataSourceUtils.fetchConnection(DataSourceUtils.java:160)
	at org.springframework.jdbc.datasource.DataSourceUtils.doGetConnection(DataSourceUtils.java:118)
	at org.springframework.jdbc.datasource.DataSourceUtils.getConnection(DataSourceUtils.java:81)
	at org.springframework.jdbc.core.JdbcTemplate.execute(JdbcTemplate.java:342)
	at org.springframework.boot.actuate.jdbc.DataSourceHealthIndicator.getProduct(DataSourceHealthIndicator.java:122)
	at org.springframework.boot.actuate.jdbc.DataSourceHealthIndicator.doDataSourceHealthCheck(DataSourceHealthIndicator.java:105)
	at org.springframework.boot.actuate.jdbc.DataSourceHealthIndicator.doHealthCheck(DataSourceHealthIndicator.java:100)
	at org.springframework.boot.actuate.health.AbstractHealthIndicator.health(AbstractHealthIndicator.java:82)
	at org.springframework.boot.actuate.health.HealthIndicator.getHealth(HealthIndicator.java:37)
	at org.springframework.boot.actuate.health.HealthEndpointWebExtension.getHealth(HealthEndpointWebExtension.java:94)
	at org.springframework.boot.actuate.health.HealthEndpointWebExtension.getHealth(HealthEndpointWebExtension.java:47)
	at org.springframework.boot.actuate.health.HealthEndpointSupport.getLoggedHealth(HealthEndpointSupport.java:172)
	at org.springframework.boot.actuate.health.HealthEndpointSupport.getContribution(HealthEndpointSupport.java:145)
	at org.springframework.boot.actuate.health.HealthEndpointSupport.getAggregateContribution(HealthEndpointSupport.java:156)
	at org.springframework.boot.actuate.health.HealthEndpointSupport.getContribution(HealthEndpointSupport.java:141)
	at org.springframework.boot.actuate.health.HealthEndpointSupport.getHealth(HealthEndpointSupport.java:110)
	at org.springframework.boot.actuate.health.HealthEndpointSupport.getHealth(HealthEndpointSupport.java:81)
	at org.springframework.boot.actuate.health.HealthEndpointWebExtension.health(HealthEndpointWebExtension.java:80)
	at org.springframework.boot.actuate.health.HealthEndpointWebExtension.health(HealthEndpointWebExtension.java:69)
	at java.base/jdk.internal.reflect.DirectMethodHandleAccessor.invoke(DirectMethodHandleAccessor.java:103)
	at java.base/java.lang.reflect.Method.invoke(Method.java:580)
	at org.springframework.util.ReflectionUtils.invokeMethod(ReflectionUtils.java:281)
	at org.springframework.boot.actuate.endpoint.invoke.reflect.ReflectiveOperationInvoker.invoke(ReflectiveOperationInvoker.java:74)
	at org.springframework.boot.actuate.endpoint.annotation.AbstractDiscoveredOperation.invoke(AbstractDiscoveredOperation.java:60)
	at org.springframework.boot.actuate.endpoint.web.servlet.AbstractWebMvcEndpointHandlerMapping$ServletWebOperationAdapter.handle(AbstractWebMvcEndpointHandlerMapping.java:327)
	at org.springframework.boot.actuate.endpoint.web.servlet.AbstractWebMvcEndpointHandlerMapping$OperationHandler.handle(AbstractWebMvcEndpointHandlerMapping.java:434)
	at java.base/jdk.internal.reflect.DirectMethodHandleAccessor.invoke(DirectMethodHandleAccessor.java:103)
	at java.base/java.lang.reflect.Method.invoke(Method.java:580)
	at org.springframework.web.method.support.InvocableHandlerMethod.doInvoke(InvocableHandlerMethod.java:259)
	at org.springframework.web.method.support.InvocableHandlerMethod.invokeForRequest(InvocableHandlerMethod.java:192)
	at org.springframework.web.servlet.mvc.method.annotation.ServletInvocableHandlerMethod.invokeAndHandle(ServletInvocableHandlerMethod.java:118)
	at org.springframework.web.servlet.mvc.method.annotation.RequestMappingHandlerAdapter.invokeHandlerMethod(RequestMappingHandlerAdapter.java:920)
	at org.springframework.web.servlet.mvc.method.annotation.RequestMappingHandlerAdapter.handleInternal(RequestMappingHandlerAdapter.java:830)
	at org.springframework.web.servlet.mvc.method.AbstractHandlerMethodAdapter.handle(AbstractHandlerMethodAdapter.java:87)
	at org.springframework.web.servlet.DispatcherServlet.doDispatch(DispatcherServlet.java:1089)
	at org.springframework.web.servlet.DispatcherServlet.doService(DispatcherServlet.java:979)
	at org.springframework.web.servlet.FrameworkServlet.processRequest(FrameworkServlet.java:1014)
	at org.springframework.web.servlet.FrameworkServlet.doGet(FrameworkServlet.java:903)
	at jakarta.servlet.http.HttpServlet.service(HttpServlet.java:564)
	at org.springframework.web.servlet.FrameworkServlet.service(FrameworkServlet.java:885)
	at jakarta.servlet.http.HttpServlet.service(HttpServlet.java:658)
	at org.apache.catalina.core.ApplicationFilterChain.internalDoFilter(ApplicationFilterChain.java:205)
	at org.apache.catalina.core.ApplicationFilterChain.doFilter(ApplicationFilterChain.java:149)
	at org.apache.tomcat.websocket.server.WsFilter.doFilter(WsFilter.java:51)
	at org.apache.catalina.core.ApplicationFilterChain.internalDoFilter(ApplicationFilterChain.java:174)
	at org.apache.catalina.core.ApplicationFilterChain.doFilter(ApplicationFilterChain.java:149)
	at org.springframework.web.filter.CompositeFilter$VirtualFilterChain.doFilter(CompositeFilter.java:108)
	at org.springframework.security.web.FilterChainProxy.lambda$doFilterInternal$3(FilterChainProxy.java:231)
	at org.springframework.security.web.ObservationFilterChainDecorator$FilterObservation$SimpleFilterObservation.lambda$wrap$1(ObservationFilterChainDecorator.java:479)
	at org.springframework.security.web.ObservationFilterChainDecorator$AroundFilterObservation$SimpleAroundFilterObservation.lambda$wrap$1(ObservationFilterChainDecorator.java:340)
	at org.springframework.security.web.ObservationFilterChainDecorator.lambda$wrapSecured$0(ObservationFilterChainDecorator.java:82)
	at org.springframework.security.web.ObservationFilterChainDecorator$VirtualFilterChain.doFilter(ObservationFilterChainDecorator.java:128)
	at org.springframework.security.web.access.intercept.AuthorizationFilter.doFilter(AuthorizationFilter.java:100)
	at org.springframework.security.web.ObservationFilterChainDecorator$ObservationFilter.wrapFilter(ObservationFilterChainDecorator.java:240)
	at org.springframework.security.web.ObservationFilterChainDecorator$ObservationFilter.doFilter(ObservationFilterChainDecorator.java:227)
	at org.springframework.security.web.ObservationFilterChainDecorator$VirtualFilterChain.doFilter(ObservationFilterChainDecorator.java:137)
	at org.springframework.security.web.access.ExceptionTranslationFilter.doFilter(ExceptionTranslationFilter.java:126)
	at org.springframework.security.web.access.ExceptionTranslationFilter.doFilter(ExceptionTranslationFilter.java:120)
	at org.springframework.security.web.ObservationFilterChainDecorator$ObservationFilter.wrapFilter(ObservationFilterChainDecorator.java:240)
	at org.springframework.security.web.ObservationFilterChainDecorator$ObservationFilter.doFilter(ObservationFilterChainDecorator.java:227)
	at org.springframework.security.web.ObservationFilterChainDecorator$VirtualFilterChain.doFilter(ObservationFilterChainDecorator.java:137)
	at org.springframework.security.web.authentication.AnonymousAuthenticationFilter.doFilter(AnonymousAuthenticationFilter.java:100)
	at org.springframework.security.web.ObservationFilterChainDecorator$ObservationFilter.wrapFilter(ObservationFilterChainDecorator.java:240)
	at org.springframework.security.web.ObservationFilterChainDecorator$ObservationFilter.doFilter(ObservationFilterChainDecorator.java:227)
	at org.springframework.security.web.ObservationFilterChainDecorator$VirtualFilterChain.doFilter(ObservationFilterChainDecorator.java:137)
	at org.springframework.security.web.servletapi.SecurityContextHolderAwareRequestFilter.doFilter(SecurityContextHolderAwareRequestFilter.java:179)
	at org.springframework.security.web.ObservationFilterChainDecorator$ObservationFilter.wrapFilter(ObservationFilterChainDecorator.java:240)
	at org.springframework.security.web.ObservationFilterChainDecorator$ObservationFilter.doFilter(ObservationFilterChainDecorator.java:227)
	at org.springframework.security.web.ObservationFilterChainDecorator$VirtualFilterChain.doFilter(ObservationFilterChainDecorator.java:137)
	at org.springframework.security.web.savedrequest.RequestCacheAwareFilter.doFilter(RequestCacheAwareFilter.java:63)
	at org.springframework.security.web.ObservationFilterChainDecorator$ObservationFilter.wrapFilter(ObservationFilterChainDecorator.java:240)
	at org.springframework.security.web.ObservationFilterChainDecorator$ObservationFilter.doFilter(ObservationFilterChainDecorator.java:227)
	at org.springframework.security.web.ObservationFilterChainDecorator$VirtualFilterChain.doFilter(ObservationFilterChainDecorator.java:137)
	at org.springframework.security.web.authentication.www.BasicAuthenticationFilter.doFilterInternal(BasicAuthenticationFilter.java:181)
	at org.springframework.web.filter.OncePerRequestFilter.doFilter(OncePerRequestFilter.java:116)
	at org.springframework.security.web.ObservationFilterChainDecorator$ObservationFilter.wrapFilter(ObservationFilterChainDecorator.java:240)
	at org.springframework.security.web.ObservationFilterChainDecorator$ObservationFilter.doFilter(ObservationFilterChainDecorator.java:227)
	at org.springframework.security.web.ObservationFilterChainDecorator$VirtualFilterChain.doFilter(ObservationFilterChainDecorator.java:137)
	at org.springframework.security.web.authentication.ui.DefaultLogoutPageGeneratingFilter.doFilterInternal(DefaultLogoutPageGeneratingFilter.java:58)
	at org.springframework.web.filter.OncePerRequestFilter.doFilter(OncePerRequestFilter.java:116)
	at org.springframework.security.web.ObservationFilterChainDecorator$ObservationFilter.wrapFilter(ObservationFilterChainDecorator.java:240)
	at org.springframework.security.web.ObservationFilterChainDecorator$ObservationFilter.doFilter(ObservationFilterChainDecorator.java:227)
	at org.springframework.security.web.ObservationFilterChainDecorator$VirtualFilterChain.doFilter(ObservationFilterChainDecorator.java:137)
	at org.springframework.security.web.authentication.ui.DefaultLoginPageGeneratingFilter.doFilter(DefaultLoginPageGeneratingFilter.java:189)
	at org.springframework.security.web.authentication.ui.DefaultLoginPageGeneratingFilter.doFilter(DefaultLoginPageGeneratingFilter.java:175)
	at org.springframework.security.web.ObservationFilterChainDecorator$ObservationFilter.wrapFilter(ObservationFilterChainDecorator.java:240)
	at org.springframework.security.web.ObservationFilterChainDecorator$ObservationFilter.doFilter(ObservationFilterChainDecorator.java:227)
	at org.springframework.security.web.ObservationFilterChainDecorator$VirtualFilterChain.doFilter(ObservationFilterChainDecorator.java:137)
	at org.springframework.security.web.authentication.AbstractAuthenticationProcessingFilter.doFilter(AbstractAuthenticationProcessingFilter.java:227)
	at org.springframework.security.web.authentication.AbstractAuthenticationProcessingFilter.doFilter(AbstractAuthenticationProcessingFilter.java:221)
	at org.springframework.security.web.ObservationFilterChainDecorator$ObservationFilter.wrapFilter(ObservationFilterChainDecorator.java:240)
	at org.springframework.security.web.ObservationFilterChainDecorator$ObservationFilter.doFilter(ObservationFilterChainDecorator.java:227)
	at org.springframework.security.web.ObservationFilterChainDecorator$VirtualFilterChain.doFilter(ObservationFilterChainDecorator.java:137)
	at org.springframework.security.web.authentication.logout.LogoutFilter.doFilter(LogoutFilter.java:107)
	at org.springframework.security.web.authentication.logout.LogoutFilter.doFilter(LogoutFilter.java:93)
	at org.springframework.security.web.ObservationFilterChainDecorator$ObservationFilter.wrapFilter(ObservationFilterChainDecorator.java:240)
	at org.springframework.security.web.ObservationFilterChainDecorator$ObservationFilter.doFilter(ObservationFilterChainDecorator.java:227)
	at org.springframework.security.web.ObservationFilterChainDecorator$VirtualFilterChain.doFilter(ObservationFilterChainDecorator.java:137)
	at org.springframework.security.web.csrf.CsrfFilter.doFilterInternal(CsrfFilter.java:117)
	at org.springframework.web.filter.OncePerRequestFilter.doFilter(OncePerRequestFilter.java:116)
	at org.springframework.security.web.ObservationFilterChainDecorator$ObservationFilter.wrapFilter(ObservationFilterChainDecorator.java:240)
	at org.springframework.security.web.ObservationFilterChainDecorator$ObservationFilter.doFilter(ObservationFilterChainDecorator.java:227)
	at org.springframework.security.web.ObservationFilterChainDecorator$VirtualFilterChain.doFilter(ObservationFilterChainDecorator.java:137)
	at org.springframework.web.filter.CorsFilter.doFilterInternal(CorsFilter.java:91)
	at org.springframework.web.filter.OncePerRequestFilter.doFilter(OncePerRequestFilter.java:116)
	at org.springframework.security.web.ObservationFilterChainDecorator$ObservationFilter.wrapFilter(ObservationFilterChainDecorator.java:240)
	at org.springframework.security.web.ObservationFilterChainDecorator$ObservationFilter.doFilter(ObservationFilterChainDecorator.java:227)
	at org.springframework.security.web.ObservationFilterChainDecorator$VirtualFilterChain.doFilter(ObservationFilterChainDecorator.java:137)
	at org.springframework.security.web.header.HeaderWriterFilter.doHeadersAfter(HeaderWriterFilter.java:90)
	at org.springframework.security.web.header.HeaderWriterFilter.doFilterInternal(HeaderWriterFilter.java:75)
	at org.springframework.web.filter.OncePerRequestFilter.doFilter(OncePerRequestFilter.java:116)
	at org.springframework.security.web.ObservationFilterChainDecorator$ObservationFilter.wrapFilter(ObservationFilterChainDecorator.java:240)
	at org.springframework.security.web.ObservationFilterChainDecorator$ObservationFilter.doFilter(ObservationFilterChainDecorator.java:227)
	at org.springframework.security.web.ObservationFilterChainDecorator$VirtualFilterChain.doFilter(ObservationFilterChainDecorator.java:137)
	at org.springframework.security.web.context.SecurityContextHolderFilter.doFilter(SecurityContextHolderFilter.java:82)
	at org.springframework.security.web.context.SecurityContextHolderFilter.doFilter(SecurityContextHolderFilter.java:69)
	at org.springframework.security.web.ObservationFilterChainDecorator$ObservationFilter.wrapFilter(ObservationFilterChainDecorator.java:240)
	at org.springframework.security.web.ObservationFilterChainDecorator$ObservationFilter.doFilter(ObservationFilterChainDecorator.java:227)
	at org.springframework.security.web.ObservationFilterChainDecorator$VirtualFilterChain.doFilter(ObservationFilterChainDecorator.java:137)
	at org.springframework.security.web.context.request.async.WebAsyncManagerIntegrationFilter.doFilterInternal(WebAsyncManagerIntegrationFilter.java:62)
	at org.springframework.web.filter.OncePerRequestFilter.doFilter(OncePerRequestFilter.java:116)
	at org.springframework.security.web.ObservationFilterChainDecorator$ObservationFilter.wrapFilter(ObservationFilterChainDecorator.java:240)
	at org.springframework.security.web.ObservationFilterChainDecorator$ObservationFilter.doFilter(ObservationFilterChainDecorator.java:227)
	at org.springframework.security.web.ObservationFilterChainDecorator$VirtualFilterChain.doFilter(ObservationFilterChainDecorator.java:137)
	at org.springframework.security.web.session.DisableEncodeUrlFilter.doFilterInternal(DisableEncodeUrlFilter.java:42)
	at org.springframework.web.filter.OncePerRequestFilter.doFilter(OncePerRequestFilter.java:116)
	at org.springframework.security.web.ObservationFilterChainDecorator$ObservationFilter.wrapFilter(ObservationFilterChainDecorator.java:240)
	at org.springframework.security.web.ObservationFilterChainDecorator$AroundFilterObservation$SimpleAroundFilterObservation.lambda$wrap$0(ObservationFilterChainDecorator.java:323)
	at org.springframework.security.web.ObservationFilterChainDecorator$ObservationFilter.doFilter(ObservationFilterChainDecorator.java:224)
	at org.springframework.security.web.ObservationFilterChainDecorator$VirtualFilterChain.doFilter(ObservationFilterChainDecorator.java:137)
	at org.springframework.security.web.FilterChainProxy.doFilterInternal(FilterChainProxy.java:233)
	at org.springframework.security.web.FilterChainProxy.doFilter(FilterChainProxy.java:191)
	at org.springframework.web.filter.CompositeFilter$VirtualFilterChain.doFilter(CompositeFilter.java:113)
	at org.springframework.web.servlet.handler.HandlerMappingIntrospector.lambda$createCacheFilter$3(HandlerMappingIntrospector.java:195)
	at org.springframework.web.filter.CompositeFilter$VirtualFilterChain.doFilter(CompositeFilter.java:113)
	at org.springframework.web.filter.CompositeFilter.doFilter(CompositeFilter.java:74)
	at org.springframework.security.config.annotation.web.configuration.WebMvcSecurityConfiguration$CompositeFilterChainProxy.doFilter(WebMvcSecurityConfiguration.java:230)
	at org.springframework.web.filter.DelegatingFilterProxy.invokeDelegate(DelegatingFilterProxy.java:352)
	at org.springframework.web.filter.DelegatingFilterProxy.doFilter(DelegatingFilterProxy.java:268)
	at org.apache.catalina.core.ApplicationFilterChain.internalDoFilter(ApplicationFilterChain.java:174)
	at org.apache.catalina.core.ApplicationFilterChain.doFilter(ApplicationFilterChain.java:149)
	at org.springframework.web.filter.RequestContextFilter.doFilterInternal(RequestContextFilter.java:100)
	at org.springframework.web.filter.OncePerRequestFilter.doFilter(OncePerRequestFilter.java:116)
	at org.apache.catalina.core.ApplicationFilterChain.internalDoFilter(ApplicationFilterChain.java:174)
	at org.apache.catalina.core.ApplicationFilterChain.doFilter(ApplicationFilterChain.java:149)
	at org.springframework.web.filter.FormContentFilter.doFilterInternal(FormContentFilter.java:93)
	at org.springframework.web.filter.OncePerRequestFilter.doFilter(OncePerRequestFilter.java:116)
	at org.apache.catalina.core.ApplicationFilterChain.internalDoFilter(ApplicationFilterChain.java:174)
	at org.apache.catalina.core.ApplicationFilterChain.doFilter(ApplicationFilterChain.java:149)
	at org.springframework.web.filter.ServerHttpObservationFilter.doFilterInternal(ServerHttpObservationFilter.java:109)
	at org.springframework.web.filter.OncePerRequestFilter.doFilter(OncePerRequestFilter.java:116)
	at org.apache.catalina.core.ApplicationFilterChain.internalDoFilter(ApplicationFilterChain.java:174)
	at org.apache.catalina.core.ApplicationFilterChain.doFilter(ApplicationFilterChain.java:149)
	at org.springframework.web.filter.CharacterEncodingFilter.doFilterInternal(CharacterEncodingFilter.java:201)
	at org.springframework.web.filter.OncePerRequestFilter.doFilter(OncePerRequestFilter.java:116)
	at org.apache.catalina.core.ApplicationFilterChain.internalDoFilter(ApplicationFilterChain.java:174)
	at org.apache.catalina.core.ApplicationFilterChain.doFilter(ApplicationFilterChain.java:149)
	at org.apache.catalina.core.StandardWrapperValve.invoke(StandardWrapperValve.java:167)
	at org.apache.catalina.core.StandardContextValve.invoke(StandardContextValve.java:90)
	at org.apache.catalina.authenticator.AuthenticatorBase.invoke(AuthenticatorBase.java:482)
	at org.apache.catalina.core.StandardHostValve.invoke(StandardHostValve.java:115)
	at org.apache.catalina.valves.ErrorReportValve.invoke(ErrorReportValve.java:93)
	at org.apache.catalina.core.StandardEngineValve.invoke(StandardEngineValve.java:74)
	at org.apache.catalina.connector.CoyoteAdapter.service(CoyoteAdapter.java:344)
	at org.apache.coyote.http11.Http11Processor.service(Http11Processor.java:391)
	at org.apache.coyote.AbstractProcessorLight.process(AbstractProcessorLight.java:63)
	at org.apache.coyote.AbstractProtocol$ConnectionHandler.process(AbstractProtocol.java:896)
	at org.apache.tomcat.util.net.NioEndpoint$SocketProcessor.doRun(NioEndpoint.java:1744)
	at org.apache.tomcat.util.net.SocketProcessorBase.run(SocketProcessorBase.java:52)
	at org.apache.tomcat.util.threads.ThreadPoolExecutor.runWorker(ThreadPoolExecutor.java:1191)
	at org.apache.tomcat.util.threads.ThreadPoolExecutor$Worker.run(ThreadPoolExecutor.java:659)
	at org.apache.tomcat.util.threads.TaskThread$WrappingRunnable.run(TaskThread.java:63)
	at java.base/java.lang.Thread.run(Thread.java:1583)
2025-03-08 14:23:01.024 [http-nio-8083-exec-1] WARN  o.s.b.a.j.DataSourceHealthIndicator - DataSource health check failed
org.springframework.jdbc.CannotGetJdbcConnectionException: Failed to obtain JDBC Connection
	at org.springframework.jdbc.datasource.DataSourceUtils.getConnection(DataSourceUtils.java:84)
	at org.springframework.jdbc.core.JdbcTemplate.execute(JdbcTemplate.java:342)
	at org.springframework.boot.actuate.jdbc.DataSourceHealthIndicator.getProduct(DataSourceHealthIndicator.java:122)
	at org.springframework.boot.actuate.jdbc.DataSourceHealthIndicator.doDataSourceHealthCheck(DataSourceHealthIndicator.java:105)
	at org.springframework.boot.actuate.jdbc.DataSourceHealthIndicator.doHealthCheck(DataSourceHealthIndicator.java:100)
	at org.springframework.boot.actuate.health.AbstractHealthIndicator.health(AbstractHealthIndicator.java:82)
	at org.springframework.boot.actuate.health.HealthIndicator.getHealth(HealthIndicator.java:37)
	at org.springframework.boot.actuate.health.HealthEndpointWebExtension.getHealth(HealthEndpointWebExtension.java:94)
	at org.springframework.boot.actuate.health.HealthEndpointWebExtension.getHealth(HealthEndpointWebExtension.java:47)
	at org.springframework.boot.actuate.health.HealthEndpointSupport.getLoggedHealth(HealthEndpointSupport.java:172)
	at org.springframework.boot.actuate.health.HealthEndpointSupport.getContribution(HealthEndpointSupport.java:145)
	at org.springframework.boot.actuate.health.HealthEndpointSupport.getAggregateContribution(HealthEndpointSupport.java:156)
	at org.springframework.boot.actuate.health.HealthEndpointSupport.getContribution(HealthEndpointSupport.java:141)
	at org.springframework.boot.actuate.health.HealthEndpointSupport.getHealth(HealthEndpointSupport.java:110)
	at org.springframework.boot.actuate.health.HealthEndpointSupport.getHealth(HealthEndpointSupport.java:81)
	at org.springframework.boot.actuate.health.HealthEndpointWebExtension.health(HealthEndpointWebExtension.java:80)
	at org.springframework.boot.actuate.health.HealthEndpointWebExtension.health(HealthEndpointWebExtension.java:69)
	at java.base/jdk.internal.reflect.DirectMethodHandleAccessor.invoke(DirectMethodHandleAccessor.java:103)
	at java.base/java.lang.reflect.Method.invoke(Method.java:580)
	at org.springframework.util.ReflectionUtils.invokeMethod(ReflectionUtils.java:281)
	at org.springframework.boot.actuate.endpoint.invoke.reflect.ReflectiveOperationInvoker.invoke(ReflectiveOperationInvoker.java:74)
	at org.springframework.boot.actuate.endpoint.annotation.AbstractDiscoveredOperation.invoke(AbstractDiscoveredOperation.java:60)
	at org.springframework.boot.actuate.endpoint.web.servlet.AbstractWebMvcEndpointHandlerMapping$ServletWebOperationAdapter.handle(AbstractWebMvcEndpointHandlerMapping.java:327)
	at org.springframework.boot.actuate.endpoint.web.servlet.AbstractWebMvcEndpointHandlerMapping$OperationHandler.handle(AbstractWebMvcEndpointHandlerMapping.java:434)
	at java.base/jdk.internal.reflect.DirectMethodHandleAccessor.invoke(DirectMethodHandleAccessor.java:103)
	at java.base/java.lang.reflect.Method.invoke(Method.java:580)
	at org.springframework.web.method.support.InvocableHandlerMethod.doInvoke(InvocableHandlerMethod.java:259)
	at org.springframework.web.method.support.InvocableHandlerMethod.invokeForRequest(InvocableHandlerMethod.java:192)
	at org.springframework.web.servlet.mvc.method.annotation.ServletInvocableHandlerMethod.invokeAndHandle(ServletInvocableHandlerMethod.java:118)
	at org.springframework.web.servlet.mvc.method.annotation.RequestMappingHandlerAdapter.invokeHandlerMethod(RequestMappingHandlerAdapter.java:920)
	at org.springframework.web.servlet.mvc.method.annotation.RequestMappingHandlerAdapter.handleInternal(RequestMappingHandlerAdapter.java:830)
	at org.springframework.web.servlet.mvc.method.AbstractHandlerMethodAdapter.handle(AbstractHandlerMethodAdapter.java:87)
	at org.springframework.web.servlet.DispatcherServlet.doDispatch(DispatcherServlet.java:1089)
	at org.springframework.web.servlet.DispatcherServlet.doService(DispatcherServlet.java:979)
	at org.springframework.web.servlet.FrameworkServlet.processRequest(FrameworkServlet.java:1014)
	at org.springframework.web.servlet.FrameworkServlet.doGet(FrameworkServlet.java:903)
	at jakarta.servlet.http.HttpServlet.service(HttpServlet.java:564)
	at org.springframework.web.servlet.FrameworkServlet.service(FrameworkServlet.java:885)
	at jakarta.servlet.http.HttpServlet.service(HttpServlet.java:658)
	at org.apache.catalina.core.ApplicationFilterChain.internalDoFilter(ApplicationFilterChain.java:205)
	at org.apache.catalina.core.ApplicationFilterChain.doFilter(ApplicationFilterChain.java:149)
	at org.apache.tomcat.websocket.server.WsFilter.doFilter(WsFilter.java:51)
	at org.apache.catalina.core.ApplicationFilterChain.internalDoFilter(ApplicationFilterChain.java:174)
	at org.apache.catalina.core.ApplicationFilterChain.doFilter(ApplicationFilterChain.java:149)
	at org.springframework.web.filter.CompositeFilter$VirtualFilterChain.doFilter(CompositeFilter.java:108)
	at org.springframework.security.web.FilterChainProxy.lambda$doFilterInternal$3(FilterChainProxy.java:231)
	at org.springframework.security.web.ObservationFilterChainDecorator$FilterObservation$SimpleFilterObservation.lambda$wrap$1(ObservationFilterChainDecorator.java:479)
	at org.springframework.security.web.ObservationFilterChainDecorator$AroundFilterObservation$SimpleAroundFilterObservation.lambda$wrap$1(ObservationFilterChainDecorator.java:340)
	at org.springframework.security.web.ObservationFilterChainDecorator.lambda$wrapSecured$0(ObservationFilterChainDecorator.java:82)
	at org.springframework.security.web.ObservationFilterChainDecorator$VirtualFilterChain.doFilter(ObservationFilterChainDecorator.java:128)
	at org.springframework.security.web.access.intercept.AuthorizationFilter.doFilter(AuthorizationFilter.java:100)
	at org.springframework.security.web.ObservationFilterChainDecorator$ObservationFilter.wrapFilter(ObservationFilterChainDecorator.java:240)
	at org.springframework.security.web.ObservationFilterChainDecorator$ObservationFilter.doFilter(ObservationFilterChainDecorator.java:227)
	at org.springframework.security.web.ObservationFilterChainDecorator$VirtualFilterChain.doFilter(ObservationFilterChainDecorator.java:137)
	at org.springframework.security.web.access.ExceptionTranslationFilter.doFilter(ExceptionTranslationFilter.java:126)
	at org.springframework.security.web.access.ExceptionTranslationFilter.doFilter(ExceptionTranslationFilter.java:120)
	at org.springframework.security.web.ObservationFilterChainDecorator$ObservationFilter.wrapFilter(ObservationFilterChainDecorator.java:240)
	at org.springframework.security.web.ObservationFilterChainDecorator$ObservationFilter.doFilter(ObservationFilterChainDecorator.java:227)
	at org.springframework.security.web.ObservationFilterChainDecorator$VirtualFilterChain.doFilter(ObservationFilterChainDecorator.java:137)
	at org.springframework.security.web.authentication.AnonymousAuthenticationFilter.doFilter(AnonymousAuthenticationFilter.java:100)
	at org.springframework.security.web.ObservationFilterChainDecorator$ObservationFilter.wrapFilter(ObservationFilterChainDecorator.java:240)
	at org.springframework.security.web.ObservationFilterChainDecorator$ObservationFilter.doFilter(ObservationFilterChainDecorator.java:227)
	at org.springframework.security.web.ObservationFilterChainDecorator$VirtualFilterChain.doFilter(ObservationFilterChainDecorator.java:137)
	at org.springframework.security.web.servletapi.SecurityContextHolderAwareRequestFilter.doFilter(SecurityContextHolderAwareRequestFilter.java:179)
	at org.springframework.security.web.ObservationFilterChainDecorator$ObservationFilter.wrapFilter(ObservationFilterChainDecorator.java:240)
	at org.springframework.security.web.ObservationFilterChainDecorator$ObservationFilter.doFilter(ObservationFilterChainDecorator.java:227)
	at org.springframework.security.web.ObservationFilterChainDecorator$VirtualFilterChain.doFilter(ObservationFilterChainDecorator.java:137)
	at org.springframework.security.web.savedrequest.RequestCacheAwareFilter.doFilter(RequestCacheAwareFilter.java:63)
	at org.springframework.security.web.ObservationFilterChainDecorator$ObservationFilter.wrapFilter(ObservationFilterChainDecorator.java:240)
	at org.springframework.security.web.ObservationFilterChainDecorator$ObservationFilter.doFilter(ObservationFilterChainDecorator.java:227)
	at org.springframework.security.web.ObservationFilterChainDecorator$VirtualFilterChain.doFilter(ObservationFilterChainDecorator.java:137)
	at org.springframework.security.web.authentication.www.BasicAuthenticationFilter.doFilterInternal(BasicAuthenticationFilter.java:181)
	at org.springframework.web.filter.OncePerRequestFilter.doFilter(OncePerRequestFilter.java:116)
	at org.springframework.security.web.ObservationFilterChainDecorator$ObservationFilter.wrapFilter(ObservationFilterChainDecorator.java:240)
	at org.springframework.security.web.ObservationFilterChainDecorator$ObservationFilter.doFilter(ObservationFilterChainDecorator.java:227)
	at org.springframework.security.web.ObservationFilterChainDecorator$VirtualFilterChain.doFilter(ObservationFilterChainDecorator.java:137)
	at org.springframework.security.web.authentication.ui.DefaultLogoutPageGeneratingFilter.doFilterInternal(DefaultLogoutPageGeneratingFilter.java:58)
	at org.springframework.web.filter.OncePerRequestFilter.doFilter(OncePerRequestFilter.java:116)
	at org.springframework.security.web.ObservationFilterChainDecorator$ObservationFilter.wrapFilter(ObservationFilterChainDecorator.java:240)
	at org.springframework.security.web.ObservationFilterChainDecorator$ObservationFilter.doFilter(ObservationFilterChainDecorator.java:227)
	at org.springframework.security.web.ObservationFilterChainDecorator$VirtualFilterChain.doFilter(ObservationFilterChainDecorator.java:137)
	at org.springframework.security.web.authentication.ui.DefaultLoginPageGeneratingFilter.doFilter(DefaultLoginPageGeneratingFilter.java:189)
	at org.springframework.security.web.authentication.ui.DefaultLoginPageGeneratingFilter.doFilter(DefaultLoginPageGeneratingFilter.java:175)
	at org.springframework.security.web.ObservationFilterChainDecorator$ObservationFilter.wrapFilter(ObservationFilterChainDecorator.java:240)
	at org.springframework.security.web.ObservationFilterChainDecorator$ObservationFilter.doFilter(ObservationFilterChainDecorator.java:227)
	at org.springframework.security.web.ObservationFilterChainDecorator$VirtualFilterChain.doFilter(ObservationFilterChainDecorator.java:137)
	at org.springframework.security.web.authentication.AbstractAuthenticationProcessingFilter.doFilter(AbstractAuthenticationProcessingFilter.java:227)
	at org.springframework.security.web.authentication.AbstractAuthenticationProcessingFilter.doFilter(AbstractAuthenticationProcessingFilter.java:221)
	at org.springframework.security.web.ObservationFilterChainDecorator$ObservationFilter.wrapFilter(ObservationFilterChainDecorator.java:240)
	at org.springframework.security.web.ObservationFilterChainDecorator$ObservationFilter.doFilter(ObservationFilterChainDecorator.java:227)
	at org.springframework.security.web.ObservationFilterChainDecorator$VirtualFilterChain.doFilter(ObservationFilterChainDecorator.java:137)
	at org.springframework.security.web.authentication.logout.LogoutFilter.doFilter(LogoutFilter.java:107)
	at org.springframework.security.web.authentication.logout.LogoutFilter.doFilter(LogoutFilter.java:93)
	at org.springframework.security.web.ObservationFilterChainDecorator$ObservationFilter.wrapFilter(ObservationFilterChainDecorator.java:240)
	at org.springframework.security.web.ObservationFilterChainDecorator$ObservationFilter.doFilter(ObservationFilterChainDecorator.java:227)
	at org.springframework.security.web.ObservationFilterChainDecorator$VirtualFilterChain.doFilter(ObservationFilterChainDecorator.java:137)
	at org.springframework.security.web.csrf.CsrfFilter.doFilterInternal(CsrfFilter.java:117)
	at org.springframework.web.filter.OncePerRequestFilter.doFilter(OncePerRequestFilter.java:116)
	at org.springframework.security.web.ObservationFilterChainDecorator$ObservationFilter.wrapFilter(ObservationFilterChainDecorator.java:240)
	at org.springframework.security.web.ObservationFilterChainDecorator$ObservationFilter.doFilter(ObservationFilterChainDecorator.java:227)
	at org.springframework.security.web.ObservationFilterChainDecorator$VirtualFilterChain.doFilter(ObservationFilterChainDecorator.java:137)
	at org.springframework.web.filter.CorsFilter.doFilterInternal(CorsFilter.java:91)
	at org.springframework.web.filter.OncePerRequestFilter.doFilter(OncePerRequestFilter.java:116)
	at org.springframework.security.web.ObservationFilterChainDecorator$ObservationFilter.wrapFilter(ObservationFilterChainDecorator.java:240)
	at org.springframework.security.web.ObservationFilterChainDecorator$ObservationFilter.doFilter(ObservationFilterChainDecorator.java:227)
	at org.springframework.security.web.ObservationFilterChainDecorator$VirtualFilterChain.doFilter(ObservationFilterChainDecorator.java:137)
	at org.springframework.security.web.header.HeaderWriterFilter.doHeadersAfter(HeaderWriterFilter.java:90)
	at org.springframework.security.web.header.HeaderWriterFilter.doFilterInternal(HeaderWriterFilter.java:75)
	at org.springframework.web.filter.OncePerRequestFilter.doFilter(OncePerRequestFilter.java:116)
	at org.springframework.security.web.ObservationFilterChainDecorator$ObservationFilter.wrapFilter(ObservationFilterChainDecorator.java:240)
	at org.springframework.security.web.ObservationFilterChainDecorator$ObservationFilter.doFilter(ObservationFilterChainDecorator.java:227)
	at org.springframework.security.web.ObservationFilterChainDecorator$VirtualFilterChain.doFilter(ObservationFilterChainDecorator.java:137)
	at org.springframework.security.web.context.SecurityContextHolderFilter.doFilter(SecurityContextHolderFilter.java:82)
	at org.springframework.security.web.context.SecurityContextHolderFilter.doFilter(SecurityContextHolderFilter.java:69)
	at org.springframework.security.web.ObservationFilterChainDecorator$ObservationFilter.wrapFilter(ObservationFilterChainDecorator.java:240)
	at org.springframework.security.web.ObservationFilterChainDecorator$ObservationFilter.doFilter(ObservationFilterChainDecorator.java:227)
	at org.springframework.security.web.ObservationFilterChainDecorator$VirtualFilterChain.doFilter(ObservationFilterChainDecorator.java:137)
	at org.springframework.security.web.context.request.async.WebAsyncManagerIntegrationFilter.doFilterInternal(WebAsyncManagerIntegrationFilter.java:62)
	at org.springframework.web.filter.OncePerRequestFilter.doFilter(OncePerRequestFilter.java:116)
	at org.springframework.security.web.ObservationFilterChainDecorator$ObservationFilter.wrapFilter(ObservationFilterChainDecorator.java:240)
	at org.springframework.security.web.ObservationFilterChainDecorator$ObservationFilter.doFilter(ObservationFilterChainDecorator.java:227)
	at org.springframework.security.web.ObservationFilterChainDecorator$VirtualFilterChain.doFilter(ObservationFilterChainDecorator.java:137)
	at org.springframework.security.web.session.DisableEncodeUrlFilter.doFilterInternal(DisableEncodeUrlFilter.java:42)
	at org.springframework.web.filter.OncePerRequestFilter.doFilter(OncePerRequestFilter.java:116)
	at org.springframework.security.web.ObservationFilterChainDecorator$ObservationFilter.wrapFilter(ObservationFilterChainDecorator.java:240)
	at org.springframework.security.web.ObservationFilterChainDecorator$AroundFilterObservation$SimpleAroundFilterObservation.lambda$wrap$0(ObservationFilterChainDecorator.java:323)
	at org.springframework.security.web.ObservationFilterChainDecorator$ObservationFilter.doFilter(ObservationFilterChainDecorator.java:224)
	at org.springframework.security.web.ObservationFilterChainDecorator$VirtualFilterChain.doFilter(ObservationFilterChainDecorator.java:137)
	at org.springframework.security.web.FilterChainProxy.doFilterInternal(FilterChainProxy.java:233)
	at org.springframework.security.web.FilterChainProxy.doFilter(FilterChainProxy.java:191)
	at org.springframework.web.filter.CompositeFilter$VirtualFilterChain.doFilter(CompositeFilter.java:113)
	at org.springframework.web.servlet.handler.HandlerMappingIntrospector.lambda$createCacheFilter$3(HandlerMappingIntrospector.java:195)
	at org.springframework.web.filter.CompositeFilter$VirtualFilterChain.doFilter(CompositeFilter.java:113)
	at org.springframework.web.filter.CompositeFilter.doFilter(CompositeFilter.java:74)
	at org.springframework.security.config.annotation.web.configuration.WebMvcSecurityConfiguration$CompositeFilterChainProxy.doFilter(WebMvcSecurityConfiguration.java:230)
	at org.springframework.web.filter.DelegatingFilterProxy.invokeDelegate(DelegatingFilterProxy.java:352)
	at org.springframework.web.filter.DelegatingFilterProxy.doFilter(DelegatingFilterProxy.java:268)
	at org.apache.catalina.core.ApplicationFilterChain.internalDoFilter(ApplicationFilterChain.java:174)
	at org.apache.catalina.core.ApplicationFilterChain.doFilter(ApplicationFilterChain.java:149)
	at org.springframework.web.filter.RequestContextFilter.doFilterInternal(RequestContextFilter.java:100)
	at org.springframework.web.filter.OncePerRequestFilter.doFilter(OncePerRequestFilter.java:116)
	at org.apache.catalina.core.ApplicationFilterChain.internalDoFilter(ApplicationFilterChain.java:174)
	at org.apache.catalina.core.ApplicationFilterChain.doFilter(ApplicationFilterChain.java:149)
	at org.springframework.web.filter.FormContentFilter.doFilterInternal(FormContentFilter.java:93)
	at org.springframework.web.filter.OncePerRequestFilter.doFilter(OncePerRequestFilter.java:116)
	at org.apache.catalina.core.ApplicationFilterChain.internalDoFilter(ApplicationFilterChain.java:174)
	at org.apache.catalina.core.ApplicationFilterChain.doFilter(ApplicationFilterChain.java:149)
	at org.springframework.web.filter.ServerHttpObservationFilter.doFilterInternal(ServerHttpObservationFilter.java:109)
	at org.springframework.web.filter.OncePerRequestFilter.doFilter(OncePerRequestFilter.java:116)
	at org.apache.catalina.core.ApplicationFilterChain.internalDoFilter(ApplicationFilterChain.java:174)
	at org.apache.catalina.core.ApplicationFilterChain.doFilter(ApplicationFilterChain.java:149)
	at org.springframework.web.filter.CharacterEncodingFilter.doFilterInternal(CharacterEncodingFilter.java:201)
	at org.springframework.web.filter.OncePerRequestFilter.doFilter(OncePerRequestFilter.java:116)
	at org.apache.catalina.core.ApplicationFilterChain.internalDoFilter(ApplicationFilterChain.java:174)
	at org.apache.catalina.core.ApplicationFilterChain.doFilter(ApplicationFilterChain.java:149)
	at org.apache.catalina.core.StandardWrapperValve.invoke(StandardWrapperValve.java:167)
	at org.apache.catalina.core.StandardContextValve.invoke(StandardContextValve.java:90)
	at org.apache.catalina.authenticator.AuthenticatorBase.invoke(AuthenticatorBase.java:482)
	at org.apache.catalina.core.StandardHostValve.invoke(StandardHostValve.java:115)
	at org.apache.catalina.valves.ErrorReportValve.invoke(ErrorReportValve.java:93)
	at org.apache.catalina.core.StandardEngineValve.invoke(StandardEngineValve.java:74)
	at org.apache.catalina.connector.CoyoteAdapter.service(CoyoteAdapter.java:344)
	at org.apache.coyote.http11.Http11Processor.service(Http11Processor.java:391)
	at org.apache.coyote.AbstractProcessorLight.process(AbstractProcessorLight.java:63)
	at org.apache.coyote.AbstractProtocol$ConnectionHandler.process(AbstractProtocol.java:896)
	at org.apache.tomcat.util.net.NioEndpoint$SocketProcessor.doRun(NioEndpoint.java:1744)
	at org.apache.tomcat.util.net.SocketProcessorBase.run(SocketProcessorBase.java:52)
	at org.apache.tomcat.util.threads.ThreadPoolExecutor.runWorker(ThreadPoolExecutor.java:1191)
	at org.apache.tomcat.util.threads.ThreadPoolExecutor$Worker.run(ThreadPoolExecutor.java:659)
	at org.apache.tomcat.util.threads.TaskThread$WrappingRunnable.run(TaskThread.java:63)
	at java.base/java.lang.Thread.run(Thread.java:1583)
Caused by: org.h2.jdbc.JdbcSQLInvalidAuthorizationSpecException: Wrong user name or password [28000-224]
	at org.h2.message.DbException.getJdbcSQLException(DbException.java:522)
	at org.h2.message.DbException.getJdbcSQLException(DbException.java:489)
	at org.h2.message.DbException.get(DbException.java:223)
	at org.h2.message.DbException.get(DbException.java:199)
	at org.h2.message.DbException.get(DbException.java:188)
	at org.h2.engine.Engine.validateUserAndPassword(Engine.java:396)
	at org.h2.engine.Engine.createSession(Engine.java:206)
	at org.h2.engine.SessionRemote.connectEmbeddedOrServer(SessionRemote.java:343)
	at org.h2.jdbc.JdbcConnection.<init>(JdbcConnection.java:125)
	at org.h2.Driver.connect(Driver.java:59)
	at com.zaxxer.hikari.util.DriverDataSource.getConnection(DriverDataSource.java:138)
	at com.zaxxer.hikari.pool.PoolBase.newConnection(PoolBase.java:359)
	at com.zaxxer.hikari.pool.PoolBase.newPoolEntry(PoolBase.java:201)
	at com.zaxxer.hikari.pool.HikariPool.createPoolEntry(HikariPool.java:470)
	at com.zaxxer.hikari.pool.HikariPool.checkFailFast(HikariPool.java:561)
	at com.zaxxer.hikari.pool.HikariPool.<init>(HikariPool.java:100)
	at com.zaxxer.hikari.HikariDataSource.getConnection(HikariDataSource.java:112)
	at org.springframework.jdbc.datasource.DataSourceUtils.fetchConnection(DataSourceUtils.java:160)
	at org.springframework.jdbc.datasource.DataSourceUtils.doGetConnection(DataSourceUtils.java:118)
	at org.springframework.jdbc.datasource.DataSourceUtils.getConnection(DataSourceUtils.java:81)
	... 170 common frames omitted
2025-03-08 14:23:01.029 [http-nio-8083-exec-1] DEBUG o.s.w.s.m.m.a.HttpEntityMethodProcessor - Using 'application/vnd.spring-boot.actuator.v3+json', given [*/*] and supported [application/vnd.spring-boot.actuator.v3+json, application/vnd.spring-boot.actuator.v2+json, application/json]
2025-03-08 14:23:01.056 [http-nio-8083-exec-1] DEBUG o.s.w.s.m.m.a.HttpEntityMethodProcessor - Writing [org.springframework.boot.actuate.health.SystemHealth@10c323c2]
2025-03-08 14:23:01.073 [http-nio-8083-exec-1] DEBUG o.s.web.servlet.DispatcherServlet - Completed 503 SERVICE_UNAVAILABLE
2025-03-08 14:23:01.074 [http-nio-8083-exec-1] DEBUG o.s.s.w.a.AnonymousAuthenticationFilter - Set SecurityContextHolder to anonymous SecurityContext
2025-03-08 14:23:58.033 [MessageBroker-1] INFO  o.s.w.s.c.WebSocketMessageBrokerStats - WebSocketSession[0 current WS(0)-HttpStream(0)-HttpPoll(0), 0 total, 0 closed abnormally (0 connect failure, 0 send limit, 0 transport error)], stompSubProtocol[processed CONNECT(0)-CONNECTED(0)-DISCONNECT(0)], stompBrokerRelay[null], inboundChannel[pool size = 0, active threads = 0, queued tasks = 0, completed tasks = 0], outboundChannel[pool size = 0, active threads = 0, queued tasks = 0, completed tasks = 0], sockJsScheduler[pool size = 1, active threads = 1, queued tasks = 0, completed tasks = 0]
2025-03-08 14:24:37.602 [main] INFO  com.chatapp.RealtimeChatApplication - Starting RealtimeChatApplication v0.0.1-SNAPSHOT using Java 21.0.6 with PID 23136 (D:\jetbrains\cursor\real-time-app\backend\target\realtime-chat-0.0.1-SNAPSHOT.jar started by lenovo in D:\jetbrains\cursor\real-time-app\backend)
2025-03-08 14:24:37.606 [main] INFO  com.chatapp.RealtimeChatApplication - The following 1 profile is active: "prod"
2025-03-08 14:24:38.543 [main] INFO  o.s.d.r.c.RepositoryConfigurationDelegate - Bootstrapping Spring Data JPA repositories in DEFAULT mode.
2025-03-08 14:24:38.560 [main] INFO  o.s.d.r.c.RepositoryConfigurationDelegate - Finished Spring Data repository scanning in 10 ms. Found 0 JPA repository interfaces.
2025-03-08 14:24:39.472 [main] INFO  o.s.b.w.e.tomcat.TomcatWebServer - Tomcat initialized with port 8083 (http)
2025-03-08 14:24:39.489 [main] INFO  o.a.coyote.http11.Http11NioProtocol - Initializing ProtocolHandler ["http-nio-8083"]
2025-03-08 14:24:39.493 [main] INFO  o.a.catalina.core.StandardService - Starting service [Tomcat]
2025-03-08 14:24:39.493 [main] INFO  o.a.catalina.core.StandardEngine - Starting Servlet engine: [Apache Tomcat/10.1.19]
2025-03-08 14:24:39.529 [main] INFO  o.a.c.c.C.[Tomcat].[localhost].[/] - Initializing Spring embedded WebApplicationContext
2025-03-08 14:24:39.530 [main] INFO  o.s.b.w.s.c.ServletWebServerApplicationContext - Root WebApplicationContext: initialization completed in 1855 ms
2025-03-08 14:24:39.836 [main] DEBUG o.s.w.f.ServerHttpObservationFilter - Filter 'webMvcObservationFilter' configured for use
2025-03-08 14:24:40.020 [main] INFO  o.h.jpa.internal.util.LogHelper - HHH000204: Processing PersistenceUnitInfo [name: default]
2025-03-08 14:24:40.133 [main] INFO  org.hibernate.Version - HHH000412: Hibernate ORM core version 6.4.4.Final
2025-03-08 14:24:40.173 [main] INFO  o.h.c.i.RegionFactoryInitiator - HHH000026: Second-level cache disabled
2025-03-08 14:24:40.329 [main] INFO  o.s.o.j.p.SpringPersistenceUnitInfo - No LoadTimeWeaver setup: ignoring JPA class transformer
2025-03-08 14:24:40.352 [main] INFO  com.zaxxer.hikari.HikariDataSource - HikariPool-1 - Starting...
2025-03-08 14:24:41.893 [main] ERROR com.zaxxer.hikari.pool.HikariPool - HikariPool-1 - Exception during pool initialization.
org.h2.jdbc.JdbcSQLInvalidAuthorizationSpecException: Wrong user name or password [28000-224]
	at org.h2.message.DbException.getJdbcSQLException(DbException.java:522)
	at org.h2.message.DbException.getJdbcSQLException(DbException.java:489)
	at org.h2.message.DbException.get(DbException.java:223)
	at org.h2.message.DbException.get(DbException.java:199)
	at org.h2.message.DbException.get(DbException.java:188)
	at org.h2.engine.Engine.validateUserAndPassword(Engine.java:396)
	at org.h2.engine.Engine.createSession(Engine.java:206)
	at org.h2.engine.SessionRemote.connectEmbeddedOrServer(SessionRemote.java:343)
	at org.h2.jdbc.JdbcConnection.<init>(JdbcConnection.java:125)
	at org.h2.Driver.connect(Driver.java:59)
	at com.zaxxer.hikari.util.DriverDataSource.getConnection(DriverDataSource.java:138)
	at com.zaxxer.hikari.pool.PoolBase.newConnection(PoolBase.java:359)
	at com.zaxxer.hikari.pool.PoolBase.newPoolEntry(PoolBase.java:201)
	at com.zaxxer.hikari.pool.HikariPool.createPoolEntry(HikariPool.java:470)
	at com.zaxxer.hikari.pool.HikariPool.checkFailFast(HikariPool.java:561)
	at com.zaxxer.hikari.pool.HikariPool.<init>(HikariPool.java:100)
	at com.zaxxer.hikari.HikariDataSource.getConnection(HikariDataSource.java:112)
	at org.hibernate.engine.jdbc.connections.internal.DatasourceConnectionProviderImpl.getConnection(DatasourceConnectionProviderImpl.java:122)
	at org.hibernate.engine.jdbc.env.internal.JdbcEnvironmentInitiator$ConnectionProviderJdbcConnectionAccess.obtainConnection(JdbcEnvironmentInitiator.java:428)
	at org.hibernate.resource.transaction.backend.jdbc.internal.JdbcIsolationDelegate.delegateWork(JdbcIsolationDelegate.java:61)
	at org.hibernate.engine.jdbc.env.internal.JdbcEnvironmentInitiator.getJdbcEnvironmentUsingJdbcMetadata(JdbcEnvironmentInitiator.java:276)
	at org.hibernate.engine.jdbc.env.internal.JdbcEnvironmentInitiator.initiateService(JdbcEnvironmentInitiator.java:107)
	at org.hibernate.engine.jdbc.env.internal.JdbcEnvironmentInitiator.initiateService(JdbcEnvironmentInitiator.java:68)
	at org.hibernate.boot.registry.internal.StandardServiceRegistryImpl.initiateService(StandardServiceRegistryImpl.java:130)
	at org.hibernate.service.internal.AbstractServiceRegistryImpl.createService(AbstractServiceRegistryImpl.java:263)
	at org.hibernate.service.internal.AbstractServiceRegistryImpl.initializeService(AbstractServiceRegistryImpl.java:238)
	at org.hibernate.service.internal.AbstractServiceRegistryImpl.getService(AbstractServiceRegistryImpl.java:215)
	at org.hibernate.boot.model.relational.Database.<init>(Database.java:45)
	at org.hibernate.boot.internal.InFlightMetadataCollectorImpl.getDatabase(InFlightMetadataCollectorImpl.java:223)
	at org.hibernate.boot.internal.InFlightMetadataCollectorImpl.<init>(InFlightMetadataCollectorImpl.java:191)
	at org.hibernate.boot.model.process.spi.MetadataBuildingProcess.complete(MetadataBuildingProcess.java:170)
	at org.hibernate.jpa.boot.internal.EntityManagerFactoryBuilderImpl.metadata(EntityManagerFactoryBuilderImpl.java:1432)
	at org.hibernate.jpa.boot.internal.EntityManagerFactoryBuilderImpl.build(EntityManagerFactoryBuilderImpl.java:1503)
	at org.springframework.orm.jpa.vendor.SpringHibernateJpaPersistenceProvider.createContainerEntityManagerFactory(SpringHibernateJpaPersistenceProvider.java:75)
	at org.springframework.orm.jpa.LocalContainerEntityManagerFactoryBean.createNativeEntityManagerFactory(LocalContainerEntityManagerFactoryBean.java:388)
	at org.springframework.orm.jpa.AbstractEntityManagerFactoryBean.buildNativeEntityManagerFactory(AbstractEntityManagerFactoryBean.java:409)
	at org.springframework.orm.jpa.AbstractEntityManagerFactoryBean.afterPropertiesSet(AbstractEntityManagerFactoryBean.java:396)
	at org.springframework.orm.jpa.LocalContainerEntityManagerFactoryBean.afterPropertiesSet(LocalContainerEntityManagerFactoryBean.java:364)
	at org.springframework.beans.factory.support.AbstractAutowireCapableBeanFactory.invokeInitMethods(AbstractAutowireCapableBeanFactory.java:1833)
	at org.springframework.beans.factory.support.AbstractAutowireCapableBeanFactory.initializeBean(AbstractAutowireCapableBeanFactory.java:1782)
	at org.springframework.beans.factory.support.AbstractAutowireCapableBeanFactory.doCreateBean(AbstractAutowireCapableBeanFactory.java:600)
	at org.springframework.beans.factory.support.AbstractAutowireCapableBeanFactory.createBean(AbstractAutowireCapableBeanFactory.java:522)
	at org.springframework.beans.factory.support.AbstractBeanFactory.lambda$doGetBean$0(AbstractBeanFactory.java:325)
	at org.springframework.beans.factory.support.DefaultSingletonBeanRegistry.getSingleton(DefaultSingletonBeanRegistry.java:234)
	at org.springframework.beans.factory.support.AbstractBeanFactory.doGetBean(AbstractBeanFactory.java:323)
	at org.springframework.beans.factory.support.AbstractBeanFactory.getBean(AbstractBeanFactory.java:199)
	at org.springframework.context.support.AbstractApplicationContext.getBean(AbstractApplicationContext.java:1231)
	at org.springframework.context.support.AbstractApplicationContext.finishBeanFactoryInitialization(AbstractApplicationContext.java:949)
	at org.springframework.context.support.AbstractApplicationContext.refresh(AbstractApplicationContext.java:624)
	at org.springframework.boot.web.servlet.context.ServletWebServerApplicationContext.refresh(ServletWebServerApplicationContext.java:146)
	at org.springframework.boot.SpringApplication.refresh(SpringApplication.java:754)
	at org.springframework.boot.SpringApplication.refreshContext(SpringApplication.java:456)
	at org.springframework.boot.SpringApplication.run(SpringApplication.java:334)
	at org.springframework.boot.SpringApplication.run(SpringApplication.java:1354)
	at org.springframework.boot.SpringApplication.run(SpringApplication.java:1343)
	at com.chatapp.RealtimeChatApplication.main(RealtimeChatApplication.java:10)
	at java.base/jdk.internal.reflect.DirectMethodHandleAccessor.invoke(DirectMethodHandleAccessor.java:103)
	at java.base/java.lang.reflect.Method.invoke(Method.java:580)
	at org.springframework.boot.loader.launch.Launcher.launch(Launcher.java:91)
	at org.springframework.boot.loader.launch.Launcher.launch(Launcher.java:53)
	at org.springframework.boot.loader.launch.JarLauncher.main(JarLauncher.java:58)
2025-03-08 14:24:41.895 [main] WARN  o.h.e.j.e.i.JdbcEnvironmentInitiator - HHH000342: Could not obtain connection to query metadata
java.lang.NullPointerException: Cannot invoke "org.hibernate.engine.jdbc.spi.SqlExceptionHelper.convert(java.sql.SQLException, String)" because the return value of "org.hibernate.resource.transaction.backend.jdbc.internal.JdbcIsolationDelegate.sqlExceptionHelper()" is null
	at org.hibernate.resource.transaction.backend.jdbc.internal.JdbcIsolationDelegate.delegateWork(JdbcIsolationDelegate.java:116)
	at org.hibernate.engine.jdbc.env.internal.JdbcEnvironmentInitiator.getJdbcEnvironmentUsingJdbcMetadata(JdbcEnvironmentInitiator.java:276)
	at org.hibernate.engine.jdbc.env.internal.JdbcEnvironmentInitiator.initiateService(JdbcEnvironmentInitiator.java:107)
	at org.hibernate.engine.jdbc.env.internal.JdbcEnvironmentInitiator.initiateService(JdbcEnvironmentInitiator.java:68)
	at org.hibernate.boot.registry.internal.StandardServiceRegistryImpl.initiateService(StandardServiceRegistryImpl.java:130)
	at org.hibernate.service.internal.AbstractServiceRegistryImpl.createService(AbstractServiceRegistryImpl.java:263)
	at org.hibernate.service.internal.AbstractServiceRegistryImpl.initializeService(AbstractServiceRegistryImpl.java:238)
	at org.hibernate.service.internal.AbstractServiceRegistryImpl.getService(AbstractServiceRegistryImpl.java:215)
	at org.hibernate.boot.model.relational.Database.<init>(Database.java:45)
	at org.hibernate.boot.internal.InFlightMetadataCollectorImpl.getDatabase(InFlightMetadataCollectorImpl.java:223)
	at org.hibernate.boot.internal.InFlightMetadataCollectorImpl.<init>(InFlightMetadataCollectorImpl.java:191)
	at org.hibernate.boot.model.process.spi.MetadataBuildingProcess.complete(MetadataBuildingProcess.java:170)
	at org.hibernate.jpa.boot.internal.EntityManagerFactoryBuilderImpl.metadata(EntityManagerFactoryBuilderImpl.java:1432)
	at org.hibernate.jpa.boot.internal.EntityManagerFactoryBuilderImpl.build(EntityManagerFactoryBuilderImpl.java:1503)
	at org.springframework.orm.jpa.vendor.SpringHibernateJpaPersistenceProvider.createContainerEntityManagerFactory(SpringHibernateJpaPersistenceProvider.java:75)
	at org.springframework.orm.jpa.LocalContainerEntityManagerFactoryBean.createNativeEntityManagerFactory(LocalContainerEntityManagerFactoryBean.java:388)
	at org.springframework.orm.jpa.AbstractEntityManagerFactoryBean.buildNativeEntityManagerFactory(AbstractEntityManagerFactoryBean.java:409)
	at org.springframework.orm.jpa.AbstractEntityManagerFactoryBean.afterPropertiesSet(AbstractEntityManagerFactoryBean.java:396)
	at org.springframework.orm.jpa.LocalContainerEntityManagerFactoryBean.afterPropertiesSet(LocalContainerEntityManagerFactoryBean.java:364)
	at org.springframework.beans.factory.support.AbstractAutowireCapableBeanFactory.invokeInitMethods(AbstractAutowireCapableBeanFactory.java:1833)
	at org.springframework.beans.factory.support.AbstractAutowireCapableBeanFactory.initializeBean(AbstractAutowireCapableBeanFactory.java:1782)
	at org.springframework.beans.factory.support.AbstractAutowireCapableBeanFactory.doCreateBean(AbstractAutowireCapableBeanFactory.java:600)
	at org.springframework.beans.factory.support.AbstractAutowireCapableBeanFactory.createBean(AbstractAutowireCapableBeanFactory.java:522)
	at org.springframework.beans.factory.support.AbstractBeanFactory.lambda$doGetBean$0(AbstractBeanFactory.java:325)
	at org.springframework.beans.factory.support.DefaultSingletonBeanRegistry.getSingleton(DefaultSingletonBeanRegistry.java:234)
	at org.springframework.beans.factory.support.AbstractBeanFactory.doGetBean(AbstractBeanFactory.java:323)
	at org.springframework.beans.factory.support.AbstractBeanFactory.getBean(AbstractBeanFactory.java:199)
	at org.springframework.context.support.AbstractApplicationContext.getBean(AbstractApplicationContext.java:1231)
	at org.springframework.context.support.AbstractApplicationContext.finishBeanFactoryInitialization(AbstractApplicationContext.java:949)
	at org.springframework.context.support.AbstractApplicationContext.refresh(AbstractApplicationContext.java:624)
	at org.springframework.boot.web.servlet.context.ServletWebServerApplicationContext.refresh(ServletWebServerApplicationContext.java:146)
	at org.springframework.boot.SpringApplication.refresh(SpringApplication.java:754)
	at org.springframework.boot.SpringApplication.refreshContext(SpringApplication.java:456)
	at org.springframework.boot.SpringApplication.run(SpringApplication.java:334)
	at org.springframework.boot.SpringApplication.run(SpringApplication.java:1354)
	at org.springframework.boot.SpringApplication.run(SpringApplication.java:1343)
	at com.chatapp.RealtimeChatApplication.main(RealtimeChatApplication.java:10)
	at java.base/jdk.internal.reflect.DirectMethodHandleAccessor.invoke(DirectMethodHandleAccessor.java:103)
	at java.base/java.lang.reflect.Method.invoke(Method.java:580)
	at org.springframework.boot.loader.launch.Launcher.launch(Launcher.java:91)
	at org.springframework.boot.loader.launch.Launcher.launch(Launcher.java:53)
	at org.springframework.boot.loader.launch.JarLauncher.main(JarLauncher.java:58)
2025-03-08 14:24:41.908 [main] WARN  org.hibernate.orm.deprecation - HHH90000025: H2Dialect does not need to be specified explicitly using 'hibernate.dialect' (remove the property setting and it will be selected by default)
2025-03-08 14:24:42.136 [main] INFO  o.h.e.t.j.p.i.JtaPlatformInitiator - HHH000489: No JTA platform available (set 'hibernate.transaction.jta.platform' to enable JTA platform integration)
2025-03-08 14:24:42.140 [main] INFO  o.s.o.j.LocalContainerEntityManagerFactoryBean - Initialized JPA EntityManagerFactory for persistence unit 'default'
2025-03-08 14:24:42.433 [main] DEBUG o.s.w.s.s.s.WebSocketHandlerMapping - Patterns [/ws/**] in 'stompWebSocketHandlerMapping'
2025-03-08 14:24:42.505 [main] WARN  o.s.b.a.o.j.JpaBaseConfiguration$JpaWebConfiguration - spring.jpa.open-in-view is enabled by default. Therefore, database queries may be performed during view rendering. Explicitly configure spring.jpa.open-in-view to disable this warning
2025-03-08 14:24:42.586 [main] DEBUG o.s.w.s.m.WebSocketAnnotationMethodMessageHandler - 
	c.c.c.LogController:
	
2025-03-08 14:24:42.596 [main] DEBUG o.s.w.s.m.WebSocketAnnotationMethodMessageHandler - 
	c.c.c.WebRTCSignalingController:
	{[MESSAGE],[/webrtc/call]}: call(Map,SimpMessageHeaderAccessor)
	{[MESSAGE],[/webrtc/answer]}: answer(WebRTCSignal,SimpMessageHeaderAccessor)
	{[MESSAGE],[/webrtc/adjust-bitrate]}: adjustBitrate(WebRTCSignal,SimpMessageHeaderAccessor)
	{[MESSAGE],[/webrtc/config]}: getWebRTCConfig(SimpMessageHeaderAccessor)
	{[MESSAGE],[/webrtc/ice-candidate]}: iceCandidate(WebRTCSignal,SimpMessageHeaderAccessor)
	{[MESSAGE],[/webrtc/hangup]}: hangup(Map,SimpMessageHeaderAccessor)
2025-03-08 14:24:42.609 [main] DEBUG o.s.w.s.m.WebSocketAnnotationMethodMessageHandler - 
	o.s.b.a.w.s.e.BasicErrorController:
	
2025-03-08 14:24:42.813 [main] DEBUG o.s.w.s.m.m.a.RequestMappingHandlerMapping - 3 mappings in 'requestMappingHandlerMapping'
2025-03-08 14:24:42.885 [main] DEBUG o.s.w.s.h.SimpleUrlHandlerMapping - Patterns [/webjars/**, /**] in 'resourceHandlerMapping'
2025-03-08 14:24:42.955 [main] DEBUG o.s.w.s.m.m.a.RequestMappingHandlerAdapter - ControllerAdvice beans: 0 @ModelAttribute, 0 @InitBinder, 1 RequestBodyAdvice, 1 ResponseBodyAdvice
2025-03-08 14:24:43.033 [main] DEBUG o.s.w.s.m.m.a.ExceptionHandlerExceptionResolver - ControllerAdvice beans: 0 @ExceptionHandler, 1 ResponseBodyAdvice
2025-03-08 14:24:43.776 [main] INFO  o.s.b.a.e.web.EndpointLinksResolver - Exposing 2 endpoint(s) beneath base path '/actuator'
2025-03-08 14:24:43.807 [main] INFO  o.s.s.web.DefaultSecurityFilterChain - Will secure any request with [org.springframework.security.web.session.DisableEncodeUrlFilter@74cf2d5f, org.springframework.security.web.context.request.async.WebAsyncManagerIntegrationFilter@14b9817b, org.springframework.security.web.context.SecurityContextHolderFilter@20ddc780, org.springframework.security.web.header.HeaderWriterFilter@7e1ce99c, org.springframework.web.filter.CorsFilter@3052395d, org.springframework.security.web.csrf.CsrfFilter@36a8ebca, org.springframework.security.web.authentication.logout.LogoutFilter@73072745, org.springframework.security.web.authentication.UsernamePasswordAuthenticationFilter@669e730d, org.springframework.security.web.authentication.ui.DefaultLoginPageGeneratingFilter@20e7152a, org.springframework.security.web.authentication.ui.DefaultLogoutPageGeneratingFilter@a2ca681, org.springframework.security.web.authentication.www.BasicAuthenticationFilter@4e3c0627, org.springframework.security.web.savedrequest.RequestCacheAwareFilter@7552f05b, org.springframework.security.web.servletapi.SecurityContextHolderAwareRequestFilter@67062a93, org.springframework.security.web.authentication.AnonymousAuthenticationFilter@784c74e, org.springframework.security.web.access.ExceptionTranslationFilter@2ddb6c71, org.springframework.security.web.access.intercept.AuthorizationFilter@6bc8d8bd]
2025-03-08 14:24:44.095 [main] INFO  o.a.coyote.http11.Http11NioProtocol - Starting ProtocolHandler ["http-nio-8083"]
2025-03-08 14:24:44.125 [main] INFO  o.s.b.w.e.tomcat.TomcatWebServer - Tomcat started on port 8083 (http) with context path ''
2025-03-08 14:24:44.128 [main] DEBUG org.springframework.web.SimpLogging - clientOutboundChannel added SubProtocolWebSocketHandler[StompSubProtocolHandler[v10.stomp, v11.stomp, v12.stomp]]
2025-03-08 14:24:44.128 [main] DEBUG org.springframework.web.SimpLogging - clientInboundChannel added WebSocketAnnotationMethodMessageHandler[prefixes=[/app/]]
2025-03-08 14:24:44.130 [main] INFO  o.s.m.s.b.SimpleBrokerMessageHandler - Starting...
2025-03-08 14:24:44.130 [main] DEBUG org.springframework.web.SimpLogging - clientInboundChannel added SimpleBrokerMessageHandler [org.springframework.messaging.simp.broker.DefaultSubscriptionRegistry@2bb118ae]
2025-03-08 14:24:44.130 [main] DEBUG org.springframework.web.SimpLogging - brokerChannel added SimpleBrokerMessageHandler [org.springframework.messaging.simp.broker.DefaultSubscriptionRegistry@2bb118ae]
2025-03-08 14:24:44.130 [main] INFO  o.s.m.s.b.SimpleBrokerMessageHandler - BrokerAvailabilityEvent[available=true, SimpleBrokerMessageHandler [org.springframework.messaging.simp.broker.DefaultSubscriptionRegistry@2bb118ae]]
2025-03-08 14:24:44.131 [main] INFO  o.s.m.s.b.SimpleBrokerMessageHandler - Started.
2025-03-08 14:24:44.131 [main] DEBUG org.springframework.web.SimpLogging - clientInboundChannel added UserDestinationMessageHandler[DefaultUserDestinationResolver[prefix=/user/]]
2025-03-08 14:24:44.131 [main] DEBUG org.springframework.web.SimpLogging - brokerChannel added UserDestinationMessageHandler[DefaultUserDestinationResolver[prefix=/user/]]
2025-03-08 14:24:44.143 [main] INFO  com.chatapp.RealtimeChatApplication - Started RealtimeChatApplication in 7.048 seconds (process running for 7.606)
2025-03-08 14:24:45.229 [http-nio-8083-exec-1] INFO  o.a.c.c.C.[Tomcat].[localhost].[/] - Initializing Spring DispatcherServlet 'dispatcherServlet'
2025-03-08 14:24:45.230 [http-nio-8083-exec-1] INFO  o.s.web.servlet.DispatcherServlet - Initializing Servlet 'dispatcherServlet'
2025-03-08 14:24:45.230 [http-nio-8083-exec-1] DEBUG o.s.web.servlet.DispatcherServlet - Detected StandardServletMultipartResolver
2025-03-08 14:24:45.230 [http-nio-8083-exec-1] DEBUG o.s.web.servlet.DispatcherServlet - Detected AcceptHeaderLocaleResolver
2025-03-08 14:24:45.230 [http-nio-8083-exec-1] DEBUG o.s.web.servlet.DispatcherServlet - Detected FixedThemeResolver
2025-03-08 14:24:45.231 [http-nio-8083-exec-1] DEBUG o.s.web.servlet.DispatcherServlet - Detected org.springframework.web.servlet.view.DefaultRequestToViewNameTranslator@77acc95a
2025-03-08 14:24:45.231 [http-nio-8083-exec-1] DEBUG o.s.web.servlet.DispatcherServlet - Detected org.springframework.web.servlet.support.SessionFlashMapManager@76cbee13
2025-03-08 14:24:45.231 [http-nio-8083-exec-1] DEBUG o.s.web.servlet.DispatcherServlet - enableLoggingRequestDetails='false': request parameters and headers will be masked to prevent unsafe logging of potentially sensitive data
2025-03-08 14:24:45.231 [http-nio-8083-exec-1] INFO  o.s.web.servlet.DispatcherServlet - Completed initialization in 1 ms
2025-03-08 14:24:45.248 [http-nio-8083-exec-1] DEBUG o.s.security.web.FilterChainProxy - Securing GET /actuator/health
2025-03-08 14:24:45.264 [http-nio-8083-exec-1] DEBUG o.s.security.web.FilterChainProxy - Secured GET /actuator/health
2025-03-08 14:24:45.266 [http-nio-8083-exec-1] DEBUG o.s.web.servlet.DispatcherServlet - GET "/actuator/health", parameters={}
2025-03-08 14:24:45.284 [http-nio-8083-exec-1] DEBUG o.s.w.s.m.m.a.RequestResponseBodyMethodProcessor - Read "application/octet-stream" to []
2025-03-08 14:24:45.299 [http-nio-8083-exec-1] INFO  com.zaxxer.hikari.HikariDataSource - HikariPool-1 - Starting...
2025-03-08 14:24:46.965 [http-nio-8083-exec-1] ERROR com.zaxxer.hikari.pool.HikariPool - HikariPool-1 - Exception during pool initialization.
org.h2.jdbc.JdbcSQLInvalidAuthorizationSpecException: Wrong user name or password [28000-224]
	at org.h2.message.DbException.getJdbcSQLException(DbException.java:522)
	at org.h2.message.DbException.getJdbcSQLException(DbException.java:489)
	at org.h2.message.DbException.get(DbException.java:223)
	at org.h2.message.DbException.get(DbException.java:199)
	at org.h2.message.DbException.get(DbException.java:188)
	at org.h2.engine.Engine.validateUserAndPassword(Engine.java:396)
	at org.h2.engine.Engine.createSession(Engine.java:206)
	at org.h2.engine.SessionRemote.connectEmbeddedOrServer(SessionRemote.java:343)
	at org.h2.jdbc.JdbcConnection.<init>(JdbcConnection.java:125)
	at org.h2.Driver.connect(Driver.java:59)
	at com.zaxxer.hikari.util.DriverDataSource.getConnection(DriverDataSource.java:138)
	at com.zaxxer.hikari.pool.PoolBase.newConnection(PoolBase.java:359)
	at com.zaxxer.hikari.pool.PoolBase.newPoolEntry(PoolBase.java:201)
	at com.zaxxer.hikari.pool.HikariPool.createPoolEntry(HikariPool.java:470)
	at com.zaxxer.hikari.pool.HikariPool.checkFailFast(HikariPool.java:561)
	at com.zaxxer.hikari.pool.HikariPool.<init>(HikariPool.java:100)
	at com.zaxxer.hikari.HikariDataSource.getConnection(HikariDataSource.java:112)
	at org.springframework.jdbc.datasource.DataSourceUtils.fetchConnection(DataSourceUtils.java:160)
	at org.springframework.jdbc.datasource.DataSourceUtils.doGetConnection(DataSourceUtils.java:118)
	at org.springframework.jdbc.datasource.DataSourceUtils.getConnection(DataSourceUtils.java:81)
	at org.springframework.jdbc.core.JdbcTemplate.execute(JdbcTemplate.java:342)
	at org.springframework.boot.actuate.jdbc.DataSourceHealthIndicator.getProduct(DataSourceHealthIndicator.java:122)
	at org.springframework.boot.actuate.jdbc.DataSourceHealthIndicator.doDataSourceHealthCheck(DataSourceHealthIndicator.java:105)
	at org.springframework.boot.actuate.jdbc.DataSourceHealthIndicator.doHealthCheck(DataSourceHealthIndicator.java:100)
	at org.springframework.boot.actuate.health.AbstractHealthIndicator.health(AbstractHealthIndicator.java:82)
	at org.springframework.boot.actuate.health.HealthIndicator.getHealth(HealthIndicator.java:37)
	at org.springframework.boot.actuate.health.HealthEndpointWebExtension.getHealth(HealthEndpointWebExtension.java:94)
	at org.springframework.boot.actuate.health.HealthEndpointWebExtension.getHealth(HealthEndpointWebExtension.java:47)
	at org.springframework.boot.actuate.health.HealthEndpointSupport.getLoggedHealth(HealthEndpointSupport.java:172)
	at org.springframework.boot.actuate.health.HealthEndpointSupport.getContribution(HealthEndpointSupport.java:145)
	at org.springframework.boot.actuate.health.HealthEndpointSupport.getAggregateContribution(HealthEndpointSupport.java:156)
	at org.springframework.boot.actuate.health.HealthEndpointSupport.getContribution(HealthEndpointSupport.java:141)
	at org.springframework.boot.actuate.health.HealthEndpointSupport.getHealth(HealthEndpointSupport.java:110)
	at org.springframework.boot.actuate.health.HealthEndpointSupport.getHealth(HealthEndpointSupport.java:81)
	at org.springframework.boot.actuate.health.HealthEndpointWebExtension.health(HealthEndpointWebExtension.java:80)
	at org.springframework.boot.actuate.health.HealthEndpointWebExtension.health(HealthEndpointWebExtension.java:69)
	at java.base/jdk.internal.reflect.DirectMethodHandleAccessor.invoke(DirectMethodHandleAccessor.java:103)
	at java.base/java.lang.reflect.Method.invoke(Method.java:580)
	at org.springframework.util.ReflectionUtils.invokeMethod(ReflectionUtils.java:281)
	at org.springframework.boot.actuate.endpoint.invoke.reflect.ReflectiveOperationInvoker.invoke(ReflectiveOperationInvoker.java:74)
	at org.springframework.boot.actuate.endpoint.annotation.AbstractDiscoveredOperation.invoke(AbstractDiscoveredOperation.java:60)
	at org.springframework.boot.actuate.endpoint.web.servlet.AbstractWebMvcEndpointHandlerMapping$ServletWebOperationAdapter.handle(AbstractWebMvcEndpointHandlerMapping.java:327)
	at org.springframework.boot.actuate.endpoint.web.servlet.AbstractWebMvcEndpointHandlerMapping$OperationHandler.handle(AbstractWebMvcEndpointHandlerMapping.java:434)
	at java.base/jdk.internal.reflect.DirectMethodHandleAccessor.invoke(DirectMethodHandleAccessor.java:103)
	at java.base/java.lang.reflect.Method.invoke(Method.java:580)
	at org.springframework.web.method.support.InvocableHandlerMethod.doInvoke(InvocableHandlerMethod.java:259)
	at org.springframework.web.method.support.InvocableHandlerMethod.invokeForRequest(InvocableHandlerMethod.java:192)
	at org.springframework.web.servlet.mvc.method.annotation.ServletInvocableHandlerMethod.invokeAndHandle(ServletInvocableHandlerMethod.java:118)
	at org.springframework.web.servlet.mvc.method.annotation.RequestMappingHandlerAdapter.invokeHandlerMethod(RequestMappingHandlerAdapter.java:920)
	at org.springframework.web.servlet.mvc.method.annotation.RequestMappingHandlerAdapter.handleInternal(RequestMappingHandlerAdapter.java:830)
	at org.springframework.web.servlet.mvc.method.AbstractHandlerMethodAdapter.handle(AbstractHandlerMethodAdapter.java:87)
	at org.springframework.web.servlet.DispatcherServlet.doDispatch(DispatcherServlet.java:1089)
	at org.springframework.web.servlet.DispatcherServlet.doService(DispatcherServlet.java:979)
	at org.springframework.web.servlet.FrameworkServlet.processRequest(FrameworkServlet.java:1014)
	at org.springframework.web.servlet.FrameworkServlet.doGet(FrameworkServlet.java:903)
	at jakarta.servlet.http.HttpServlet.service(HttpServlet.java:564)
	at org.springframework.web.servlet.FrameworkServlet.service(FrameworkServlet.java:885)
	at jakarta.servlet.http.HttpServlet.service(HttpServlet.java:658)
	at org.apache.catalina.core.ApplicationFilterChain.internalDoFilter(ApplicationFilterChain.java:205)
	at org.apache.catalina.core.ApplicationFilterChain.doFilter(ApplicationFilterChain.java:149)
	at org.apache.tomcat.websocket.server.WsFilter.doFilter(WsFilter.java:51)
	at org.apache.catalina.core.ApplicationFilterChain.internalDoFilter(ApplicationFilterChain.java:174)
	at org.apache.catalina.core.ApplicationFilterChain.doFilter(ApplicationFilterChain.java:149)
	at org.springframework.web.filter.CompositeFilter$VirtualFilterChain.doFilter(CompositeFilter.java:108)
	at org.springframework.security.web.FilterChainProxy.lambda$doFilterInternal$3(FilterChainProxy.java:231)
	at org.springframework.security.web.ObservationFilterChainDecorator$FilterObservation$SimpleFilterObservation.lambda$wrap$1(ObservationFilterChainDecorator.java:479)
	at org.springframework.security.web.ObservationFilterChainDecorator$AroundFilterObservation$SimpleAroundFilterObservation.lambda$wrap$1(ObservationFilterChainDecorator.java:340)
	at org.springframework.security.web.ObservationFilterChainDecorator.lambda$wrapSecured$0(ObservationFilterChainDecorator.java:82)
	at org.springframework.security.web.ObservationFilterChainDecorator$VirtualFilterChain.doFilter(ObservationFilterChainDecorator.java:128)
	at org.springframework.security.web.access.intercept.AuthorizationFilter.doFilter(AuthorizationFilter.java:100)
	at org.springframework.security.web.ObservationFilterChainDecorator$ObservationFilter.wrapFilter(ObservationFilterChainDecorator.java:240)
	at org.springframework.security.web.ObservationFilterChainDecorator$ObservationFilter.doFilter(ObservationFilterChainDecorator.java:227)
	at org.springframework.security.web.ObservationFilterChainDecorator$VirtualFilterChain.doFilter(ObservationFilterChainDecorator.java:137)
	at org.springframework.security.web.access.ExceptionTranslationFilter.doFilter(ExceptionTranslationFilter.java:126)
	at org.springframework.security.web.access.ExceptionTranslationFilter.doFilter(ExceptionTranslationFilter.java:120)
	at org.springframework.security.web.ObservationFilterChainDecorator$ObservationFilter.wrapFilter(ObservationFilterChainDecorator.java:240)
	at org.springframework.security.web.ObservationFilterChainDecorator$ObservationFilter.doFilter(ObservationFilterChainDecorator.java:227)
	at org.springframework.security.web.ObservationFilterChainDecorator$VirtualFilterChain.doFilter(ObservationFilterChainDecorator.java:137)
	at org.springframework.security.web.authentication.AnonymousAuthenticationFilter.doFilter(AnonymousAuthenticationFilter.java:100)
	at org.springframework.security.web.ObservationFilterChainDecorator$ObservationFilter.wrapFilter(ObservationFilterChainDecorator.java:240)
	at org.springframework.security.web.ObservationFilterChainDecorator$ObservationFilter.doFilter(ObservationFilterChainDecorator.java:227)
	at org.springframework.security.web.ObservationFilterChainDecorator$VirtualFilterChain.doFilter(ObservationFilterChainDecorator.java:137)
	at org.springframework.security.web.servletapi.SecurityContextHolderAwareRequestFilter.doFilter(SecurityContextHolderAwareRequestFilter.java:179)
	at org.springframework.security.web.ObservationFilterChainDecorator$ObservationFilter.wrapFilter(ObservationFilterChainDecorator.java:240)
	at org.springframework.security.web.ObservationFilterChainDecorator$ObservationFilter.doFilter(ObservationFilterChainDecorator.java:227)
	at org.springframework.security.web.ObservationFilterChainDecorator$VirtualFilterChain.doFilter(ObservationFilterChainDecorator.java:137)
	at org.springframework.security.web.savedrequest.RequestCacheAwareFilter.doFilter(RequestCacheAwareFilter.java:63)
	at org.springframework.security.web.ObservationFilterChainDecorator$ObservationFilter.wrapFilter(ObservationFilterChainDecorator.java:240)
	at org.springframework.security.web.ObservationFilterChainDecorator$ObservationFilter.doFilter(ObservationFilterChainDecorator.java:227)
	at org.springframework.security.web.ObservationFilterChainDecorator$VirtualFilterChain.doFilter(ObservationFilterChainDecorator.java:137)
	at org.springframework.security.web.authentication.www.BasicAuthenticationFilter.doFilterInternal(BasicAuthenticationFilter.java:181)
	at org.springframework.web.filter.OncePerRequestFilter.doFilter(OncePerRequestFilter.java:116)
	at org.springframework.security.web.ObservationFilterChainDecorator$ObservationFilter.wrapFilter(ObservationFilterChainDecorator.java:240)
	at org.springframework.security.web.ObservationFilterChainDecorator$ObservationFilter.doFilter(ObservationFilterChainDecorator.java:227)
	at org.springframework.security.web.ObservationFilterChainDecorator$VirtualFilterChain.doFilter(ObservationFilterChainDecorator.java:137)
	at org.springframework.security.web.authentication.ui.DefaultLogoutPageGeneratingFilter.doFilterInternal(DefaultLogoutPageGeneratingFilter.java:58)
	at org.springframework.web.filter.OncePerRequestFilter.doFilter(OncePerRequestFilter.java:116)
	at org.springframework.security.web.ObservationFilterChainDecorator$ObservationFilter.wrapFilter(ObservationFilterChainDecorator.java:240)
	at org.springframework.security.web.ObservationFilterChainDecorator$ObservationFilter.doFilter(ObservationFilterChainDecorator.java:227)
	at org.springframework.security.web.ObservationFilterChainDecorator$VirtualFilterChain.doFilter(ObservationFilterChainDecorator.java:137)
	at org.springframework.security.web.authentication.ui.DefaultLoginPageGeneratingFilter.doFilter(DefaultLoginPageGeneratingFilter.java:189)
	at org.springframework.security.web.authentication.ui.DefaultLoginPageGeneratingFilter.doFilter(DefaultLoginPageGeneratingFilter.java:175)
	at org.springframework.security.web.ObservationFilterChainDecorator$ObservationFilter.wrapFilter(ObservationFilterChainDecorator.java:240)
	at org.springframework.security.web.ObservationFilterChainDecorator$ObservationFilter.doFilter(ObservationFilterChainDecorator.java:227)
	at org.springframework.security.web.ObservationFilterChainDecorator$VirtualFilterChain.doFilter(ObservationFilterChainDecorator.java:137)
	at org.springframework.security.web.authentication.AbstractAuthenticationProcessingFilter.doFilter(AbstractAuthenticationProcessingFilter.java:227)
	at org.springframework.security.web.authentication.AbstractAuthenticationProcessingFilter.doFilter(AbstractAuthenticationProcessingFilter.java:221)
	at org.springframework.security.web.ObservationFilterChainDecorator$ObservationFilter.wrapFilter(ObservationFilterChainDecorator.java:240)
	at org.springframework.security.web.ObservationFilterChainDecorator$ObservationFilter.doFilter(ObservationFilterChainDecorator.java:227)
	at org.springframework.security.web.ObservationFilterChainDecorator$VirtualFilterChain.doFilter(ObservationFilterChainDecorator.java:137)
	at org.springframework.security.web.authentication.logout.LogoutFilter.doFilter(LogoutFilter.java:107)
	at org.springframework.security.web.authentication.logout.LogoutFilter.doFilter(LogoutFilter.java:93)
	at org.springframework.security.web.ObservationFilterChainDecorator$ObservationFilter.wrapFilter(ObservationFilterChainDecorator.java:240)
	at org.springframework.security.web.ObservationFilterChainDecorator$ObservationFilter.doFilter(ObservationFilterChainDecorator.java:227)
	at org.springframework.security.web.ObservationFilterChainDecorator$VirtualFilterChain.doFilter(ObservationFilterChainDecorator.java:137)
	at org.springframework.security.web.csrf.CsrfFilter.doFilterInternal(CsrfFilter.java:117)
	at org.springframework.web.filter.OncePerRequestFilter.doFilter(OncePerRequestFilter.java:116)
	at org.springframework.security.web.ObservationFilterChainDecorator$ObservationFilter.wrapFilter(ObservationFilterChainDecorator.java:240)
	at org.springframework.security.web.ObservationFilterChainDecorator$ObservationFilter.doFilter(ObservationFilterChainDecorator.java:227)
	at org.springframework.security.web.ObservationFilterChainDecorator$VirtualFilterChain.doFilter(ObservationFilterChainDecorator.java:137)
	at org.springframework.web.filter.CorsFilter.doFilterInternal(CorsFilter.java:91)
	at org.springframework.web.filter.OncePerRequestFilter.doFilter(OncePerRequestFilter.java:116)
	at org.springframework.security.web.ObservationFilterChainDecorator$ObservationFilter.wrapFilter(ObservationFilterChainDecorator.java:240)
	at org.springframework.security.web.ObservationFilterChainDecorator$ObservationFilter.doFilter(ObservationFilterChainDecorator.java:227)
	at org.springframework.security.web.ObservationFilterChainDecorator$VirtualFilterChain.doFilter(ObservationFilterChainDecorator.java:137)
	at org.springframework.security.web.header.HeaderWriterFilter.doHeadersAfter(HeaderWriterFilter.java:90)
	at org.springframework.security.web.header.HeaderWriterFilter.doFilterInternal(HeaderWriterFilter.java:75)
	at org.springframework.web.filter.OncePerRequestFilter.doFilter(OncePerRequestFilter.java:116)
	at org.springframework.security.web.ObservationFilterChainDecorator$ObservationFilter.wrapFilter(ObservationFilterChainDecorator.java:240)
	at org.springframework.security.web.ObservationFilterChainDecorator$ObservationFilter.doFilter(ObservationFilterChainDecorator.java:227)
	at org.springframework.security.web.ObservationFilterChainDecorator$VirtualFilterChain.doFilter(ObservationFilterChainDecorator.java:137)
	at org.springframework.security.web.context.SecurityContextHolderFilter.doFilter(SecurityContextHolderFilter.java:82)
	at org.springframework.security.web.context.SecurityContextHolderFilter.doFilter(SecurityContextHolderFilter.java:69)
	at org.springframework.security.web.ObservationFilterChainDecorator$ObservationFilter.wrapFilter(ObservationFilterChainDecorator.java:240)
	at org.springframework.security.web.ObservationFilterChainDecorator$ObservationFilter.doFilter(ObservationFilterChainDecorator.java:227)
	at org.springframework.security.web.ObservationFilterChainDecorator$VirtualFilterChain.doFilter(ObservationFilterChainDecorator.java:137)
	at org.springframework.security.web.context.request.async.WebAsyncManagerIntegrationFilter.doFilterInternal(WebAsyncManagerIntegrationFilter.java:62)
	at org.springframework.web.filter.OncePerRequestFilter.doFilter(OncePerRequestFilter.java:116)
	at org.springframework.security.web.ObservationFilterChainDecorator$ObservationFilter.wrapFilter(ObservationFilterChainDecorator.java:240)
	at org.springframework.security.web.ObservationFilterChainDecorator$ObservationFilter.doFilter(ObservationFilterChainDecorator.java:227)
	at org.springframework.security.web.ObservationFilterChainDecorator$VirtualFilterChain.doFilter(ObservationFilterChainDecorator.java:137)
	at org.springframework.security.web.session.DisableEncodeUrlFilter.doFilterInternal(DisableEncodeUrlFilter.java:42)
	at org.springframework.web.filter.OncePerRequestFilter.doFilter(OncePerRequestFilter.java:116)
	at org.springframework.security.web.ObservationFilterChainDecorator$ObservationFilter.wrapFilter(ObservationFilterChainDecorator.java:240)
	at org.springframework.security.web.ObservationFilterChainDecorator$AroundFilterObservation$SimpleAroundFilterObservation.lambda$wrap$0(ObservationFilterChainDecorator.java:323)
	at org.springframework.security.web.ObservationFilterChainDecorator$ObservationFilter.doFilter(ObservationFilterChainDecorator.java:224)
	at org.springframework.security.web.ObservationFilterChainDecorator$VirtualFilterChain.doFilter(ObservationFilterChainDecorator.java:137)
	at org.springframework.security.web.FilterChainProxy.doFilterInternal(FilterChainProxy.java:233)
	at org.springframework.security.web.FilterChainProxy.doFilter(FilterChainProxy.java:191)
	at org.springframework.web.filter.CompositeFilter$VirtualFilterChain.doFilter(CompositeFilter.java:113)
	at org.springframework.web.servlet.handler.HandlerMappingIntrospector.lambda$createCacheFilter$3(HandlerMappingIntrospector.java:195)
	at org.springframework.web.filter.CompositeFilter$VirtualFilterChain.doFilter(CompositeFilter.java:113)
	at org.springframework.web.filter.CompositeFilter.doFilter(CompositeFilter.java:74)
	at org.springframework.security.config.annotation.web.configuration.WebMvcSecurityConfiguration$CompositeFilterChainProxy.doFilter(WebMvcSecurityConfiguration.java:230)
	at org.springframework.web.filter.DelegatingFilterProxy.invokeDelegate(DelegatingFilterProxy.java:352)
	at org.springframework.web.filter.DelegatingFilterProxy.doFilter(DelegatingFilterProxy.java:268)
	at org.apache.catalina.core.ApplicationFilterChain.internalDoFilter(ApplicationFilterChain.java:174)
	at org.apache.catalina.core.ApplicationFilterChain.doFilter(ApplicationFilterChain.java:149)
	at org.springframework.web.filter.RequestContextFilter.doFilterInternal(RequestContextFilter.java:100)
	at org.springframework.web.filter.OncePerRequestFilter.doFilter(OncePerRequestFilter.java:116)
	at org.apache.catalina.core.ApplicationFilterChain.internalDoFilter(ApplicationFilterChain.java:174)
	at org.apache.catalina.core.ApplicationFilterChain.doFilter(ApplicationFilterChain.java:149)
	at org.springframework.web.filter.FormContentFilter.doFilterInternal(FormContentFilter.java:93)
	at org.springframework.web.filter.OncePerRequestFilter.doFilter(OncePerRequestFilter.java:116)
	at org.apache.catalina.core.ApplicationFilterChain.internalDoFilter(ApplicationFilterChain.java:174)
	at org.apache.catalina.core.ApplicationFilterChain.doFilter(ApplicationFilterChain.java:149)
	at org.springframework.web.filter.ServerHttpObservationFilter.doFilterInternal(ServerHttpObservationFilter.java:109)
	at org.springframework.web.filter.OncePerRequestFilter.doFilter(OncePerRequestFilter.java:116)
	at org.apache.catalina.core.ApplicationFilterChain.internalDoFilter(ApplicationFilterChain.java:174)
	at org.apache.catalina.core.ApplicationFilterChain.doFilter(ApplicationFilterChain.java:149)
	at org.springframework.web.filter.CharacterEncodingFilter.doFilterInternal(CharacterEncodingFilter.java:201)
	at org.springframework.web.filter.OncePerRequestFilter.doFilter(OncePerRequestFilter.java:116)
	at org.apache.catalina.core.ApplicationFilterChain.internalDoFilter(ApplicationFilterChain.java:174)
	at org.apache.catalina.core.ApplicationFilterChain.doFilter(ApplicationFilterChain.java:149)
	at org.apache.catalina.core.StandardWrapperValve.invoke(StandardWrapperValve.java:167)
	at org.apache.catalina.core.StandardContextValve.invoke(StandardContextValve.java:90)
	at org.apache.catalina.authenticator.AuthenticatorBase.invoke(AuthenticatorBase.java:482)
	at org.apache.catalina.core.StandardHostValve.invoke(StandardHostValve.java:115)
	at org.apache.catalina.valves.ErrorReportValve.invoke(ErrorReportValve.java:93)
	at org.apache.catalina.core.StandardEngineValve.invoke(StandardEngineValve.java:74)
	at org.apache.catalina.connector.CoyoteAdapter.service(CoyoteAdapter.java:344)
	at org.apache.coyote.http11.Http11Processor.service(Http11Processor.java:391)
	at org.apache.coyote.AbstractProcessorLight.process(AbstractProcessorLight.java:63)
	at org.apache.coyote.AbstractProtocol$ConnectionHandler.process(AbstractProtocol.java:896)
	at org.apache.tomcat.util.net.NioEndpoint$SocketProcessor.doRun(NioEndpoint.java:1744)
	at org.apache.tomcat.util.net.SocketProcessorBase.run(SocketProcessorBase.java:52)
	at org.apache.tomcat.util.threads.ThreadPoolExecutor.runWorker(ThreadPoolExecutor.java:1191)
	at org.apache.tomcat.util.threads.ThreadPoolExecutor$Worker.run(ThreadPoolExecutor.java:659)
	at org.apache.tomcat.util.threads.TaskThread$WrappingRunnable.run(TaskThread.java:63)
	at java.base/java.lang.Thread.run(Thread.java:1583)
2025-03-08 14:24:46.966 [http-nio-8083-exec-1] WARN  o.s.b.a.j.DataSourceHealthIndicator - DataSource health check failed
org.springframework.jdbc.CannotGetJdbcConnectionException: Failed to obtain JDBC Connection
	at org.springframework.jdbc.datasource.DataSourceUtils.getConnection(DataSourceUtils.java:84)
	at org.springframework.jdbc.core.JdbcTemplate.execute(JdbcTemplate.java:342)
	at org.springframework.boot.actuate.jdbc.DataSourceHealthIndicator.getProduct(DataSourceHealthIndicator.java:122)
	at org.springframework.boot.actuate.jdbc.DataSourceHealthIndicator.doDataSourceHealthCheck(DataSourceHealthIndicator.java:105)
	at org.springframework.boot.actuate.jdbc.DataSourceHealthIndicator.doHealthCheck(DataSourceHealthIndicator.java:100)
	at org.springframework.boot.actuate.health.AbstractHealthIndicator.health(AbstractHealthIndicator.java:82)
	at org.springframework.boot.actuate.health.HealthIndicator.getHealth(HealthIndicator.java:37)
	at org.springframework.boot.actuate.health.HealthEndpointWebExtension.getHealth(HealthEndpointWebExtension.java:94)
	at org.springframework.boot.actuate.health.HealthEndpointWebExtension.getHealth(HealthEndpointWebExtension.java:47)
	at org.springframework.boot.actuate.health.HealthEndpointSupport.getLoggedHealth(HealthEndpointSupport.java:172)
	at org.springframework.boot.actuate.health.HealthEndpointSupport.getContribution(HealthEndpointSupport.java:145)
	at org.springframework.boot.actuate.health.HealthEndpointSupport.getAggregateContribution(HealthEndpointSupport.java:156)
	at org.springframework.boot.actuate.health.HealthEndpointSupport.getContribution(HealthEndpointSupport.java:141)
	at org.springframework.boot.actuate.health.HealthEndpointSupport.getHealth(HealthEndpointSupport.java:110)
	at org.springframework.boot.actuate.health.HealthEndpointSupport.getHealth(HealthEndpointSupport.java:81)
	at org.springframework.boot.actuate.health.HealthEndpointWebExtension.health(HealthEndpointWebExtension.java:80)
	at org.springframework.boot.actuate.health.HealthEndpointWebExtension.health(HealthEndpointWebExtension.java:69)
	at java.base/jdk.internal.reflect.DirectMethodHandleAccessor.invoke(DirectMethodHandleAccessor.java:103)
	at java.base/java.lang.reflect.Method.invoke(Method.java:580)
	at org.springframework.util.ReflectionUtils.invokeMethod(ReflectionUtils.java:281)
	at org.springframework.boot.actuate.endpoint.invoke.reflect.ReflectiveOperationInvoker.invoke(ReflectiveOperationInvoker.java:74)
	at org.springframework.boot.actuate.endpoint.annotation.AbstractDiscoveredOperation.invoke(AbstractDiscoveredOperation.java:60)
	at org.springframework.boot.actuate.endpoint.web.servlet.AbstractWebMvcEndpointHandlerMapping$ServletWebOperationAdapter.handle(AbstractWebMvcEndpointHandlerMapping.java:327)
	at org.springframework.boot.actuate.endpoint.web.servlet.AbstractWebMvcEndpointHandlerMapping$OperationHandler.handle(AbstractWebMvcEndpointHandlerMapping.java:434)
	at java.base/jdk.internal.reflect.DirectMethodHandleAccessor.invoke(DirectMethodHandleAccessor.java:103)
	at java.base/java.lang.reflect.Method.invoke(Method.java:580)
	at org.springframework.web.method.support.InvocableHandlerMethod.doInvoke(InvocableHandlerMethod.java:259)
	at org.springframework.web.method.support.InvocableHandlerMethod.invokeForRequest(InvocableHandlerMethod.java:192)
	at org.springframework.web.servlet.mvc.method.annotation.ServletInvocableHandlerMethod.invokeAndHandle(ServletInvocableHandlerMethod.java:118)
	at org.springframework.web.servlet.mvc.method.annotation.RequestMappingHandlerAdapter.invokeHandlerMethod(RequestMappingHandlerAdapter.java:920)
	at org.springframework.web.servlet.mvc.method.annotation.RequestMappingHandlerAdapter.handleInternal(RequestMappingHandlerAdapter.java:830)
	at org.springframework.web.servlet.mvc.method.AbstractHandlerMethodAdapter.handle(AbstractHandlerMethodAdapter.java:87)
	at org.springframework.web.servlet.DispatcherServlet.doDispatch(DispatcherServlet.java:1089)
	at org.springframework.web.servlet.DispatcherServlet.doService(DispatcherServlet.java:979)
	at org.springframework.web.servlet.FrameworkServlet.processRequest(FrameworkServlet.java:1014)
	at org.springframework.web.servlet.FrameworkServlet.doGet(FrameworkServlet.java:903)
	at jakarta.servlet.http.HttpServlet.service(HttpServlet.java:564)
	at org.springframework.web.servlet.FrameworkServlet.service(FrameworkServlet.java:885)
	at jakarta.servlet.http.HttpServlet.service(HttpServlet.java:658)
	at org.apache.catalina.core.ApplicationFilterChain.internalDoFilter(ApplicationFilterChain.java:205)
	at org.apache.catalina.core.ApplicationFilterChain.doFilter(ApplicationFilterChain.java:149)
	at org.apache.tomcat.websocket.server.WsFilter.doFilter(WsFilter.java:51)
	at org.apache.catalina.core.ApplicationFilterChain.internalDoFilter(ApplicationFilterChain.java:174)
	at org.apache.catalina.core.ApplicationFilterChain.doFilter(ApplicationFilterChain.java:149)
	at org.springframework.web.filter.CompositeFilter$VirtualFilterChain.doFilter(CompositeFilter.java:108)
	at org.springframework.security.web.FilterChainProxy.lambda$doFilterInternal$3(FilterChainProxy.java:231)
	at org.springframework.security.web.ObservationFilterChainDecorator$FilterObservation$SimpleFilterObservation.lambda$wrap$1(ObservationFilterChainDecorator.java:479)
	at org.springframework.security.web.ObservationFilterChainDecorator$AroundFilterObservation$SimpleAroundFilterObservation.lambda$wrap$1(ObservationFilterChainDecorator.java:340)
	at org.springframework.security.web.ObservationFilterChainDecorator.lambda$wrapSecured$0(ObservationFilterChainDecorator.java:82)
	at org.springframework.security.web.ObservationFilterChainDecorator$VirtualFilterChain.doFilter(ObservationFilterChainDecorator.java:128)
	at org.springframework.security.web.access.intercept.AuthorizationFilter.doFilter(AuthorizationFilter.java:100)
	at org.springframework.security.web.ObservationFilterChainDecorator$ObservationFilter.wrapFilter(ObservationFilterChainDecorator.java:240)
	at org.springframework.security.web.ObservationFilterChainDecorator$ObservationFilter.doFilter(ObservationFilterChainDecorator.java:227)
	at org.springframework.security.web.ObservationFilterChainDecorator$VirtualFilterChain.doFilter(ObservationFilterChainDecorator.java:137)
	at org.springframework.security.web.access.ExceptionTranslationFilter.doFilter(ExceptionTranslationFilter.java:126)
	at org.springframework.security.web.access.ExceptionTranslationFilter.doFilter(ExceptionTranslationFilter.java:120)
	at org.springframework.security.web.ObservationFilterChainDecorator$ObservationFilter.wrapFilter(ObservationFilterChainDecorator.java:240)
	at org.springframework.security.web.ObservationFilterChainDecorator$ObservationFilter.doFilter(ObservationFilterChainDecorator.java:227)
	at org.springframework.security.web.ObservationFilterChainDecorator$VirtualFilterChain.doFilter(ObservationFilterChainDecorator.java:137)
	at org.springframework.security.web.authentication.AnonymousAuthenticationFilter.doFilter(AnonymousAuthenticationFilter.java:100)
	at org.springframework.security.web.ObservationFilterChainDecorator$ObservationFilter.wrapFilter(ObservationFilterChainDecorator.java:240)
	at org.springframework.security.web.ObservationFilterChainDecorator$ObservationFilter.doFilter(ObservationFilterChainDecorator.java:227)
	at org.springframework.security.web.ObservationFilterChainDecorator$VirtualFilterChain.doFilter(ObservationFilterChainDecorator.java:137)
	at org.springframework.security.web.servletapi.SecurityContextHolderAwareRequestFilter.doFilter(SecurityContextHolderAwareRequestFilter.java:179)
	at org.springframework.security.web.ObservationFilterChainDecorator$ObservationFilter.wrapFilter(ObservationFilterChainDecorator.java:240)
	at org.springframework.security.web.ObservationFilterChainDecorator$ObservationFilter.doFilter(ObservationFilterChainDecorator.java:227)
	at org.springframework.security.web.ObservationFilterChainDecorator$VirtualFilterChain.doFilter(ObservationFilterChainDecorator.java:137)
	at org.springframework.security.web.savedrequest.RequestCacheAwareFilter.doFilter(RequestCacheAwareFilter.java:63)
	at org.springframework.security.web.ObservationFilterChainDecorator$ObservationFilter.wrapFilter(ObservationFilterChainDecorator.java:240)
	at org.springframework.security.web.ObservationFilterChainDecorator$ObservationFilter.doFilter(ObservationFilterChainDecorator.java:227)
	at org.springframework.security.web.ObservationFilterChainDecorator$VirtualFilterChain.doFilter(ObservationFilterChainDecorator.java:137)
	at org.springframework.security.web.authentication.www.BasicAuthenticationFilter.doFilterInternal(BasicAuthenticationFilter.java:181)
	at org.springframework.web.filter.OncePerRequestFilter.doFilter(OncePerRequestFilter.java:116)
	at org.springframework.security.web.ObservationFilterChainDecorator$ObservationFilter.wrapFilter(ObservationFilterChainDecorator.java:240)
	at org.springframework.security.web.ObservationFilterChainDecorator$ObservationFilter.doFilter(ObservationFilterChainDecorator.java:227)
	at org.springframework.security.web.ObservationFilterChainDecorator$VirtualFilterChain.doFilter(ObservationFilterChainDecorator.java:137)
	at org.springframework.security.web.authentication.ui.DefaultLogoutPageGeneratingFilter.doFilterInternal(DefaultLogoutPageGeneratingFilter.java:58)
	at org.springframework.web.filter.OncePerRequestFilter.doFilter(OncePerRequestFilter.java:116)
	at org.springframework.security.web.ObservationFilterChainDecorator$ObservationFilter.wrapFilter(ObservationFilterChainDecorator.java:240)
	at org.springframework.security.web.ObservationFilterChainDecorator$ObservationFilter.doFilter(ObservationFilterChainDecorator.java:227)
	at org.springframework.security.web.ObservationFilterChainDecorator$VirtualFilterChain.doFilter(ObservationFilterChainDecorator.java:137)
	at org.springframework.security.web.authentication.ui.DefaultLoginPageGeneratingFilter.doFilter(DefaultLoginPageGeneratingFilter.java:189)
	at org.springframework.security.web.authentication.ui.DefaultLoginPageGeneratingFilter.doFilter(DefaultLoginPageGeneratingFilter.java:175)
	at org.springframework.security.web.ObservationFilterChainDecorator$ObservationFilter.wrapFilter(ObservationFilterChainDecorator.java:240)
	at org.springframework.security.web.ObservationFilterChainDecorator$ObservationFilter.doFilter(ObservationFilterChainDecorator.java:227)
	at org.springframework.security.web.ObservationFilterChainDecorator$VirtualFilterChain.doFilter(ObservationFilterChainDecorator.java:137)
	at org.springframework.security.web.authentication.AbstractAuthenticationProcessingFilter.doFilter(AbstractAuthenticationProcessingFilter.java:227)
	at org.springframework.security.web.authentication.AbstractAuthenticationProcessingFilter.doFilter(AbstractAuthenticationProcessingFilter.java:221)
	at org.springframework.security.web.ObservationFilterChainDecorator$ObservationFilter.wrapFilter(ObservationFilterChainDecorator.java:240)
	at org.springframework.security.web.ObservationFilterChainDecorator$ObservationFilter.doFilter(ObservationFilterChainDecorator.java:227)
	at org.springframework.security.web.ObservationFilterChainDecorator$VirtualFilterChain.doFilter(ObservationFilterChainDecorator.java:137)
	at org.springframework.security.web.authentication.logout.LogoutFilter.doFilter(LogoutFilter.java:107)
	at org.springframework.security.web.authentication.logout.LogoutFilter.doFilter(LogoutFilter.java:93)
	at org.springframework.security.web.ObservationFilterChainDecorator$ObservationFilter.wrapFilter(ObservationFilterChainDecorator.java:240)
	at org.springframework.security.web.ObservationFilterChainDecorator$ObservationFilter.doFilter(ObservationFilterChainDecorator.java:227)
	at org.springframework.security.web.ObservationFilterChainDecorator$VirtualFilterChain.doFilter(ObservationFilterChainDecorator.java:137)
	at org.springframework.security.web.csrf.CsrfFilter.doFilterInternal(CsrfFilter.java:117)
	at org.springframework.web.filter.OncePerRequestFilter.doFilter(OncePerRequestFilter.java:116)
	at org.springframework.security.web.ObservationFilterChainDecorator$ObservationFilter.wrapFilter(ObservationFilterChainDecorator.java:240)
	at org.springframework.security.web.ObservationFilterChainDecorator$ObservationFilter.doFilter(ObservationFilterChainDecorator.java:227)
	at org.springframework.security.web.ObservationFilterChainDecorator$VirtualFilterChain.doFilter(ObservationFilterChainDecorator.java:137)
	at org.springframework.web.filter.CorsFilter.doFilterInternal(CorsFilter.java:91)
	at org.springframework.web.filter.OncePerRequestFilter.doFilter(OncePerRequestFilter.java:116)
	at org.springframework.security.web.ObservationFilterChainDecorator$ObservationFilter.wrapFilter(ObservationFilterChainDecorator.java:240)
	at org.springframework.security.web.ObservationFilterChainDecorator$ObservationFilter.doFilter(ObservationFilterChainDecorator.java:227)
	at org.springframework.security.web.ObservationFilterChainDecorator$VirtualFilterChain.doFilter(ObservationFilterChainDecorator.java:137)
	at org.springframework.security.web.header.HeaderWriterFilter.doHeadersAfter(HeaderWriterFilter.java:90)
	at org.springframework.security.web.header.HeaderWriterFilter.doFilterInternal(HeaderWriterFilter.java:75)
	at org.springframework.web.filter.OncePerRequestFilter.doFilter(OncePerRequestFilter.java:116)
	at org.springframework.security.web.ObservationFilterChainDecorator$ObservationFilter.wrapFilter(ObservationFilterChainDecorator.java:240)
	at org.springframework.security.web.ObservationFilterChainDecorator$ObservationFilter.doFilter(ObservationFilterChainDecorator.java:227)
	at org.springframework.security.web.ObservationFilterChainDecorator$VirtualFilterChain.doFilter(ObservationFilterChainDecorator.java:137)
	at org.springframework.security.web.context.SecurityContextHolderFilter.doFilter(SecurityContextHolderFilter.java:82)
	at org.springframework.security.web.context.SecurityContextHolderFilter.doFilter(SecurityContextHolderFilter.java:69)
	at org.springframework.security.web.ObservationFilterChainDecorator$ObservationFilter.wrapFilter(ObservationFilterChainDecorator.java:240)
	at org.springframework.security.web.ObservationFilterChainDecorator$ObservationFilter.doFilter(ObservationFilterChainDecorator.java:227)
	at org.springframework.security.web.ObservationFilterChainDecorator$VirtualFilterChain.doFilter(ObservationFilterChainDecorator.java:137)
	at org.springframework.security.web.context.request.async.WebAsyncManagerIntegrationFilter.doFilterInternal(WebAsyncManagerIntegrationFilter.java:62)
	at org.springframework.web.filter.OncePerRequestFilter.doFilter(OncePerRequestFilter.java:116)
	at org.springframework.security.web.ObservationFilterChainDecorator$ObservationFilter.wrapFilter(ObservationFilterChainDecorator.java:240)
	at org.springframework.security.web.ObservationFilterChainDecorator$ObservationFilter.doFilter(ObservationFilterChainDecorator.java:227)
	at org.springframework.security.web.ObservationFilterChainDecorator$VirtualFilterChain.doFilter(ObservationFilterChainDecorator.java:137)
	at org.springframework.security.web.session.DisableEncodeUrlFilter.doFilterInternal(DisableEncodeUrlFilter.java:42)
	at org.springframework.web.filter.OncePerRequestFilter.doFilter(OncePerRequestFilter.java:116)
	at org.springframework.security.web.ObservationFilterChainDecorator$ObservationFilter.wrapFilter(ObservationFilterChainDecorator.java:240)
	at org.springframework.security.web.ObservationFilterChainDecorator$AroundFilterObservation$SimpleAroundFilterObservation.lambda$wrap$0(ObservationFilterChainDecorator.java:323)
	at org.springframework.security.web.ObservationFilterChainDecorator$ObservationFilter.doFilter(ObservationFilterChainDecorator.java:224)
	at org.springframework.security.web.ObservationFilterChainDecorator$VirtualFilterChain.doFilter(ObservationFilterChainDecorator.java:137)
	at org.springframework.security.web.FilterChainProxy.doFilterInternal(FilterChainProxy.java:233)
	at org.springframework.security.web.FilterChainProxy.doFilter(FilterChainProxy.java:191)
	at org.springframework.web.filter.CompositeFilter$VirtualFilterChain.doFilter(CompositeFilter.java:113)
	at org.springframework.web.servlet.handler.HandlerMappingIntrospector.lambda$createCacheFilter$3(HandlerMappingIntrospector.java:195)
	at org.springframework.web.filter.CompositeFilter$VirtualFilterChain.doFilter(CompositeFilter.java:113)
	at org.springframework.web.filter.CompositeFilter.doFilter(CompositeFilter.java:74)
	at org.springframework.security.config.annotation.web.configuration.WebMvcSecurityConfiguration$CompositeFilterChainProxy.doFilter(WebMvcSecurityConfiguration.java:230)
	at org.springframework.web.filter.DelegatingFilterProxy.invokeDelegate(DelegatingFilterProxy.java:352)
	at org.springframework.web.filter.DelegatingFilterProxy.doFilter(DelegatingFilterProxy.java:268)
	at org.apache.catalina.core.ApplicationFilterChain.internalDoFilter(ApplicationFilterChain.java:174)
	at org.apache.catalina.core.ApplicationFilterChain.doFilter(ApplicationFilterChain.java:149)
	at org.springframework.web.filter.RequestContextFilter.doFilterInternal(RequestContextFilter.java:100)
	at org.springframework.web.filter.OncePerRequestFilter.doFilter(OncePerRequestFilter.java:116)
	at org.apache.catalina.core.ApplicationFilterChain.internalDoFilter(ApplicationFilterChain.java:174)
	at org.apache.catalina.core.ApplicationFilterChain.doFilter(ApplicationFilterChain.java:149)
	at org.springframework.web.filter.FormContentFilter.doFilterInternal(FormContentFilter.java:93)
	at org.springframework.web.filter.OncePerRequestFilter.doFilter(OncePerRequestFilter.java:116)
	at org.apache.catalina.core.ApplicationFilterChain.internalDoFilter(ApplicationFilterChain.java:174)
	at org.apache.catalina.core.ApplicationFilterChain.doFilter(ApplicationFilterChain.java:149)
	at org.springframework.web.filter.ServerHttpObservationFilter.doFilterInternal(ServerHttpObservationFilter.java:109)
	at org.springframework.web.filter.OncePerRequestFilter.doFilter(OncePerRequestFilter.java:116)
	at org.apache.catalina.core.ApplicationFilterChain.internalDoFilter(ApplicationFilterChain.java:174)
	at org.apache.catalina.core.ApplicationFilterChain.doFilter(ApplicationFilterChain.java:149)
	at org.springframework.web.filter.CharacterEncodingFilter.doFilterInternal(CharacterEncodingFilter.java:201)
	at org.springframework.web.filter.OncePerRequestFilter.doFilter(OncePerRequestFilter.java:116)
	at org.apache.catalina.core.ApplicationFilterChain.internalDoFilter(ApplicationFilterChain.java:174)
	at org.apache.catalina.core.ApplicationFilterChain.doFilter(ApplicationFilterChain.java:149)
	at org.apache.catalina.core.StandardWrapperValve.invoke(StandardWrapperValve.java:167)
	at org.apache.catalina.core.StandardContextValve.invoke(StandardContextValve.java:90)
	at org.apache.catalina.authenticator.AuthenticatorBase.invoke(AuthenticatorBase.java:482)
	at org.apache.catalina.core.StandardHostValve.invoke(StandardHostValve.java:115)
	at org.apache.catalina.valves.ErrorReportValve.invoke(ErrorReportValve.java:93)
	at org.apache.catalina.core.StandardEngineValve.invoke(StandardEngineValve.java:74)
	at org.apache.catalina.connector.CoyoteAdapter.service(CoyoteAdapter.java:344)
	at org.apache.coyote.http11.Http11Processor.service(Http11Processor.java:391)
	at org.apache.coyote.AbstractProcessorLight.process(AbstractProcessorLight.java:63)
	at org.apache.coyote.AbstractProtocol$ConnectionHandler.process(AbstractProtocol.java:896)
	at org.apache.tomcat.util.net.NioEndpoint$SocketProcessor.doRun(NioEndpoint.java:1744)
	at org.apache.tomcat.util.net.SocketProcessorBase.run(SocketProcessorBase.java:52)
	at org.apache.tomcat.util.threads.ThreadPoolExecutor.runWorker(ThreadPoolExecutor.java:1191)
	at org.apache.tomcat.util.threads.ThreadPoolExecutor$Worker.run(ThreadPoolExecutor.java:659)
	at org.apache.tomcat.util.threads.TaskThread$WrappingRunnable.run(TaskThread.java:63)
	at java.base/java.lang.Thread.run(Thread.java:1583)
Caused by: org.h2.jdbc.JdbcSQLInvalidAuthorizationSpecException: Wrong user name or password [28000-224]
	at org.h2.message.DbException.getJdbcSQLException(DbException.java:522)
	at org.h2.message.DbException.getJdbcSQLException(DbException.java:489)
	at org.h2.message.DbException.get(DbException.java:223)
	at org.h2.message.DbException.get(DbException.java:199)
	at org.h2.message.DbException.get(DbException.java:188)
	at org.h2.engine.Engine.validateUserAndPassword(Engine.java:396)
	at org.h2.engine.Engine.createSession(Engine.java:206)
	at org.h2.engine.SessionRemote.connectEmbeddedOrServer(SessionRemote.java:343)
	at org.h2.jdbc.JdbcConnection.<init>(JdbcConnection.java:125)
	at org.h2.Driver.connect(Driver.java:59)
	at com.zaxxer.hikari.util.DriverDataSource.getConnection(DriverDataSource.java:138)
	at com.zaxxer.hikari.pool.PoolBase.newConnection(PoolBase.java:359)
	at com.zaxxer.hikari.pool.PoolBase.newPoolEntry(PoolBase.java:201)
	at com.zaxxer.hikari.pool.HikariPool.createPoolEntry(HikariPool.java:470)
	at com.zaxxer.hikari.pool.HikariPool.checkFailFast(HikariPool.java:561)
	at com.zaxxer.hikari.pool.HikariPool.<init>(HikariPool.java:100)
	at com.zaxxer.hikari.HikariDataSource.getConnection(HikariDataSource.java:112)
	at org.springframework.jdbc.datasource.DataSourceUtils.fetchConnection(DataSourceUtils.java:160)
	at org.springframework.jdbc.datasource.DataSourceUtils.doGetConnection(DataSourceUtils.java:118)
	at org.springframework.jdbc.datasource.DataSourceUtils.getConnection(DataSourceUtils.java:81)
	... 170 common frames omitted
2025-03-08 14:24:46.972 [http-nio-8083-exec-1] DEBUG o.s.w.s.m.m.a.HttpEntityMethodProcessor - Using 'application/vnd.spring-boot.actuator.v3+json', given [*/*] and supported [application/vnd.spring-boot.actuator.v3+json, application/vnd.spring-boot.actuator.v2+json, application/json]
2025-03-08 14:24:47.004 [http-nio-8083-exec-1] DEBUG o.s.w.s.m.m.a.HttpEntityMethodProcessor - Writing [org.springframework.boot.actuate.health.SystemHealth@71aed52d]
2025-03-08 14:24:47.024 [http-nio-8083-exec-1] DEBUG o.s.web.servlet.DispatcherServlet - Completed 503 SERVICE_UNAVAILABLE
2025-03-08 14:24:47.025 [http-nio-8083-exec-1] DEBUG o.s.s.w.a.AnonymousAuthenticationFilter - Set SecurityContextHolder to anonymous SecurityContext
2025-03-08 14:30:50.215 [main] INFO  com.chatapp.RealtimeChatApplication - Starting RealtimeChatApplication v0.0.1-SNAPSHOT using Java 21.0.6 with PID 15312 (D:\jetbrains\cursor\real-time-app\backend\target\realtime-chat-0.0.1-SNAPSHOT.jar started by lenovo in D:\jetbrains\cursor\real-time-app\backend)
2025-03-08 14:30:50.218 [main] INFO  com.chatapp.RealtimeChatApplication - The following 1 profile is active: "prod"
2025-03-08 14:30:51.182 [main] INFO  o.s.d.r.c.RepositoryConfigurationDelegate - Bootstrapping Spring Data JPA repositories in DEFAULT mode.
2025-03-08 14:30:51.198 [main] INFO  o.s.d.r.c.RepositoryConfigurationDelegate - Finished Spring Data repository scanning in 9 ms. Found 0 JPA repository interfaces.
2025-03-08 14:30:51.988 [main] INFO  o.s.b.w.e.tomcat.TomcatWebServer - Tomcat initialized with port 8083 (http)
2025-03-08 14:30:51.996 [main] INFO  o.a.coyote.http11.Http11NioProtocol - Initializing ProtocolHandler ["http-nio-8083"]
2025-03-08 14:30:51.997 [main] INFO  o.a.catalina.core.StandardService - Starting service [Tomcat]
2025-03-08 14:30:51.999 [main] INFO  o.a.catalina.core.StandardEngine - Starting Servlet engine: [Apache Tomcat/10.1.19]
2025-03-08 14:30:52.024 [main] INFO  o.a.c.c.C.[Tomcat].[localhost].[/] - Initializing Spring embedded WebApplicationContext
2025-03-08 14:30:52.025 [main] INFO  o.s.b.w.s.c.ServletWebServerApplicationContext - Root WebApplicationContext: initialization completed in 1749 ms
2025-03-08 14:30:52.309 [main] DEBUG o.s.w.f.ServerHttpObservationFilter - Filter 'webMvcObservationFilter' configured for use
2025-03-08 14:30:52.559 [main] INFO  o.h.jpa.internal.util.LogHelper - HHH000204: Processing PersistenceUnitInfo [name: default]
2025-03-08 14:30:52.653 [main] INFO  org.hibernate.Version - HHH000412: Hibernate ORM core version 6.4.4.Final
2025-03-08 14:30:52.684 [main] INFO  o.h.c.i.RegionFactoryInitiator - HHH000026: Second-level cache disabled
2025-03-08 14:30:52.833 [main] INFO  o.s.o.j.p.SpringPersistenceUnitInfo - No LoadTimeWeaver setup: ignoring JPA class transformer
2025-03-08 14:30:52.858 [main] INFO  com.zaxxer.hikari.HikariDataSource - HikariPool-1 - Starting...
2025-03-08 14:30:54.344 [main] ERROR com.zaxxer.hikari.pool.HikariPool - HikariPool-1 - Exception during pool initialization.
org.h2.jdbc.JdbcSQLInvalidAuthorizationSpecException: Wrong user name or password [28000-224]
	at org.h2.message.DbException.getJdbcSQLException(DbException.java:522)
	at org.h2.message.DbException.getJdbcSQLException(DbException.java:489)
	at org.h2.message.DbException.get(DbException.java:223)
	at org.h2.message.DbException.get(DbException.java:199)
	at org.h2.message.DbException.get(DbException.java:188)
	at org.h2.engine.Engine.validateUserAndPassword(Engine.java:396)
	at org.h2.engine.Engine.createSession(Engine.java:206)
	at org.h2.engine.SessionRemote.connectEmbeddedOrServer(SessionRemote.java:343)
	at org.h2.jdbc.JdbcConnection.<init>(JdbcConnection.java:125)
	at org.h2.Driver.connect(Driver.java:59)
	at com.zaxxer.hikari.util.DriverDataSource.getConnection(DriverDataSource.java:138)
	at com.zaxxer.hikari.pool.PoolBase.newConnection(PoolBase.java:359)
	at com.zaxxer.hikari.pool.PoolBase.newPoolEntry(PoolBase.java:201)
	at com.zaxxer.hikari.pool.HikariPool.createPoolEntry(HikariPool.java:470)
	at com.zaxxer.hikari.pool.HikariPool.checkFailFast(HikariPool.java:561)
	at com.zaxxer.hikari.pool.HikariPool.<init>(HikariPool.java:100)
	at com.zaxxer.hikari.HikariDataSource.getConnection(HikariDataSource.java:112)
	at org.hibernate.engine.jdbc.connections.internal.DatasourceConnectionProviderImpl.getConnection(DatasourceConnectionProviderImpl.java:122)
	at org.hibernate.engine.jdbc.env.internal.JdbcEnvironmentInitiator$ConnectionProviderJdbcConnectionAccess.obtainConnection(JdbcEnvironmentInitiator.java:428)
	at org.hibernate.resource.transaction.backend.jdbc.internal.JdbcIsolationDelegate.delegateWork(JdbcIsolationDelegate.java:61)
	at org.hibernate.engine.jdbc.env.internal.JdbcEnvironmentInitiator.getJdbcEnvironmentUsingJdbcMetadata(JdbcEnvironmentInitiator.java:276)
	at org.hibernate.engine.jdbc.env.internal.JdbcEnvironmentInitiator.initiateService(JdbcEnvironmentInitiator.java:107)
	at org.hibernate.engine.jdbc.env.internal.JdbcEnvironmentInitiator.initiateService(JdbcEnvironmentInitiator.java:68)
	at org.hibernate.boot.registry.internal.StandardServiceRegistryImpl.initiateService(StandardServiceRegistryImpl.java:130)
	at org.hibernate.service.internal.AbstractServiceRegistryImpl.createService(AbstractServiceRegistryImpl.java:263)
	at org.hibernate.service.internal.AbstractServiceRegistryImpl.initializeService(AbstractServiceRegistryImpl.java:238)
	at org.hibernate.service.internal.AbstractServiceRegistryImpl.getService(AbstractServiceRegistryImpl.java:215)
	at org.hibernate.boot.model.relational.Database.<init>(Database.java:45)
	at org.hibernate.boot.internal.InFlightMetadataCollectorImpl.getDatabase(InFlightMetadataCollectorImpl.java:223)
	at org.hibernate.boot.internal.InFlightMetadataCollectorImpl.<init>(InFlightMetadataCollectorImpl.java:191)
	at org.hibernate.boot.model.process.spi.MetadataBuildingProcess.complete(MetadataBuildingProcess.java:170)
	at org.hibernate.jpa.boot.internal.EntityManagerFactoryBuilderImpl.metadata(EntityManagerFactoryBuilderImpl.java:1432)
	at org.hibernate.jpa.boot.internal.EntityManagerFactoryBuilderImpl.build(EntityManagerFactoryBuilderImpl.java:1503)
	at org.springframework.orm.jpa.vendor.SpringHibernateJpaPersistenceProvider.createContainerEntityManagerFactory(SpringHibernateJpaPersistenceProvider.java:75)
	at org.springframework.orm.jpa.LocalContainerEntityManagerFactoryBean.createNativeEntityManagerFactory(LocalContainerEntityManagerFactoryBean.java:388)
	at org.springframework.orm.jpa.AbstractEntityManagerFactoryBean.buildNativeEntityManagerFactory(AbstractEntityManagerFactoryBean.java:409)
	at org.springframework.orm.jpa.AbstractEntityManagerFactoryBean.afterPropertiesSet(AbstractEntityManagerFactoryBean.java:396)
	at org.springframework.orm.jpa.LocalContainerEntityManagerFactoryBean.afterPropertiesSet(LocalContainerEntityManagerFactoryBean.java:364)
	at org.springframework.beans.factory.support.AbstractAutowireCapableBeanFactory.invokeInitMethods(AbstractAutowireCapableBeanFactory.java:1833)
	at org.springframework.beans.factory.support.AbstractAutowireCapableBeanFactory.initializeBean(AbstractAutowireCapableBeanFactory.java:1782)
	at org.springframework.beans.factory.support.AbstractAutowireCapableBeanFactory.doCreateBean(AbstractAutowireCapableBeanFactory.java:600)
	at org.springframework.beans.factory.support.AbstractAutowireCapableBeanFactory.createBean(AbstractAutowireCapableBeanFactory.java:522)
	at org.springframework.beans.factory.support.AbstractBeanFactory.lambda$doGetBean$0(AbstractBeanFactory.java:325)
	at org.springframework.beans.factory.support.DefaultSingletonBeanRegistry.getSingleton(DefaultSingletonBeanRegistry.java:234)
	at org.springframework.beans.factory.support.AbstractBeanFactory.doGetBean(AbstractBeanFactory.java:323)
	at org.springframework.beans.factory.support.AbstractBeanFactory.getBean(AbstractBeanFactory.java:199)
	at org.springframework.context.support.AbstractApplicationContext.getBean(AbstractApplicationContext.java:1231)
	at org.springframework.context.support.AbstractApplicationContext.finishBeanFactoryInitialization(AbstractApplicationContext.java:949)
	at org.springframework.context.support.AbstractApplicationContext.refresh(AbstractApplicationContext.java:624)
	at org.springframework.boot.web.servlet.context.ServletWebServerApplicationContext.refresh(ServletWebServerApplicationContext.java:146)
	at org.springframework.boot.SpringApplication.refresh(SpringApplication.java:754)
	at org.springframework.boot.SpringApplication.refreshContext(SpringApplication.java:456)
	at org.springframework.boot.SpringApplication.run(SpringApplication.java:334)
	at org.springframework.boot.SpringApplication.run(SpringApplication.java:1354)
	at org.springframework.boot.SpringApplication.run(SpringApplication.java:1343)
	at com.chatapp.RealtimeChatApplication.main(RealtimeChatApplication.java:10)
	at java.base/jdk.internal.reflect.DirectMethodHandleAccessor.invoke(DirectMethodHandleAccessor.java:103)
	at java.base/java.lang.reflect.Method.invoke(Method.java:580)
	at org.springframework.boot.loader.launch.Launcher.launch(Launcher.java:91)
	at org.springframework.boot.loader.launch.Launcher.launch(Launcher.java:53)
	at org.springframework.boot.loader.launch.JarLauncher.main(JarLauncher.java:58)
2025-03-08 14:30:54.347 [main] WARN  o.h.e.j.e.i.JdbcEnvironmentInitiator - HHH000342: Could not obtain connection to query metadata
java.lang.NullPointerException: Cannot invoke "org.hibernate.engine.jdbc.spi.SqlExceptionHelper.convert(java.sql.SQLException, String)" because the return value of "org.hibernate.resource.transaction.backend.jdbc.internal.JdbcIsolationDelegate.sqlExceptionHelper()" is null
	at org.hibernate.resource.transaction.backend.jdbc.internal.JdbcIsolationDelegate.delegateWork(JdbcIsolationDelegate.java:116)
	at org.hibernate.engine.jdbc.env.internal.JdbcEnvironmentInitiator.getJdbcEnvironmentUsingJdbcMetadata(JdbcEnvironmentInitiator.java:276)
	at org.hibernate.engine.jdbc.env.internal.JdbcEnvironmentInitiator.initiateService(JdbcEnvironmentInitiator.java:107)
	at org.hibernate.engine.jdbc.env.internal.JdbcEnvironmentInitiator.initiateService(JdbcEnvironmentInitiator.java:68)
	at org.hibernate.boot.registry.internal.StandardServiceRegistryImpl.initiateService(StandardServiceRegistryImpl.java:130)
	at org.hibernate.service.internal.AbstractServiceRegistryImpl.createService(AbstractServiceRegistryImpl.java:263)
	at org.hibernate.service.internal.AbstractServiceRegistryImpl.initializeService(AbstractServiceRegistryImpl.java:238)
	at org.hibernate.service.internal.AbstractServiceRegistryImpl.getService(AbstractServiceRegistryImpl.java:215)
	at org.hibernate.boot.model.relational.Database.<init>(Database.java:45)
	at org.hibernate.boot.internal.InFlightMetadataCollectorImpl.getDatabase(InFlightMetadataCollectorImpl.java:223)
	at org.hibernate.boot.internal.InFlightMetadataCollectorImpl.<init>(InFlightMetadataCollectorImpl.java:191)
	at org.hibernate.boot.model.process.spi.MetadataBuildingProcess.complete(MetadataBuildingProcess.java:170)
	at org.hibernate.jpa.boot.internal.EntityManagerFactoryBuilderImpl.metadata(EntityManagerFactoryBuilderImpl.java:1432)
	at org.hibernate.jpa.boot.internal.EntityManagerFactoryBuilderImpl.build(EntityManagerFactoryBuilderImpl.java:1503)
	at org.springframework.orm.jpa.vendor.SpringHibernateJpaPersistenceProvider.createContainerEntityManagerFactory(SpringHibernateJpaPersistenceProvider.java:75)
	at org.springframework.orm.jpa.LocalContainerEntityManagerFactoryBean.createNativeEntityManagerFactory(LocalContainerEntityManagerFactoryBean.java:388)
	at org.springframework.orm.jpa.AbstractEntityManagerFactoryBean.buildNativeEntityManagerFactory(AbstractEntityManagerFactoryBean.java:409)
	at org.springframework.orm.jpa.AbstractEntityManagerFactoryBean.afterPropertiesSet(AbstractEntityManagerFactoryBean.java:396)
	at org.springframework.orm.jpa.LocalContainerEntityManagerFactoryBean.afterPropertiesSet(LocalContainerEntityManagerFactoryBean.java:364)
	at org.springframework.beans.factory.support.AbstractAutowireCapableBeanFactory.invokeInitMethods(AbstractAutowireCapableBeanFactory.java:1833)
	at org.springframework.beans.factory.support.AbstractAutowireCapableBeanFactory.initializeBean(AbstractAutowireCapableBeanFactory.java:1782)
	at org.springframework.beans.factory.support.AbstractAutowireCapableBeanFactory.doCreateBean(AbstractAutowireCapableBeanFactory.java:600)
	at org.springframework.beans.factory.support.AbstractAutowireCapableBeanFactory.createBean(AbstractAutowireCapableBeanFactory.java:522)
	at org.springframework.beans.factory.support.AbstractBeanFactory.lambda$doGetBean$0(AbstractBeanFactory.java:325)
	at org.springframework.beans.factory.support.DefaultSingletonBeanRegistry.getSingleton(DefaultSingletonBeanRegistry.java:234)
	at org.springframework.beans.factory.support.AbstractBeanFactory.doGetBean(AbstractBeanFactory.java:323)
	at org.springframework.beans.factory.support.AbstractBeanFactory.getBean(AbstractBeanFactory.java:199)
	at org.springframework.context.support.AbstractApplicationContext.getBean(AbstractApplicationContext.java:1231)
	at org.springframework.context.support.AbstractApplicationContext.finishBeanFactoryInitialization(AbstractApplicationContext.java:949)
	at org.springframework.context.support.AbstractApplicationContext.refresh(AbstractApplicationContext.java:624)
	at org.springframework.boot.web.servlet.context.ServletWebServerApplicationContext.refresh(ServletWebServerApplicationContext.java:146)
	at org.springframework.boot.SpringApplication.refresh(SpringApplication.java:754)
	at org.springframework.boot.SpringApplication.refreshContext(SpringApplication.java:456)
	at org.springframework.boot.SpringApplication.run(SpringApplication.java:334)
	at org.springframework.boot.SpringApplication.run(SpringApplication.java:1354)
	at org.springframework.boot.SpringApplication.run(SpringApplication.java:1343)
	at com.chatapp.RealtimeChatApplication.main(RealtimeChatApplication.java:10)
	at java.base/jdk.internal.reflect.DirectMethodHandleAccessor.invoke(DirectMethodHandleAccessor.java:103)
	at java.base/java.lang.reflect.Method.invoke(Method.java:580)
	at org.springframework.boot.loader.launch.Launcher.launch(Launcher.java:91)
	at org.springframework.boot.loader.launch.Launcher.launch(Launcher.java:53)
	at org.springframework.boot.loader.launch.JarLauncher.main(JarLauncher.java:58)
2025-03-08 14:30:54.358 [main] WARN  org.hibernate.orm.deprecation - HHH90000025: H2Dialect does not need to be specified explicitly using 'hibernate.dialect' (remove the property setting and it will be selected by default)
2025-03-08 14:30:54.543 [main] INFO  o.h.e.t.j.p.i.JtaPlatformInitiator - HHH000489: No JTA platform available (set 'hibernate.transaction.jta.platform' to enable JTA platform integration)
2025-03-08 14:30:54.546 [main] INFO  o.s.o.j.LocalContainerEntityManagerFactoryBean - Initialized JPA EntityManagerFactory for persistence unit 'default'
2025-03-08 14:30:54.854 [main] DEBUG o.s.w.s.s.s.WebSocketHandlerMapping - Patterns [/ws/**] in 'stompWebSocketHandlerMapping'
2025-03-08 14:30:54.927 [main] WARN  o.s.b.a.o.j.JpaBaseConfiguration$JpaWebConfiguration - spring.jpa.open-in-view is enabled by default. Therefore, database queries may be performed during view rendering. Explicitly configure spring.jpa.open-in-view to disable this warning
2025-03-08 14:30:54.995 [main] DEBUG o.s.w.s.m.WebSocketAnnotationMethodMessageHandler - 
	c.c.c.LogController:
	
2025-03-08 14:30:55.005 [main] DEBUG o.s.w.s.m.WebSocketAnnotationMethodMessageHandler - 
	c.c.c.WebRTCSignalingController:
	{[MESSAGE],[/webrtc/call]}: call(Map,SimpMessageHeaderAccessor)
	{[MESSAGE],[/webrtc/answer]}: answer(WebRTCSignal,SimpMessageHeaderAccessor)
	{[MESSAGE],[/webrtc/hangup]}: hangup(Map,SimpMessageHeaderAccessor)
	{[MESSAGE],[/webrtc/config]}: getWebRTCConfig(SimpMessageHeaderAccessor)
	{[MESSAGE],[/webrtc/adjust-bitrate]}: adjustBitrate(WebRTCSignal,SimpMessageHeaderAccessor)
	{[MESSAGE],[/webrtc/ice-candidate]}: iceCandidate(WebRTCSignal,SimpMessageHeaderAccessor)
2025-03-08 14:30:55.016 [main] DEBUG o.s.w.s.m.WebSocketAnnotationMethodMessageHandler - 
	o.s.b.a.w.s.e.BasicErrorController:
	
2025-03-08 14:30:55.210 [main] DEBUG o.s.w.s.m.m.a.RequestMappingHandlerMapping - 3 mappings in 'requestMappingHandlerMapping'
2025-03-08 14:30:55.280 [main] DEBUG o.s.w.s.h.SimpleUrlHandlerMapping - Patterns [/webjars/**, /**] in 'resourceHandlerMapping'
2025-03-08 14:30:55.336 [main] DEBUG o.s.w.s.m.m.a.RequestMappingHandlerAdapter - ControllerAdvice beans: 0 @ModelAttribute, 0 @InitBinder, 1 RequestBodyAdvice, 1 ResponseBodyAdvice
2025-03-08 14:30:55.395 [main] DEBUG o.s.w.s.m.m.a.ExceptionHandlerExceptionResolver - ControllerAdvice beans: 0 @ExceptionHandler, 1 ResponseBodyAdvice
2025-03-08 14:30:55.995 [main] INFO  o.s.b.a.e.web.EndpointLinksResolver - Exposing 2 endpoint(s) beneath base path '/actuator'
2025-03-08 14:30:56.027 [main] INFO  o.s.s.web.DefaultSecurityFilterChain - Will secure any request with [org.springframework.security.web.session.DisableEncodeUrlFilter@33d08a24, org.springframework.security.web.context.request.async.WebAsyncManagerIntegrationFilter@255b84a9, org.springframework.security.web.context.SecurityContextHolderFilter@399a5a52, org.springframework.security.web.header.HeaderWriterFilter@20e7152a, org.springframework.web.filter.CorsFilter@3a286095, org.springframework.security.web.csrf.CsrfFilter@4411a0fe, org.springframework.security.web.authentication.logout.LogoutFilter@7fa2473a, org.springframework.security.web.authentication.UsernamePasswordAuthenticationFilter@14b9817b, org.springframework.security.web.authentication.ui.DefaultLoginPageGeneratingFilter@8961e55, org.springframework.security.web.authentication.ui.DefaultLogoutPageGeneratingFilter@26723525, org.springframework.security.web.authentication.www.BasicAuthenticationFilter@19834eb7, org.springframework.security.web.savedrequest.RequestCacheAwareFilter@550e7ef6, org.springframework.security.web.servletapi.SecurityContextHolderAwareRequestFilter@951461a, org.springframework.security.web.authentication.AnonymousAuthenticationFilter@11c40a65, org.springframework.security.web.access.ExceptionTranslationFilter@7747571c, org.springframework.security.web.access.intercept.AuthorizationFilter@ae5d544]
2025-03-08 14:30:56.269 [main] INFO  o.a.coyote.http11.Http11NioProtocol - Starting ProtocolHandler ["http-nio-8083"]
2025-03-08 14:30:56.287 [main] INFO  o.s.b.w.e.tomcat.TomcatWebServer - Tomcat started on port 8083 (http) with context path ''
2025-03-08 14:30:56.288 [main] DEBUG org.springframework.web.SimpLogging - clientOutboundChannel added SubProtocolWebSocketHandler[StompSubProtocolHandler[v10.stomp, v11.stomp, v12.stomp]]
2025-03-08 14:30:56.289 [main] DEBUG org.springframework.web.SimpLogging - clientInboundChannel added WebSocketAnnotationMethodMessageHandler[prefixes=[/app/]]
2025-03-08 14:30:56.289 [main] INFO  o.s.m.s.b.SimpleBrokerMessageHandler - Starting...
2025-03-08 14:30:56.290 [main] DEBUG org.springframework.web.SimpLogging - clientInboundChannel added SimpleBrokerMessageHandler [org.springframework.messaging.simp.broker.DefaultSubscriptionRegistry@2e2546bf]
2025-03-08 14:30:56.290 [main] DEBUG org.springframework.web.SimpLogging - brokerChannel added SimpleBrokerMessageHandler [org.springframework.messaging.simp.broker.DefaultSubscriptionRegistry@2e2546bf]
2025-03-08 14:30:56.290 [main] INFO  o.s.m.s.b.SimpleBrokerMessageHandler - BrokerAvailabilityEvent[available=true, SimpleBrokerMessageHandler [org.springframework.messaging.simp.broker.DefaultSubscriptionRegistry@2e2546bf]]
2025-03-08 14:30:56.291 [main] INFO  o.s.m.s.b.SimpleBrokerMessageHandler - Started.
2025-03-08 14:30:56.291 [main] DEBUG org.springframework.web.SimpLogging - clientInboundChannel added UserDestinationMessageHandler[DefaultUserDestinationResolver[prefix=/user/]]
2025-03-08 14:30:56.291 [main] DEBUG org.springframework.web.SimpLogging - brokerChannel added UserDestinationMessageHandler[DefaultUserDestinationResolver[prefix=/user/]]
2025-03-08 14:30:56.302 [main] INFO  com.chatapp.RealtimeChatApplication - Started RealtimeChatApplication in 6.6 seconds (process running for 7.107)
2025-03-08 14:30:57.906 [http-nio-8083-exec-1] INFO  o.a.c.c.C.[Tomcat].[localhost].[/] - Initializing Spring DispatcherServlet 'dispatcherServlet'
2025-03-08 14:30:57.907 [http-nio-8083-exec-1] INFO  o.s.web.servlet.DispatcherServlet - Initializing Servlet 'dispatcherServlet'
2025-03-08 14:30:57.907 [http-nio-8083-exec-1] DEBUG o.s.web.servlet.DispatcherServlet - Detected StandardServletMultipartResolver
2025-03-08 14:30:57.907 [http-nio-8083-exec-1] DEBUG o.s.web.servlet.DispatcherServlet - Detected AcceptHeaderLocaleResolver
2025-03-08 14:30:57.907 [http-nio-8083-exec-1] DEBUG o.s.web.servlet.DispatcherServlet - Detected FixedThemeResolver
2025-03-08 14:30:57.907 [http-nio-8083-exec-1] DEBUG o.s.web.servlet.DispatcherServlet - Detected org.springframework.web.servlet.view.DefaultRequestToViewNameTranslator@7a2ffb0b
2025-03-08 14:30:57.908 [http-nio-8083-exec-1] DEBUG o.s.web.servlet.DispatcherServlet - Detected org.springframework.web.servlet.support.SessionFlashMapManager@56b48163
2025-03-08 14:30:57.908 [http-nio-8083-exec-1] DEBUG o.s.web.servlet.DispatcherServlet - enableLoggingRequestDetails='false': request parameters and headers will be masked to prevent unsafe logging of potentially sensitive data
2025-03-08 14:30:57.908 [http-nio-8083-exec-1] INFO  o.s.web.servlet.DispatcherServlet - Completed initialization in 1 ms
2025-03-08 14:30:57.923 [http-nio-8083-exec-1] DEBUG o.s.security.web.FilterChainProxy - Securing GET /actuator/health
2025-03-08 14:30:57.940 [http-nio-8083-exec-1] DEBUG o.s.security.web.FilterChainProxy - Secured GET /actuator/health
2025-03-08 14:30:57.941 [http-nio-8083-exec-1] DEBUG o.s.web.servlet.DispatcherServlet - GET "/actuator/health", parameters={}
2025-03-08 14:30:57.952 [http-nio-8083-exec-1] DEBUG o.s.w.s.m.m.a.RequestResponseBodyMethodProcessor - Read "application/octet-stream" to []
2025-03-08 14:30:57.962 [http-nio-8083-exec-1] INFO  com.zaxxer.hikari.HikariDataSource - HikariPool-1 - Starting...
2025-03-08 14:30:59.543 [http-nio-8083-exec-1] ERROR com.zaxxer.hikari.pool.HikariPool - HikariPool-1 - Exception during pool initialization.
org.h2.jdbc.JdbcSQLInvalidAuthorizationSpecException: Wrong user name or password [28000-224]
	at org.h2.message.DbException.getJdbcSQLException(DbException.java:522)
	at org.h2.message.DbException.getJdbcSQLException(DbException.java:489)
	at org.h2.message.DbException.get(DbException.java:223)
	at org.h2.message.DbException.get(DbException.java:199)
	at org.h2.message.DbException.get(DbException.java:188)
	at org.h2.engine.Engine.validateUserAndPassword(Engine.java:396)
	at org.h2.engine.Engine.createSession(Engine.java:206)
	at org.h2.engine.SessionRemote.connectEmbeddedOrServer(SessionRemote.java:343)
	at org.h2.jdbc.JdbcConnection.<init>(JdbcConnection.java:125)
	at org.h2.Driver.connect(Driver.java:59)
	at com.zaxxer.hikari.util.DriverDataSource.getConnection(DriverDataSource.java:138)
	at com.zaxxer.hikari.pool.PoolBase.newConnection(PoolBase.java:359)
	at com.zaxxer.hikari.pool.PoolBase.newPoolEntry(PoolBase.java:201)
	at com.zaxxer.hikari.pool.HikariPool.createPoolEntry(HikariPool.java:470)
	at com.zaxxer.hikari.pool.HikariPool.checkFailFast(HikariPool.java:561)
	at com.zaxxer.hikari.pool.HikariPool.<init>(HikariPool.java:100)
	at com.zaxxer.hikari.HikariDataSource.getConnection(HikariDataSource.java:112)
	at org.springframework.jdbc.datasource.DataSourceUtils.fetchConnection(DataSourceUtils.java:160)
	at org.springframework.jdbc.datasource.DataSourceUtils.doGetConnection(DataSourceUtils.java:118)
	at org.springframework.jdbc.datasource.DataSourceUtils.getConnection(DataSourceUtils.java:81)
	at org.springframework.jdbc.core.JdbcTemplate.execute(JdbcTemplate.java:342)
	at org.springframework.boot.actuate.jdbc.DataSourceHealthIndicator.getProduct(DataSourceHealthIndicator.java:122)
	at org.springframework.boot.actuate.jdbc.DataSourceHealthIndicator.doDataSourceHealthCheck(DataSourceHealthIndicator.java:105)
	at org.springframework.boot.actuate.jdbc.DataSourceHealthIndicator.doHealthCheck(DataSourceHealthIndicator.java:100)
	at org.springframework.boot.actuate.health.AbstractHealthIndicator.health(AbstractHealthIndicator.java:82)
	at org.springframework.boot.actuate.health.HealthIndicator.getHealth(HealthIndicator.java:37)
	at org.springframework.boot.actuate.health.HealthEndpointWebExtension.getHealth(HealthEndpointWebExtension.java:94)
	at org.springframework.boot.actuate.health.HealthEndpointWebExtension.getHealth(HealthEndpointWebExtension.java:47)
	at org.springframework.boot.actuate.health.HealthEndpointSupport.getLoggedHealth(HealthEndpointSupport.java:172)
	at org.springframework.boot.actuate.health.HealthEndpointSupport.getContribution(HealthEndpointSupport.java:145)
	at org.springframework.boot.actuate.health.HealthEndpointSupport.getAggregateContribution(HealthEndpointSupport.java:156)
	at org.springframework.boot.actuate.health.HealthEndpointSupport.getContribution(HealthEndpointSupport.java:141)
	at org.springframework.boot.actuate.health.HealthEndpointSupport.getHealth(HealthEndpointSupport.java:110)
	at org.springframework.boot.actuate.health.HealthEndpointSupport.getHealth(HealthEndpointSupport.java:81)
	at org.springframework.boot.actuate.health.HealthEndpointWebExtension.health(HealthEndpointWebExtension.java:80)
	at org.springframework.boot.actuate.health.HealthEndpointWebExtension.health(HealthEndpointWebExtension.java:69)
	at java.base/jdk.internal.reflect.DirectMethodHandleAccessor.invoke(DirectMethodHandleAccessor.java:103)
	at java.base/java.lang.reflect.Method.invoke(Method.java:580)
	at org.springframework.util.ReflectionUtils.invokeMethod(ReflectionUtils.java:281)
	at org.springframework.boot.actuate.endpoint.invoke.reflect.ReflectiveOperationInvoker.invoke(ReflectiveOperationInvoker.java:74)
	at org.springframework.boot.actuate.endpoint.annotation.AbstractDiscoveredOperation.invoke(AbstractDiscoveredOperation.java:60)
	at org.springframework.boot.actuate.endpoint.web.servlet.AbstractWebMvcEndpointHandlerMapping$ServletWebOperationAdapter.handle(AbstractWebMvcEndpointHandlerMapping.java:327)
	at org.springframework.boot.actuate.endpoint.web.servlet.AbstractWebMvcEndpointHandlerMapping$OperationHandler.handle(AbstractWebMvcEndpointHandlerMapping.java:434)
	at java.base/jdk.internal.reflect.DirectMethodHandleAccessor.invoke(DirectMethodHandleAccessor.java:103)
	at java.base/java.lang.reflect.Method.invoke(Method.java:580)
	at org.springframework.web.method.support.InvocableHandlerMethod.doInvoke(InvocableHandlerMethod.java:259)
	at org.springframework.web.method.support.InvocableHandlerMethod.invokeForRequest(InvocableHandlerMethod.java:192)
	at org.springframework.web.servlet.mvc.method.annotation.ServletInvocableHandlerMethod.invokeAndHandle(ServletInvocableHandlerMethod.java:118)
	at org.springframework.web.servlet.mvc.method.annotation.RequestMappingHandlerAdapter.invokeHandlerMethod(RequestMappingHandlerAdapter.java:920)
	at org.springframework.web.servlet.mvc.method.annotation.RequestMappingHandlerAdapter.handleInternal(RequestMappingHandlerAdapter.java:830)
	at org.springframework.web.servlet.mvc.method.AbstractHandlerMethodAdapter.handle(AbstractHandlerMethodAdapter.java:87)
	at org.springframework.web.servlet.DispatcherServlet.doDispatch(DispatcherServlet.java:1089)
	at org.springframework.web.servlet.DispatcherServlet.doService(DispatcherServlet.java:979)
	at org.springframework.web.servlet.FrameworkServlet.processRequest(FrameworkServlet.java:1014)
	at org.springframework.web.servlet.FrameworkServlet.doGet(FrameworkServlet.java:903)
	at jakarta.servlet.http.HttpServlet.service(HttpServlet.java:564)
	at org.springframework.web.servlet.FrameworkServlet.service(FrameworkServlet.java:885)
	at jakarta.servlet.http.HttpServlet.service(HttpServlet.java:658)
	at org.apache.catalina.core.ApplicationFilterChain.internalDoFilter(ApplicationFilterChain.java:205)
	at org.apache.catalina.core.ApplicationFilterChain.doFilter(ApplicationFilterChain.java:149)
	at org.apache.tomcat.websocket.server.WsFilter.doFilter(WsFilter.java:51)
	at org.apache.catalina.core.ApplicationFilterChain.internalDoFilter(ApplicationFilterChain.java:174)
	at org.apache.catalina.core.ApplicationFilterChain.doFilter(ApplicationFilterChain.java:149)
	at org.springframework.web.filter.CompositeFilter$VirtualFilterChain.doFilter(CompositeFilter.java:108)
	at org.springframework.security.web.FilterChainProxy.lambda$doFilterInternal$3(FilterChainProxy.java:231)
	at org.springframework.security.web.ObservationFilterChainDecorator$FilterObservation$SimpleFilterObservation.lambda$wrap$1(ObservationFilterChainDecorator.java:479)
	at org.springframework.security.web.ObservationFilterChainDecorator$AroundFilterObservation$SimpleAroundFilterObservation.lambda$wrap$1(ObservationFilterChainDecorator.java:340)
	at org.springframework.security.web.ObservationFilterChainDecorator.lambda$wrapSecured$0(ObservationFilterChainDecorator.java:82)
	at org.springframework.security.web.ObservationFilterChainDecorator$VirtualFilterChain.doFilter(ObservationFilterChainDecorator.java:128)
	at org.springframework.security.web.access.intercept.AuthorizationFilter.doFilter(AuthorizationFilter.java:100)
	at org.springframework.security.web.ObservationFilterChainDecorator$ObservationFilter.wrapFilter(ObservationFilterChainDecorator.java:240)
	at org.springframework.security.web.ObservationFilterChainDecorator$ObservationFilter.doFilter(ObservationFilterChainDecorator.java:227)
	at org.springframework.security.web.ObservationFilterChainDecorator$VirtualFilterChain.doFilter(ObservationFilterChainDecorator.java:137)
	at org.springframework.security.web.access.ExceptionTranslationFilter.doFilter(ExceptionTranslationFilter.java:126)
	at org.springframework.security.web.access.ExceptionTranslationFilter.doFilter(ExceptionTranslationFilter.java:120)
	at org.springframework.security.web.ObservationFilterChainDecorator$ObservationFilter.wrapFilter(ObservationFilterChainDecorator.java:240)
	at org.springframework.security.web.ObservationFilterChainDecorator$ObservationFilter.doFilter(ObservationFilterChainDecorator.java:227)
	at org.springframework.security.web.ObservationFilterChainDecorator$VirtualFilterChain.doFilter(ObservationFilterChainDecorator.java:137)
	at org.springframework.security.web.authentication.AnonymousAuthenticationFilter.doFilter(AnonymousAuthenticationFilter.java:100)
	at org.springframework.security.web.ObservationFilterChainDecorator$ObservationFilter.wrapFilter(ObservationFilterChainDecorator.java:240)
	at org.springframework.security.web.ObservationFilterChainDecorator$ObservationFilter.doFilter(ObservationFilterChainDecorator.java:227)
	at org.springframework.security.web.ObservationFilterChainDecorator$VirtualFilterChain.doFilter(ObservationFilterChainDecorator.java:137)
	at org.springframework.security.web.servletapi.SecurityContextHolderAwareRequestFilter.doFilter(SecurityContextHolderAwareRequestFilter.java:179)
	at org.springframework.security.web.ObservationFilterChainDecorator$ObservationFilter.wrapFilter(ObservationFilterChainDecorator.java:240)
	at org.springframework.security.web.ObservationFilterChainDecorator$ObservationFilter.doFilter(ObservationFilterChainDecorator.java:227)
	at org.springframework.security.web.ObservationFilterChainDecorator$VirtualFilterChain.doFilter(ObservationFilterChainDecorator.java:137)
	at org.springframework.security.web.savedrequest.RequestCacheAwareFilter.doFilter(RequestCacheAwareFilter.java:63)
	at org.springframework.security.web.ObservationFilterChainDecorator$ObservationFilter.wrapFilter(ObservationFilterChainDecorator.java:240)
	at org.springframework.security.web.ObservationFilterChainDecorator$ObservationFilter.doFilter(ObservationFilterChainDecorator.java:227)
	at org.springframework.security.web.ObservationFilterChainDecorator$VirtualFilterChain.doFilter(ObservationFilterChainDecorator.java:137)
	at org.springframework.security.web.authentication.www.BasicAuthenticationFilter.doFilterInternal(BasicAuthenticationFilter.java:181)
	at org.springframework.web.filter.OncePerRequestFilter.doFilter(OncePerRequestFilter.java:116)
	at org.springframework.security.web.ObservationFilterChainDecorator$ObservationFilter.wrapFilter(ObservationFilterChainDecorator.java:240)
	at org.springframework.security.web.ObservationFilterChainDecorator$ObservationFilter.doFilter(ObservationFilterChainDecorator.java:227)
	at org.springframework.security.web.ObservationFilterChainDecorator$VirtualFilterChain.doFilter(ObservationFilterChainDecorator.java:137)
	at org.springframework.security.web.authentication.ui.DefaultLogoutPageGeneratingFilter.doFilterInternal(DefaultLogoutPageGeneratingFilter.java:58)
	at org.springframework.web.filter.OncePerRequestFilter.doFilter(OncePerRequestFilter.java:116)
	at org.springframework.security.web.ObservationFilterChainDecorator$ObservationFilter.wrapFilter(ObservationFilterChainDecorator.java:240)
	at org.springframework.security.web.ObservationFilterChainDecorator$ObservationFilter.doFilter(ObservationFilterChainDecorator.java:227)
	at org.springframework.security.web.ObservationFilterChainDecorator$VirtualFilterChain.doFilter(ObservationFilterChainDecorator.java:137)
	at org.springframework.security.web.authentication.ui.DefaultLoginPageGeneratingFilter.doFilter(DefaultLoginPageGeneratingFilter.java:189)
	at org.springframework.security.web.authentication.ui.DefaultLoginPageGeneratingFilter.doFilter(DefaultLoginPageGeneratingFilter.java:175)
	at org.springframework.security.web.ObservationFilterChainDecorator$ObservationFilter.wrapFilter(ObservationFilterChainDecorator.java:240)
	at org.springframework.security.web.ObservationFilterChainDecorator$ObservationFilter.doFilter(ObservationFilterChainDecorator.java:227)
	at org.springframework.security.web.ObservationFilterChainDecorator$VirtualFilterChain.doFilter(ObservationFilterChainDecorator.java:137)
	at org.springframework.security.web.authentication.AbstractAuthenticationProcessingFilter.doFilter(AbstractAuthenticationProcessingFilter.java:227)
	at org.springframework.security.web.authentication.AbstractAuthenticationProcessingFilter.doFilter(AbstractAuthenticationProcessingFilter.java:221)
	at org.springframework.security.web.ObservationFilterChainDecorator$ObservationFilter.wrapFilter(ObservationFilterChainDecorator.java:240)
	at org.springframework.security.web.ObservationFilterChainDecorator$ObservationFilter.doFilter(ObservationFilterChainDecorator.java:227)
	at org.springframework.security.web.ObservationFilterChainDecorator$VirtualFilterChain.doFilter(ObservationFilterChainDecorator.java:137)
	at org.springframework.security.web.authentication.logout.LogoutFilter.doFilter(LogoutFilter.java:107)
	at org.springframework.security.web.authentication.logout.LogoutFilter.doFilter(LogoutFilter.java:93)
	at org.springframework.security.web.ObservationFilterChainDecorator$ObservationFilter.wrapFilter(ObservationFilterChainDecorator.java:240)
	at org.springframework.security.web.ObservationFilterChainDecorator$ObservationFilter.doFilter(ObservationFilterChainDecorator.java:227)
	at org.springframework.security.web.ObservationFilterChainDecorator$VirtualFilterChain.doFilter(ObservationFilterChainDecorator.java:137)
	at org.springframework.security.web.csrf.CsrfFilter.doFilterInternal(CsrfFilter.java:117)
	at org.springframework.web.filter.OncePerRequestFilter.doFilter(OncePerRequestFilter.java:116)
	at org.springframework.security.web.ObservationFilterChainDecorator$ObservationFilter.wrapFilter(ObservationFilterChainDecorator.java:240)
	at org.springframework.security.web.ObservationFilterChainDecorator$ObservationFilter.doFilter(ObservationFilterChainDecorator.java:227)
	at org.springframework.security.web.ObservationFilterChainDecorator$VirtualFilterChain.doFilter(ObservationFilterChainDecorator.java:137)
	at org.springframework.web.filter.CorsFilter.doFilterInternal(CorsFilter.java:91)
	at org.springframework.web.filter.OncePerRequestFilter.doFilter(OncePerRequestFilter.java:116)
	at org.springframework.security.web.ObservationFilterChainDecorator$ObservationFilter.wrapFilter(ObservationFilterChainDecorator.java:240)
	at org.springframework.security.web.ObservationFilterChainDecorator$ObservationFilter.doFilter(ObservationFilterChainDecorator.java:227)
	at org.springframework.security.web.ObservationFilterChainDecorator$VirtualFilterChain.doFilter(ObservationFilterChainDecorator.java:137)
	at org.springframework.security.web.header.HeaderWriterFilter.doHeadersAfter(HeaderWriterFilter.java:90)
	at org.springframework.security.web.header.HeaderWriterFilter.doFilterInternal(HeaderWriterFilter.java:75)
	at org.springframework.web.filter.OncePerRequestFilter.doFilter(OncePerRequestFilter.java:116)
	at org.springframework.security.web.ObservationFilterChainDecorator$ObservationFilter.wrapFilter(ObservationFilterChainDecorator.java:240)
	at org.springframework.security.web.ObservationFilterChainDecorator$ObservationFilter.doFilter(ObservationFilterChainDecorator.java:227)
	at org.springframework.security.web.ObservationFilterChainDecorator$VirtualFilterChain.doFilter(ObservationFilterChainDecorator.java:137)
	at org.springframework.security.web.context.SecurityContextHolderFilter.doFilter(SecurityContextHolderFilter.java:82)
	at org.springframework.security.web.context.SecurityContextHolderFilter.doFilter(SecurityContextHolderFilter.java:69)
	at org.springframework.security.web.ObservationFilterChainDecorator$ObservationFilter.wrapFilter(ObservationFilterChainDecorator.java:240)
	at org.springframework.security.web.ObservationFilterChainDecorator$ObservationFilter.doFilter(ObservationFilterChainDecorator.java:227)
	at org.springframework.security.web.ObservationFilterChainDecorator$VirtualFilterChain.doFilter(ObservationFilterChainDecorator.java:137)
	at org.springframework.security.web.context.request.async.WebAsyncManagerIntegrationFilter.doFilterInternal(WebAsyncManagerIntegrationFilter.java:62)
	at org.springframework.web.filter.OncePerRequestFilter.doFilter(OncePerRequestFilter.java:116)
	at org.springframework.security.web.ObservationFilterChainDecorator$ObservationFilter.wrapFilter(ObservationFilterChainDecorator.java:240)
	at org.springframework.security.web.ObservationFilterChainDecorator$ObservationFilter.doFilter(ObservationFilterChainDecorator.java:227)
	at org.springframework.security.web.ObservationFilterChainDecorator$VirtualFilterChain.doFilter(ObservationFilterChainDecorator.java:137)
	at org.springframework.security.web.session.DisableEncodeUrlFilter.doFilterInternal(DisableEncodeUrlFilter.java:42)
	at org.springframework.web.filter.OncePerRequestFilter.doFilter(OncePerRequestFilter.java:116)
	at org.springframework.security.web.ObservationFilterChainDecorator$ObservationFilter.wrapFilter(ObservationFilterChainDecorator.java:240)
	at org.springframework.security.web.ObservationFilterChainDecorator$AroundFilterObservation$SimpleAroundFilterObservation.lambda$wrap$0(ObservationFilterChainDecorator.java:323)
	at org.springframework.security.web.ObservationFilterChainDecorator$ObservationFilter.doFilter(ObservationFilterChainDecorator.java:224)
	at org.springframework.security.web.ObservationFilterChainDecorator$VirtualFilterChain.doFilter(ObservationFilterChainDecorator.java:137)
	at org.springframework.security.web.FilterChainProxy.doFilterInternal(FilterChainProxy.java:233)
	at org.springframework.security.web.FilterChainProxy.doFilter(FilterChainProxy.java:191)
	at org.springframework.web.filter.CompositeFilter$VirtualFilterChain.doFilter(CompositeFilter.java:113)
	at org.springframework.web.servlet.handler.HandlerMappingIntrospector.lambda$createCacheFilter$3(HandlerMappingIntrospector.java:195)
	at org.springframework.web.filter.CompositeFilter$VirtualFilterChain.doFilter(CompositeFilter.java:113)
	at org.springframework.web.filter.CompositeFilter.doFilter(CompositeFilter.java:74)
	at org.springframework.security.config.annotation.web.configuration.WebMvcSecurityConfiguration$CompositeFilterChainProxy.doFilter(WebMvcSecurityConfiguration.java:230)
	at org.springframework.web.filter.DelegatingFilterProxy.invokeDelegate(DelegatingFilterProxy.java:352)
	at org.springframework.web.filter.DelegatingFilterProxy.doFilter(DelegatingFilterProxy.java:268)
	at org.apache.catalina.core.ApplicationFilterChain.internalDoFilter(ApplicationFilterChain.java:174)
	at org.apache.catalina.core.ApplicationFilterChain.doFilter(ApplicationFilterChain.java:149)
	at org.springframework.web.filter.RequestContextFilter.doFilterInternal(RequestContextFilter.java:100)
	at org.springframework.web.filter.OncePerRequestFilter.doFilter(OncePerRequestFilter.java:116)
	at org.apache.catalina.core.ApplicationFilterChain.internalDoFilter(ApplicationFilterChain.java:174)
	at org.apache.catalina.core.ApplicationFilterChain.doFilter(ApplicationFilterChain.java:149)
	at org.springframework.web.filter.FormContentFilter.doFilterInternal(FormContentFilter.java:93)
	at org.springframework.web.filter.OncePerRequestFilter.doFilter(OncePerRequestFilter.java:116)
	at org.apache.catalina.core.ApplicationFilterChain.internalDoFilter(ApplicationFilterChain.java:174)
	at org.apache.catalina.core.ApplicationFilterChain.doFilter(ApplicationFilterChain.java:149)
	at org.springframework.web.filter.ServerHttpObservationFilter.doFilterInternal(ServerHttpObservationFilter.java:109)
	at org.springframework.web.filter.OncePerRequestFilter.doFilter(OncePerRequestFilter.java:116)
	at org.apache.catalina.core.ApplicationFilterChain.internalDoFilter(ApplicationFilterChain.java:174)
	at org.apache.catalina.core.ApplicationFilterChain.doFilter(ApplicationFilterChain.java:149)
	at org.springframework.web.filter.CharacterEncodingFilter.doFilterInternal(CharacterEncodingFilter.java:201)
	at org.springframework.web.filter.OncePerRequestFilter.doFilter(OncePerRequestFilter.java:116)
	at org.apache.catalina.core.ApplicationFilterChain.internalDoFilter(ApplicationFilterChain.java:174)
	at org.apache.catalina.core.ApplicationFilterChain.doFilter(ApplicationFilterChain.java:149)
	at org.apache.catalina.core.StandardWrapperValve.invoke(StandardWrapperValve.java:167)
	at org.apache.catalina.core.StandardContextValve.invoke(StandardContextValve.java:90)
	at org.apache.catalina.authenticator.AuthenticatorBase.invoke(AuthenticatorBase.java:482)
	at org.apache.catalina.core.StandardHostValve.invoke(StandardHostValve.java:115)
	at org.apache.catalina.valves.ErrorReportValve.invoke(ErrorReportValve.java:93)
	at org.apache.catalina.core.StandardEngineValve.invoke(StandardEngineValve.java:74)
	at org.apache.catalina.connector.CoyoteAdapter.service(CoyoteAdapter.java:344)
	at org.apache.coyote.http11.Http11Processor.service(Http11Processor.java:391)
	at org.apache.coyote.AbstractProcessorLight.process(AbstractProcessorLight.java:63)
	at org.apache.coyote.AbstractProtocol$ConnectionHandler.process(AbstractProtocol.java:896)
	at org.apache.tomcat.util.net.NioEndpoint$SocketProcessor.doRun(NioEndpoint.java:1744)
	at org.apache.tomcat.util.net.SocketProcessorBase.run(SocketProcessorBase.java:52)
	at org.apache.tomcat.util.threads.ThreadPoolExecutor.runWorker(ThreadPoolExecutor.java:1191)
	at org.apache.tomcat.util.threads.ThreadPoolExecutor$Worker.run(ThreadPoolExecutor.java:659)
	at org.apache.tomcat.util.threads.TaskThread$WrappingRunnable.run(TaskThread.java:63)
	at java.base/java.lang.Thread.run(Thread.java:1583)
2025-03-08 14:30:59.544 [http-nio-8083-exec-1] WARN  o.s.b.a.j.DataSourceHealthIndicator - DataSource health check failed
org.springframework.jdbc.CannotGetJdbcConnectionException: Failed to obtain JDBC Connection
	at org.springframework.jdbc.datasource.DataSourceUtils.getConnection(DataSourceUtils.java:84)
	at org.springframework.jdbc.core.JdbcTemplate.execute(JdbcTemplate.java:342)
	at org.springframework.boot.actuate.jdbc.DataSourceHealthIndicator.getProduct(DataSourceHealthIndicator.java:122)
	at org.springframework.boot.actuate.jdbc.DataSourceHealthIndicator.doDataSourceHealthCheck(DataSourceHealthIndicator.java:105)
	at org.springframework.boot.actuate.jdbc.DataSourceHealthIndicator.doHealthCheck(DataSourceHealthIndicator.java:100)
	at org.springframework.boot.actuate.health.AbstractHealthIndicator.health(AbstractHealthIndicator.java:82)
	at org.springframework.boot.actuate.health.HealthIndicator.getHealth(HealthIndicator.java:37)
	at org.springframework.boot.actuate.health.HealthEndpointWebExtension.getHealth(HealthEndpointWebExtension.java:94)
	at org.springframework.boot.actuate.health.HealthEndpointWebExtension.getHealth(HealthEndpointWebExtension.java:47)
	at org.springframework.boot.actuate.health.HealthEndpointSupport.getLoggedHealth(HealthEndpointSupport.java:172)
	at org.springframework.boot.actuate.health.HealthEndpointSupport.getContribution(HealthEndpointSupport.java:145)
	at org.springframework.boot.actuate.health.HealthEndpointSupport.getAggregateContribution(HealthEndpointSupport.java:156)
	at org.springframework.boot.actuate.health.HealthEndpointSupport.getContribution(HealthEndpointSupport.java:141)
	at org.springframework.boot.actuate.health.HealthEndpointSupport.getHealth(HealthEndpointSupport.java:110)
	at org.springframework.boot.actuate.health.HealthEndpointSupport.getHealth(HealthEndpointSupport.java:81)
	at org.springframework.boot.actuate.health.HealthEndpointWebExtension.health(HealthEndpointWebExtension.java:80)
	at org.springframework.boot.actuate.health.HealthEndpointWebExtension.health(HealthEndpointWebExtension.java:69)
	at java.base/jdk.internal.reflect.DirectMethodHandleAccessor.invoke(DirectMethodHandleAccessor.java:103)
	at java.base/java.lang.reflect.Method.invoke(Method.java:580)
	at org.springframework.util.ReflectionUtils.invokeMethod(ReflectionUtils.java:281)
	at org.springframework.boot.actuate.endpoint.invoke.reflect.ReflectiveOperationInvoker.invoke(ReflectiveOperationInvoker.java:74)
	at org.springframework.boot.actuate.endpoint.annotation.AbstractDiscoveredOperation.invoke(AbstractDiscoveredOperation.java:60)
	at org.springframework.boot.actuate.endpoint.web.servlet.AbstractWebMvcEndpointHandlerMapping$ServletWebOperationAdapter.handle(AbstractWebMvcEndpointHandlerMapping.java:327)
	at org.springframework.boot.actuate.endpoint.web.servlet.AbstractWebMvcEndpointHandlerMapping$OperationHandler.handle(AbstractWebMvcEndpointHandlerMapping.java:434)
	at java.base/jdk.internal.reflect.DirectMethodHandleAccessor.invoke(DirectMethodHandleAccessor.java:103)
	at java.base/java.lang.reflect.Method.invoke(Method.java:580)
	at org.springframework.web.method.support.InvocableHandlerMethod.doInvoke(InvocableHandlerMethod.java:259)
	at org.springframework.web.method.support.InvocableHandlerMethod.invokeForRequest(InvocableHandlerMethod.java:192)
	at org.springframework.web.servlet.mvc.method.annotation.ServletInvocableHandlerMethod.invokeAndHandle(ServletInvocableHandlerMethod.java:118)
	at org.springframework.web.servlet.mvc.method.annotation.RequestMappingHandlerAdapter.invokeHandlerMethod(RequestMappingHandlerAdapter.java:920)
	at org.springframework.web.servlet.mvc.method.annotation.RequestMappingHandlerAdapter.handleInternal(RequestMappingHandlerAdapter.java:830)
	at org.springframework.web.servlet.mvc.method.AbstractHandlerMethodAdapter.handle(AbstractHandlerMethodAdapter.java:87)
	at org.springframework.web.servlet.DispatcherServlet.doDispatch(DispatcherServlet.java:1089)
	at org.springframework.web.servlet.DispatcherServlet.doService(DispatcherServlet.java:979)
	at org.springframework.web.servlet.FrameworkServlet.processRequest(FrameworkServlet.java:1014)
	at org.springframework.web.servlet.FrameworkServlet.doGet(FrameworkServlet.java:903)
	at jakarta.servlet.http.HttpServlet.service(HttpServlet.java:564)
	at org.springframework.web.servlet.FrameworkServlet.service(FrameworkServlet.java:885)
	at jakarta.servlet.http.HttpServlet.service(HttpServlet.java:658)
	at org.apache.catalina.core.ApplicationFilterChain.internalDoFilter(ApplicationFilterChain.java:205)
	at org.apache.catalina.core.ApplicationFilterChain.doFilter(ApplicationFilterChain.java:149)
	at org.apache.tomcat.websocket.server.WsFilter.doFilter(WsFilter.java:51)
	at org.apache.catalina.core.ApplicationFilterChain.internalDoFilter(ApplicationFilterChain.java:174)
	at org.apache.catalina.core.ApplicationFilterChain.doFilter(ApplicationFilterChain.java:149)
	at org.springframework.web.filter.CompositeFilter$VirtualFilterChain.doFilter(CompositeFilter.java:108)
	at org.springframework.security.web.FilterChainProxy.lambda$doFilterInternal$3(FilterChainProxy.java:231)
	at org.springframework.security.web.ObservationFilterChainDecorator$FilterObservation$SimpleFilterObservation.lambda$wrap$1(ObservationFilterChainDecorator.java:479)
	at org.springframework.security.web.ObservationFilterChainDecorator$AroundFilterObservation$SimpleAroundFilterObservation.lambda$wrap$1(ObservationFilterChainDecorator.java:340)
	at org.springframework.security.web.ObservationFilterChainDecorator.lambda$wrapSecured$0(ObservationFilterChainDecorator.java:82)
	at org.springframework.security.web.ObservationFilterChainDecorator$VirtualFilterChain.doFilter(ObservationFilterChainDecorator.java:128)
	at org.springframework.security.web.access.intercept.AuthorizationFilter.doFilter(AuthorizationFilter.java:100)
	at org.springframework.security.web.ObservationFilterChainDecorator$ObservationFilter.wrapFilter(ObservationFilterChainDecorator.java:240)
	at org.springframework.security.web.ObservationFilterChainDecorator$ObservationFilter.doFilter(ObservationFilterChainDecorator.java:227)
	at org.springframework.security.web.ObservationFilterChainDecorator$VirtualFilterChain.doFilter(ObservationFilterChainDecorator.java:137)
	at org.springframework.security.web.access.ExceptionTranslationFilter.doFilter(ExceptionTranslationFilter.java:126)
	at org.springframework.security.web.access.ExceptionTranslationFilter.doFilter(ExceptionTranslationFilter.java:120)
	at org.springframework.security.web.ObservationFilterChainDecorator$ObservationFilter.wrapFilter(ObservationFilterChainDecorator.java:240)
	at org.springframework.security.web.ObservationFilterChainDecorator$ObservationFilter.doFilter(ObservationFilterChainDecorator.java:227)
	at org.springframework.security.web.ObservationFilterChainDecorator$VirtualFilterChain.doFilter(ObservationFilterChainDecorator.java:137)
	at org.springframework.security.web.authentication.AnonymousAuthenticationFilter.doFilter(AnonymousAuthenticationFilter.java:100)
	at org.springframework.security.web.ObservationFilterChainDecorator$ObservationFilter.wrapFilter(ObservationFilterChainDecorator.java:240)
	at org.springframework.security.web.ObservationFilterChainDecorator$ObservationFilter.doFilter(ObservationFilterChainDecorator.java:227)
	at org.springframework.security.web.ObservationFilterChainDecorator$VirtualFilterChain.doFilter(ObservationFilterChainDecorator.java:137)
	at org.springframework.security.web.servletapi.SecurityContextHolderAwareRequestFilter.doFilter(SecurityContextHolderAwareRequestFilter.java:179)
	at org.springframework.security.web.ObservationFilterChainDecorator$ObservationFilter.wrapFilter(ObservationFilterChainDecorator.java:240)
	at org.springframework.security.web.ObservationFilterChainDecorator$ObservationFilter.doFilter(ObservationFilterChainDecorator.java:227)
	at org.springframework.security.web.ObservationFilterChainDecorator$VirtualFilterChain.doFilter(ObservationFilterChainDecorator.java:137)
	at org.springframework.security.web.savedrequest.RequestCacheAwareFilter.doFilter(RequestCacheAwareFilter.java:63)
	at org.springframework.security.web.ObservationFilterChainDecorator$ObservationFilter.wrapFilter(ObservationFilterChainDecorator.java:240)
	at org.springframework.security.web.ObservationFilterChainDecorator$ObservationFilter.doFilter(ObservationFilterChainDecorator.java:227)
	at org.springframework.security.web.ObservationFilterChainDecorator$VirtualFilterChain.doFilter(ObservationFilterChainDecorator.java:137)
	at org.springframework.security.web.authentication.www.BasicAuthenticationFilter.doFilterInternal(BasicAuthenticationFilter.java:181)
	at org.springframework.web.filter.OncePerRequestFilter.doFilter(OncePerRequestFilter.java:116)
	at org.springframework.security.web.ObservationFilterChainDecorator$ObservationFilter.wrapFilter(ObservationFilterChainDecorator.java:240)
	at org.springframework.security.web.ObservationFilterChainDecorator$ObservationFilter.doFilter(ObservationFilterChainDecorator.java:227)
	at org.springframework.security.web.ObservationFilterChainDecorator$VirtualFilterChain.doFilter(ObservationFilterChainDecorator.java:137)
	at org.springframework.security.web.authentication.ui.DefaultLogoutPageGeneratingFilter.doFilterInternal(DefaultLogoutPageGeneratingFilter.java:58)
	at org.springframework.web.filter.OncePerRequestFilter.doFilter(OncePerRequestFilter.java:116)
	at org.springframework.security.web.ObservationFilterChainDecorator$ObservationFilter.wrapFilter(ObservationFilterChainDecorator.java:240)
	at org.springframework.security.web.ObservationFilterChainDecorator$ObservationFilter.doFilter(ObservationFilterChainDecorator.java:227)
	at org.springframework.security.web.ObservationFilterChainDecorator$VirtualFilterChain.doFilter(ObservationFilterChainDecorator.java:137)
	at org.springframework.security.web.authentication.ui.DefaultLoginPageGeneratingFilter.doFilter(DefaultLoginPageGeneratingFilter.java:189)
	at org.springframework.security.web.authentication.ui.DefaultLoginPageGeneratingFilter.doFilter(DefaultLoginPageGeneratingFilter.java:175)
	at org.springframework.security.web.ObservationFilterChainDecorator$ObservationFilter.wrapFilter(ObservationFilterChainDecorator.java:240)
	at org.springframework.security.web.ObservationFilterChainDecorator$ObservationFilter.doFilter(ObservationFilterChainDecorator.java:227)
	at org.springframework.security.web.ObservationFilterChainDecorator$VirtualFilterChain.doFilter(ObservationFilterChainDecorator.java:137)
	at org.springframework.security.web.authentication.AbstractAuthenticationProcessingFilter.doFilter(AbstractAuthenticationProcessingFilter.java:227)
	at org.springframework.security.web.authentication.AbstractAuthenticationProcessingFilter.doFilter(AbstractAuthenticationProcessingFilter.java:221)
	at org.springframework.security.web.ObservationFilterChainDecorator$ObservationFilter.wrapFilter(ObservationFilterChainDecorator.java:240)
	at org.springframework.security.web.ObservationFilterChainDecorator$ObservationFilter.doFilter(ObservationFilterChainDecorator.java:227)
	at org.springframework.security.web.ObservationFilterChainDecorator$VirtualFilterChain.doFilter(ObservationFilterChainDecorator.java:137)
	at org.springframework.security.web.authentication.logout.LogoutFilter.doFilter(LogoutFilter.java:107)
	at org.springframework.security.web.authentication.logout.LogoutFilter.doFilter(LogoutFilter.java:93)
	at org.springframework.security.web.ObservationFilterChainDecorator$ObservationFilter.wrapFilter(ObservationFilterChainDecorator.java:240)
	at org.springframework.security.web.ObservationFilterChainDecorator$ObservationFilter.doFilter(ObservationFilterChainDecorator.java:227)
	at org.springframework.security.web.ObservationFilterChainDecorator$VirtualFilterChain.doFilter(ObservationFilterChainDecorator.java:137)
	at org.springframework.security.web.csrf.CsrfFilter.doFilterInternal(CsrfFilter.java:117)
	at org.springframework.web.filter.OncePerRequestFilter.doFilter(OncePerRequestFilter.java:116)
	at org.springframework.security.web.ObservationFilterChainDecorator$ObservationFilter.wrapFilter(ObservationFilterChainDecorator.java:240)
	at org.springframework.security.web.ObservationFilterChainDecorator$ObservationFilter.doFilter(ObservationFilterChainDecorator.java:227)
	at org.springframework.security.web.ObservationFilterChainDecorator$VirtualFilterChain.doFilter(ObservationFilterChainDecorator.java:137)
	at org.springframework.web.filter.CorsFilter.doFilterInternal(CorsFilter.java:91)
	at org.springframework.web.filter.OncePerRequestFilter.doFilter(OncePerRequestFilter.java:116)
	at org.springframework.security.web.ObservationFilterChainDecorator$ObservationFilter.wrapFilter(ObservationFilterChainDecorator.java:240)
	at org.springframework.security.web.ObservationFilterChainDecorator$ObservationFilter.doFilter(ObservationFilterChainDecorator.java:227)
	at org.springframework.security.web.ObservationFilterChainDecorator$VirtualFilterChain.doFilter(ObservationFilterChainDecorator.java:137)
	at org.springframework.security.web.header.HeaderWriterFilter.doHeadersAfter(HeaderWriterFilter.java:90)
	at org.springframework.security.web.header.HeaderWriterFilter.doFilterInternal(HeaderWriterFilter.java:75)
	at org.springframework.web.filter.OncePerRequestFilter.doFilter(OncePerRequestFilter.java:116)
	at org.springframework.security.web.ObservationFilterChainDecorator$ObservationFilter.wrapFilter(ObservationFilterChainDecorator.java:240)
	at org.springframework.security.web.ObservationFilterChainDecorator$ObservationFilter.doFilter(ObservationFilterChainDecorator.java:227)
	at org.springframework.security.web.ObservationFilterChainDecorator$VirtualFilterChain.doFilter(ObservationFilterChainDecorator.java:137)
	at org.springframework.security.web.context.SecurityContextHolderFilter.doFilter(SecurityContextHolderFilter.java:82)
	at org.springframework.security.web.context.SecurityContextHolderFilter.doFilter(SecurityContextHolderFilter.java:69)
	at org.springframework.security.web.ObservationFilterChainDecorator$ObservationFilter.wrapFilter(ObservationFilterChainDecorator.java:240)
	at org.springframework.security.web.ObservationFilterChainDecorator$ObservationFilter.doFilter(ObservationFilterChainDecorator.java:227)
	at org.springframework.security.web.ObservationFilterChainDecorator$VirtualFilterChain.doFilter(ObservationFilterChainDecorator.java:137)
	at org.springframework.security.web.context.request.async.WebAsyncManagerIntegrationFilter.doFilterInternal(WebAsyncManagerIntegrationFilter.java:62)
	at org.springframework.web.filter.OncePerRequestFilter.doFilter(OncePerRequestFilter.java:116)
	at org.springframework.security.web.ObservationFilterChainDecorator$ObservationFilter.wrapFilter(ObservationFilterChainDecorator.java:240)
	at org.springframework.security.web.ObservationFilterChainDecorator$ObservationFilter.doFilter(ObservationFilterChainDecorator.java:227)
	at org.springframework.security.web.ObservationFilterChainDecorator$VirtualFilterChain.doFilter(ObservationFilterChainDecorator.java:137)
	at org.springframework.security.web.session.DisableEncodeUrlFilter.doFilterInternal(DisableEncodeUrlFilter.java:42)
	at org.springframework.web.filter.OncePerRequestFilter.doFilter(OncePerRequestFilter.java:116)
	at org.springframework.security.web.ObservationFilterChainDecorator$ObservationFilter.wrapFilter(ObservationFilterChainDecorator.java:240)
	at org.springframework.security.web.ObservationFilterChainDecorator$AroundFilterObservation$SimpleAroundFilterObservation.lambda$wrap$0(ObservationFilterChainDecorator.java:323)
	at org.springframework.security.web.ObservationFilterChainDecorator$ObservationFilter.doFilter(ObservationFilterChainDecorator.java:224)
	at org.springframework.security.web.ObservationFilterChainDecorator$VirtualFilterChain.doFilter(ObservationFilterChainDecorator.java:137)
	at org.springframework.security.web.FilterChainProxy.doFilterInternal(FilterChainProxy.java:233)
	at org.springframework.security.web.FilterChainProxy.doFilter(FilterChainProxy.java:191)
	at org.springframework.web.filter.CompositeFilter$VirtualFilterChain.doFilter(CompositeFilter.java:113)
	at org.springframework.web.servlet.handler.HandlerMappingIntrospector.lambda$createCacheFilter$3(HandlerMappingIntrospector.java:195)
	at org.springframework.web.filter.CompositeFilter$VirtualFilterChain.doFilter(CompositeFilter.java:113)
	at org.springframework.web.filter.CompositeFilter.doFilter(CompositeFilter.java:74)
	at org.springframework.security.config.annotation.web.configuration.WebMvcSecurityConfiguration$CompositeFilterChainProxy.doFilter(WebMvcSecurityConfiguration.java:230)
	at org.springframework.web.filter.DelegatingFilterProxy.invokeDelegate(DelegatingFilterProxy.java:352)
	at org.springframework.web.filter.DelegatingFilterProxy.doFilter(DelegatingFilterProxy.java:268)
	at org.apache.catalina.core.ApplicationFilterChain.internalDoFilter(ApplicationFilterChain.java:174)
	at org.apache.catalina.core.ApplicationFilterChain.doFilter(ApplicationFilterChain.java:149)
	at org.springframework.web.filter.RequestContextFilter.doFilterInternal(RequestContextFilter.java:100)
	at org.springframework.web.filter.OncePerRequestFilter.doFilter(OncePerRequestFilter.java:116)
	at org.apache.catalina.core.ApplicationFilterChain.internalDoFilter(ApplicationFilterChain.java:174)
	at org.apache.catalina.core.ApplicationFilterChain.doFilter(ApplicationFilterChain.java:149)
	at org.springframework.web.filter.FormContentFilter.doFilterInternal(FormContentFilter.java:93)
	at org.springframework.web.filter.OncePerRequestFilter.doFilter(OncePerRequestFilter.java:116)
	at org.apache.catalina.core.ApplicationFilterChain.internalDoFilter(ApplicationFilterChain.java:174)
	at org.apache.catalina.core.ApplicationFilterChain.doFilter(ApplicationFilterChain.java:149)
	at org.springframework.web.filter.ServerHttpObservationFilter.doFilterInternal(ServerHttpObservationFilter.java:109)
	at org.springframework.web.filter.OncePerRequestFilter.doFilter(OncePerRequestFilter.java:116)
	at org.apache.catalina.core.ApplicationFilterChain.internalDoFilter(ApplicationFilterChain.java:174)
	at org.apache.catalina.core.ApplicationFilterChain.doFilter(ApplicationFilterChain.java:149)
	at org.springframework.web.filter.CharacterEncodingFilter.doFilterInternal(CharacterEncodingFilter.java:201)
	at org.springframework.web.filter.OncePerRequestFilter.doFilter(OncePerRequestFilter.java:116)
	at org.apache.catalina.core.ApplicationFilterChain.internalDoFilter(ApplicationFilterChain.java:174)
	at org.apache.catalina.core.ApplicationFilterChain.doFilter(ApplicationFilterChain.java:149)
	at org.apache.catalina.core.StandardWrapperValve.invoke(StandardWrapperValve.java:167)
	at org.apache.catalina.core.StandardContextValve.invoke(StandardContextValve.java:90)
	at org.apache.catalina.authenticator.AuthenticatorBase.invoke(AuthenticatorBase.java:482)
	at org.apache.catalina.core.StandardHostValve.invoke(StandardHostValve.java:115)
	at org.apache.catalina.valves.ErrorReportValve.invoke(ErrorReportValve.java:93)
	at org.apache.catalina.core.StandardEngineValve.invoke(StandardEngineValve.java:74)
	at org.apache.catalina.connector.CoyoteAdapter.service(CoyoteAdapter.java:344)
	at org.apache.coyote.http11.Http11Processor.service(Http11Processor.java:391)
	at org.apache.coyote.AbstractProcessorLight.process(AbstractProcessorLight.java:63)
	at org.apache.coyote.AbstractProtocol$ConnectionHandler.process(AbstractProtocol.java:896)
	at org.apache.tomcat.util.net.NioEndpoint$SocketProcessor.doRun(NioEndpoint.java:1744)
	at org.apache.tomcat.util.net.SocketProcessorBase.run(SocketProcessorBase.java:52)
	at org.apache.tomcat.util.threads.ThreadPoolExecutor.runWorker(ThreadPoolExecutor.java:1191)
	at org.apache.tomcat.util.threads.ThreadPoolExecutor$Worker.run(ThreadPoolExecutor.java:659)
	at org.apache.tomcat.util.threads.TaskThread$WrappingRunnable.run(TaskThread.java:63)
	at java.base/java.lang.Thread.run(Thread.java:1583)
Caused by: org.h2.jdbc.JdbcSQLInvalidAuthorizationSpecException: Wrong user name or password [28000-224]
	at org.h2.message.DbException.getJdbcSQLException(DbException.java:522)
	at org.h2.message.DbException.getJdbcSQLException(DbException.java:489)
	at org.h2.message.DbException.get(DbException.java:223)
	at org.h2.message.DbException.get(DbException.java:199)
	at org.h2.message.DbException.get(DbException.java:188)
	at org.h2.engine.Engine.validateUserAndPassword(Engine.java:396)
	at org.h2.engine.Engine.createSession(Engine.java:206)
	at org.h2.engine.SessionRemote.connectEmbeddedOrServer(SessionRemote.java:343)
	at org.h2.jdbc.JdbcConnection.<init>(JdbcConnection.java:125)
	at org.h2.Driver.connect(Driver.java:59)
	at com.zaxxer.hikari.util.DriverDataSource.getConnection(DriverDataSource.java:138)
	at com.zaxxer.hikari.pool.PoolBase.newConnection(PoolBase.java:359)
	at com.zaxxer.hikari.pool.PoolBase.newPoolEntry(PoolBase.java:201)
	at com.zaxxer.hikari.pool.HikariPool.createPoolEntry(HikariPool.java:470)
	at com.zaxxer.hikari.pool.HikariPool.checkFailFast(HikariPool.java:561)
	at com.zaxxer.hikari.pool.HikariPool.<init>(HikariPool.java:100)
	at com.zaxxer.hikari.HikariDataSource.getConnection(HikariDataSource.java:112)
	at org.springframework.jdbc.datasource.DataSourceUtils.fetchConnection(DataSourceUtils.java:160)
	at org.springframework.jdbc.datasource.DataSourceUtils.doGetConnection(DataSourceUtils.java:118)
	at org.springframework.jdbc.datasource.DataSourceUtils.getConnection(DataSourceUtils.java:81)
	... 170 common frames omitted
2025-03-08 14:30:59.549 [http-nio-8083-exec-1] DEBUG o.s.w.s.m.m.a.HttpEntityMethodProcessor - Using 'application/vnd.spring-boot.actuator.v3+json', given [*/*] and supported [application/vnd.spring-boot.actuator.v3+json, application/vnd.spring-boot.actuator.v2+json, application/json]
2025-03-08 14:30:59.575 [http-nio-8083-exec-1] DEBUG o.s.w.s.m.m.a.HttpEntityMethodProcessor - Writing [org.springframework.boot.actuate.health.SystemHealth@bfc79d0]
2025-03-08 14:30:59.595 [http-nio-8083-exec-1] DEBUG o.s.web.servlet.DispatcherServlet - Completed 503 SERVICE_UNAVAILABLE
2025-03-08 14:30:59.597 [http-nio-8083-exec-1] DEBUG o.s.s.w.a.AnonymousAuthenticationFilter - Set SecurityContextHolder to anonymous SecurityContext
2025-03-08 14:31:56.231 [MessageBroker-1] INFO  o.s.w.s.c.WebSocketMessageBrokerStats - WebSocketSession[0 current WS(0)-HttpStream(0)-HttpPoll(0), 0 total, 0 closed abnormally (0 connect failure, 0 send limit, 0 transport error)], stompSubProtocol[processed CONNECT(0)-CONNECTED(0)-DISCONNECT(0)], stompBrokerRelay[null], inboundChannel[pool size = 0, active threads = 0, queued tasks = 0, completed tasks = 0], outboundChannel[pool size = 0, active threads = 0, queued tasks = 0, completed tasks = 0], sockJsScheduler[pool size = 1, active threads = 1, queued tasks = 0, completed tasks = 0]
2025-03-08 14:36:12.091 [http-nio-8083-exec-2] DEBUG o.s.security.web.FilterChainProxy - Securing GET /actuator/health
2025-03-08 14:36:12.096 [http-nio-8083-exec-2] DEBUG o.s.security.web.FilterChainProxy - Secured GET /actuator/health
2025-03-08 14:36:12.096 [http-nio-8083-exec-2] DEBUG o.s.web.servlet.DispatcherServlet - GET "/actuator/health", parameters={}
2025-03-08 14:36:12.098 [http-nio-8083-exec-2] DEBUG o.s.w.s.m.m.a.RequestResponseBodyMethodProcessor - Read "application/octet-stream" to []
2025-03-08 14:36:12.103 [http-nio-8083-exec-2] INFO  com.zaxxer.hikari.HikariDataSource - HikariPool-1 - Starting...
2025-03-08 14:36:13.020 [main] INFO  com.chatapp.RealtimeChatApplication - Starting RealtimeChatApplication v0.0.1-SNAPSHOT using Java 21.0.6 with PID 21532 (D:\jetbrains\cursor\real-time-app\backend\target\realtime-chat-0.0.1-SNAPSHOT.jar started by lenovo in D:\jetbrains\cursor\real-time-app\backend)
2025-03-08 14:36:13.022 [main] INFO  com.chatapp.RealtimeChatApplication - The following 1 profile is active: "prod"
2025-03-08 14:36:13.892 [main] INFO  o.s.d.r.c.RepositoryConfigurationDelegate - Bootstrapping Spring Data JPA repositories in DEFAULT mode.
2025-03-08 14:36:13.908 [main] INFO  o.s.d.r.c.RepositoryConfigurationDelegate - Finished Spring Data repository scanning in 8 ms. Found 0 JPA repository interfaces.
2025-03-08 14:36:14.315 [http-nio-8083-exec-2] ERROR com.zaxxer.hikari.pool.HikariPool - HikariPool-1 - Exception during pool initialization.
org.h2.jdbc.JdbcSQLInvalidAuthorizationSpecException: Wrong user name or password [28000-224]
	at org.h2.message.DbException.getJdbcSQLException(DbException.java:522)
	at org.h2.message.DbException.getJdbcSQLException(DbException.java:489)
	at org.h2.message.DbException.get(DbException.java:223)
	at org.h2.message.DbException.get(DbException.java:199)
	at org.h2.message.DbException.get(DbException.java:188)
	at org.h2.engine.Engine.validateUserAndPassword(Engine.java:396)
	at org.h2.engine.Engine.createSession(Engine.java:206)
	at org.h2.engine.SessionRemote.connectEmbeddedOrServer(SessionRemote.java:343)
	at org.h2.jdbc.JdbcConnection.<init>(JdbcConnection.java:125)
	at org.h2.Driver.connect(Driver.java:59)
	at com.zaxxer.hikari.util.DriverDataSource.getConnection(DriverDataSource.java:138)
	at com.zaxxer.hikari.pool.PoolBase.newConnection(PoolBase.java:359)
	at com.zaxxer.hikari.pool.PoolBase.newPoolEntry(PoolBase.java:201)
	at com.zaxxer.hikari.pool.HikariPool.createPoolEntry(HikariPool.java:470)
	at com.zaxxer.hikari.pool.HikariPool.checkFailFast(HikariPool.java:561)
	at com.zaxxer.hikari.pool.HikariPool.<init>(HikariPool.java:100)
	at com.zaxxer.hikari.HikariDataSource.getConnection(HikariDataSource.java:112)
	at org.springframework.jdbc.datasource.DataSourceUtils.fetchConnection(DataSourceUtils.java:160)
	at org.springframework.jdbc.datasource.DataSourceUtils.doGetConnection(DataSourceUtils.java:118)
	at org.springframework.jdbc.datasource.DataSourceUtils.getConnection(DataSourceUtils.java:81)
	at org.springframework.jdbc.core.JdbcTemplate.execute(JdbcTemplate.java:342)
	at org.springframework.boot.actuate.jdbc.DataSourceHealthIndicator.getProduct(DataSourceHealthIndicator.java:122)
	at org.springframework.boot.actuate.jdbc.DataSourceHealthIndicator.doDataSourceHealthCheck(DataSourceHealthIndicator.java:105)
	at org.springframework.boot.actuate.jdbc.DataSourceHealthIndicator.doHealthCheck(DataSourceHealthIndicator.java:100)
	at org.springframework.boot.actuate.health.AbstractHealthIndicator.health(AbstractHealthIndicator.java:82)
	at org.springframework.boot.actuate.health.HealthIndicator.getHealth(HealthIndicator.java:37)
	at org.springframework.boot.actuate.health.HealthEndpointWebExtension.getHealth(HealthEndpointWebExtension.java:94)
	at org.springframework.boot.actuate.health.HealthEndpointWebExtension.getHealth(HealthEndpointWebExtension.java:47)
	at org.springframework.boot.actuate.health.HealthEndpointSupport.getLoggedHealth(HealthEndpointSupport.java:172)
	at org.springframework.boot.actuate.health.HealthEndpointSupport.getContribution(HealthEndpointSupport.java:145)
	at org.springframework.boot.actuate.health.HealthEndpointSupport.getAggregateContribution(HealthEndpointSupport.java:156)
	at org.springframework.boot.actuate.health.HealthEndpointSupport.getContribution(HealthEndpointSupport.java:141)
	at org.springframework.boot.actuate.health.HealthEndpointSupport.getHealth(HealthEndpointSupport.java:110)
	at org.springframework.boot.actuate.health.HealthEndpointSupport.getHealth(HealthEndpointSupport.java:81)
	at org.springframework.boot.actuate.health.HealthEndpointWebExtension.health(HealthEndpointWebExtension.java:80)
	at org.springframework.boot.actuate.health.HealthEndpointWebExtension.health(HealthEndpointWebExtension.java:69)
	at java.base/jdk.internal.reflect.DirectMethodHandleAccessor.invoke(DirectMethodHandleAccessor.java:103)
	at java.base/java.lang.reflect.Method.invoke(Method.java:580)
	at org.springframework.util.ReflectionUtils.invokeMethod(ReflectionUtils.java:281)
	at org.springframework.boot.actuate.endpoint.invoke.reflect.ReflectiveOperationInvoker.invoke(ReflectiveOperationInvoker.java:74)
	at org.springframework.boot.actuate.endpoint.annotation.AbstractDiscoveredOperation.invoke(AbstractDiscoveredOperation.java:60)
	at org.springframework.boot.actuate.endpoint.web.servlet.AbstractWebMvcEndpointHandlerMapping$ServletWebOperationAdapter.handle(AbstractWebMvcEndpointHandlerMapping.java:327)
	at org.springframework.boot.actuate.endpoint.web.servlet.AbstractWebMvcEndpointHandlerMapping$OperationHandler.handle(AbstractWebMvcEndpointHandlerMapping.java:434)
	at java.base/jdk.internal.reflect.DirectMethodHandleAccessor.invoke(DirectMethodHandleAccessor.java:103)
	at java.base/java.lang.reflect.Method.invoke(Method.java:580)
	at org.springframework.web.method.support.InvocableHandlerMethod.doInvoke(InvocableHandlerMethod.java:259)
	at org.springframework.web.method.support.InvocableHandlerMethod.invokeForRequest(InvocableHandlerMethod.java:192)
	at org.springframework.web.servlet.mvc.method.annotation.ServletInvocableHandlerMethod.invokeAndHandle(ServletInvocableHandlerMethod.java:118)
	at org.springframework.web.servlet.mvc.method.annotation.RequestMappingHandlerAdapter.invokeHandlerMethod(RequestMappingHandlerAdapter.java:920)
	at org.springframework.web.servlet.mvc.method.annotation.RequestMappingHandlerAdapter.handleInternal(RequestMappingHandlerAdapter.java:830)
	at org.springframework.web.servlet.mvc.method.AbstractHandlerMethodAdapter.handle(AbstractHandlerMethodAdapter.java:87)
	at org.springframework.web.servlet.DispatcherServlet.doDispatch(DispatcherServlet.java:1089)
	at org.springframework.web.servlet.DispatcherServlet.doService(DispatcherServlet.java:979)
	at org.springframework.web.servlet.FrameworkServlet.processRequest(FrameworkServlet.java:1014)
	at org.springframework.web.servlet.FrameworkServlet.doGet(FrameworkServlet.java:903)
	at jakarta.servlet.http.HttpServlet.service(HttpServlet.java:564)
	at org.springframework.web.servlet.FrameworkServlet.service(FrameworkServlet.java:885)
	at jakarta.servlet.http.HttpServlet.service(HttpServlet.java:658)
	at org.apache.catalina.core.ApplicationFilterChain.internalDoFilter(ApplicationFilterChain.java:205)
	at org.apache.catalina.core.ApplicationFilterChain.doFilter(ApplicationFilterChain.java:149)
	at org.apache.tomcat.websocket.server.WsFilter.doFilter(WsFilter.java:51)
	at org.apache.catalina.core.ApplicationFilterChain.internalDoFilter(ApplicationFilterChain.java:174)
	at org.apache.catalina.core.ApplicationFilterChain.doFilter(ApplicationFilterChain.java:149)
	at org.springframework.web.filter.CompositeFilter$VirtualFilterChain.doFilter(CompositeFilter.java:108)
	at org.springframework.security.web.FilterChainProxy.lambda$doFilterInternal$3(FilterChainProxy.java:231)
	at org.springframework.security.web.ObservationFilterChainDecorator$FilterObservation$SimpleFilterObservation.lambda$wrap$1(ObservationFilterChainDecorator.java:479)
	at org.springframework.security.web.ObservationFilterChainDecorator$AroundFilterObservation$SimpleAroundFilterObservation.lambda$wrap$1(ObservationFilterChainDecorator.java:340)
	at org.springframework.security.web.ObservationFilterChainDecorator.lambda$wrapSecured$0(ObservationFilterChainDecorator.java:82)
	at org.springframework.security.web.ObservationFilterChainDecorator$VirtualFilterChain.doFilter(ObservationFilterChainDecorator.java:128)
	at org.springframework.security.web.access.intercept.AuthorizationFilter.doFilter(AuthorizationFilter.java:100)
	at org.springframework.security.web.ObservationFilterChainDecorator$ObservationFilter.wrapFilter(ObservationFilterChainDecorator.java:240)
	at org.springframework.security.web.ObservationFilterChainDecorator$ObservationFilter.doFilter(ObservationFilterChainDecorator.java:227)
	at org.springframework.security.web.ObservationFilterChainDecorator$VirtualFilterChain.doFilter(ObservationFilterChainDecorator.java:137)
	at org.springframework.security.web.access.ExceptionTranslationFilter.doFilter(ExceptionTranslationFilter.java:126)
	at org.springframework.security.web.access.ExceptionTranslationFilter.doFilter(ExceptionTranslationFilter.java:120)
	at org.springframework.security.web.ObservationFilterChainDecorator$ObservationFilter.wrapFilter(ObservationFilterChainDecorator.java:240)
	at org.springframework.security.web.ObservationFilterChainDecorator$ObservationFilter.doFilter(ObservationFilterChainDecorator.java:227)
	at org.springframework.security.web.ObservationFilterChainDecorator$VirtualFilterChain.doFilter(ObservationFilterChainDecorator.java:137)
	at org.springframework.security.web.authentication.AnonymousAuthenticationFilter.doFilter(AnonymousAuthenticationFilter.java:100)
	at org.springframework.security.web.ObservationFilterChainDecorator$ObservationFilter.wrapFilter(ObservationFilterChainDecorator.java:240)
	at org.springframework.security.web.ObservationFilterChainDecorator$ObservationFilter.doFilter(ObservationFilterChainDecorator.java:227)
	at org.springframework.security.web.ObservationFilterChainDecorator$VirtualFilterChain.doFilter(ObservationFilterChainDecorator.java:137)
	at org.springframework.security.web.servletapi.SecurityContextHolderAwareRequestFilter.doFilter(SecurityContextHolderAwareRequestFilter.java:179)
	at org.springframework.security.web.ObservationFilterChainDecorator$ObservationFilter.wrapFilter(ObservationFilterChainDecorator.java:240)
	at org.springframework.security.web.ObservationFilterChainDecorator$ObservationFilter.doFilter(ObservationFilterChainDecorator.java:227)
	at org.springframework.security.web.ObservationFilterChainDecorator$VirtualFilterChain.doFilter(ObservationFilterChainDecorator.java:137)
	at org.springframework.security.web.savedrequest.RequestCacheAwareFilter.doFilter(RequestCacheAwareFilter.java:63)
	at org.springframework.security.web.ObservationFilterChainDecorator$ObservationFilter.wrapFilter(ObservationFilterChainDecorator.java:240)
	at org.springframework.security.web.ObservationFilterChainDecorator$ObservationFilter.doFilter(ObservationFilterChainDecorator.java:227)
	at org.springframework.security.web.ObservationFilterChainDecorator$VirtualFilterChain.doFilter(ObservationFilterChainDecorator.java:137)
	at org.springframework.security.web.authentication.www.BasicAuthenticationFilter.doFilterInternal(BasicAuthenticationFilter.java:181)
	at org.springframework.web.filter.OncePerRequestFilter.doFilter(OncePerRequestFilter.java:116)
	at org.springframework.security.web.ObservationFilterChainDecorator$ObservationFilter.wrapFilter(ObservationFilterChainDecorator.java:240)
	at org.springframework.security.web.ObservationFilterChainDecorator$ObservationFilter.doFilter(ObservationFilterChainDecorator.java:227)
	at org.springframework.security.web.ObservationFilterChainDecorator$VirtualFilterChain.doFilter(ObservationFilterChainDecorator.java:137)
	at org.springframework.security.web.authentication.ui.DefaultLogoutPageGeneratingFilter.doFilterInternal(DefaultLogoutPageGeneratingFilter.java:58)
	at org.springframework.web.filter.OncePerRequestFilter.doFilter(OncePerRequestFilter.java:116)
	at org.springframework.security.web.ObservationFilterChainDecorator$ObservationFilter.wrapFilter(ObservationFilterChainDecorator.java:240)
	at org.springframework.security.web.ObservationFilterChainDecorator$ObservationFilter.doFilter(ObservationFilterChainDecorator.java:227)
	at org.springframework.security.web.ObservationFilterChainDecorator$VirtualFilterChain.doFilter(ObservationFilterChainDecorator.java:137)
	at org.springframework.security.web.authentication.ui.DefaultLoginPageGeneratingFilter.doFilter(DefaultLoginPageGeneratingFilter.java:189)
	at org.springframework.security.web.authentication.ui.DefaultLoginPageGeneratingFilter.doFilter(DefaultLoginPageGeneratingFilter.java:175)
	at org.springframework.security.web.ObservationFilterChainDecorator$ObservationFilter.wrapFilter(ObservationFilterChainDecorator.java:240)
	at org.springframework.security.web.ObservationFilterChainDecorator$ObservationFilter.doFilter(ObservationFilterChainDecorator.java:227)
	at org.springframework.security.web.ObservationFilterChainDecorator$VirtualFilterChain.doFilter(ObservationFilterChainDecorator.java:137)
	at org.springframework.security.web.authentication.AbstractAuthenticationProcessingFilter.doFilter(AbstractAuthenticationProcessingFilter.java:227)
	at org.springframework.security.web.authentication.AbstractAuthenticationProcessingFilter.doFilter(AbstractAuthenticationProcessingFilter.java:221)
	at org.springframework.security.web.ObservationFilterChainDecorator$ObservationFilter.wrapFilter(ObservationFilterChainDecorator.java:240)
	at org.springframework.security.web.ObservationFilterChainDecorator$ObservationFilter.doFilter(ObservationFilterChainDecorator.java:227)
	at org.springframework.security.web.ObservationFilterChainDecorator$VirtualFilterChain.doFilter(ObservationFilterChainDecorator.java:137)
	at org.springframework.security.web.authentication.logout.LogoutFilter.doFilter(LogoutFilter.java:107)
	at org.springframework.security.web.authentication.logout.LogoutFilter.doFilter(LogoutFilter.java:93)
	at org.springframework.security.web.ObservationFilterChainDecorator$ObservationFilter.wrapFilter(ObservationFilterChainDecorator.java:240)
	at org.springframework.security.web.ObservationFilterChainDecorator$ObservationFilter.doFilter(ObservationFilterChainDecorator.java:227)
	at org.springframework.security.web.ObservationFilterChainDecorator$VirtualFilterChain.doFilter(ObservationFilterChainDecorator.java:137)
	at org.springframework.security.web.csrf.CsrfFilter.doFilterInternal(CsrfFilter.java:117)
	at org.springframework.web.filter.OncePerRequestFilter.doFilter(OncePerRequestFilter.java:116)
	at org.springframework.security.web.ObservationFilterChainDecorator$ObservationFilter.wrapFilter(ObservationFilterChainDecorator.java:240)
	at org.springframework.security.web.ObservationFilterChainDecorator$ObservationFilter.doFilter(ObservationFilterChainDecorator.java:227)
	at org.springframework.security.web.ObservationFilterChainDecorator$VirtualFilterChain.doFilter(ObservationFilterChainDecorator.java:137)
	at org.springframework.web.filter.CorsFilter.doFilterInternal(CorsFilter.java:91)
	at org.springframework.web.filter.OncePerRequestFilter.doFilter(OncePerRequestFilter.java:116)
	at org.springframework.security.web.ObservationFilterChainDecorator$ObservationFilter.wrapFilter(ObservationFilterChainDecorator.java:240)
	at org.springframework.security.web.ObservationFilterChainDecorator$ObservationFilter.doFilter(ObservationFilterChainDecorator.java:227)
	at org.springframework.security.web.ObservationFilterChainDecorator$VirtualFilterChain.doFilter(ObservationFilterChainDecorator.java:137)
	at org.springframework.security.web.header.HeaderWriterFilter.doHeadersAfter(HeaderWriterFilter.java:90)
	at org.springframework.security.web.header.HeaderWriterFilter.doFilterInternal(HeaderWriterFilter.java:75)
	at org.springframework.web.filter.OncePerRequestFilter.doFilter(OncePerRequestFilter.java:116)
	at org.springframework.security.web.ObservationFilterChainDecorator$ObservationFilter.wrapFilter(ObservationFilterChainDecorator.java:240)
	at org.springframework.security.web.ObservationFilterChainDecorator$ObservationFilter.doFilter(ObservationFilterChainDecorator.java:227)
	at org.springframework.security.web.ObservationFilterChainDecorator$VirtualFilterChain.doFilter(ObservationFilterChainDecorator.java:137)
	at org.springframework.security.web.context.SecurityContextHolderFilter.doFilter(SecurityContextHolderFilter.java:82)
	at org.springframework.security.web.context.SecurityContextHolderFilter.doFilter(SecurityContextHolderFilter.java:69)
	at org.springframework.security.web.ObservationFilterChainDecorator$ObservationFilter.wrapFilter(ObservationFilterChainDecorator.java:240)
	at org.springframework.security.web.ObservationFilterChainDecorator$ObservationFilter.doFilter(ObservationFilterChainDecorator.java:227)
	at org.springframework.security.web.ObservationFilterChainDecorator$VirtualFilterChain.doFilter(ObservationFilterChainDecorator.java:137)
	at org.springframework.security.web.context.request.async.WebAsyncManagerIntegrationFilter.doFilterInternal(WebAsyncManagerIntegrationFilter.java:62)
	at org.springframework.web.filter.OncePerRequestFilter.doFilter(OncePerRequestFilter.java:116)
	at org.springframework.security.web.ObservationFilterChainDecorator$ObservationFilter.wrapFilter(ObservationFilterChainDecorator.java:240)
	at org.springframework.security.web.ObservationFilterChainDecorator$ObservationFilter.doFilter(ObservationFilterChainDecorator.java:227)
	at org.springframework.security.web.ObservationFilterChainDecorator$VirtualFilterChain.doFilter(ObservationFilterChainDecorator.java:137)
	at org.springframework.security.web.session.DisableEncodeUrlFilter.doFilterInternal(DisableEncodeUrlFilter.java:42)
	at org.springframework.web.filter.OncePerRequestFilter.doFilter(OncePerRequestFilter.java:116)
	at org.springframework.security.web.ObservationFilterChainDecorator$ObservationFilter.wrapFilter(ObservationFilterChainDecorator.java:240)
	at org.springframework.security.web.ObservationFilterChainDecorator$AroundFilterObservation$SimpleAroundFilterObservation.lambda$wrap$0(ObservationFilterChainDecorator.java:323)
	at org.springframework.security.web.ObservationFilterChainDecorator$ObservationFilter.doFilter(ObservationFilterChainDecorator.java:224)
	at org.springframework.security.web.ObservationFilterChainDecorator$VirtualFilterChain.doFilter(ObservationFilterChainDecorator.java:137)
	at org.springframework.security.web.FilterChainProxy.doFilterInternal(FilterChainProxy.java:233)
	at org.springframework.security.web.FilterChainProxy.doFilter(FilterChainProxy.java:191)
	at org.springframework.web.filter.CompositeFilter$VirtualFilterChain.doFilter(CompositeFilter.java:113)
	at org.springframework.web.servlet.handler.HandlerMappingIntrospector.lambda$createCacheFilter$3(HandlerMappingIntrospector.java:195)
	at org.springframework.web.filter.CompositeFilter$VirtualFilterChain.doFilter(CompositeFilter.java:113)
	at org.springframework.web.filter.CompositeFilter.doFilter(CompositeFilter.java:74)
	at org.springframework.security.config.annotation.web.configuration.WebMvcSecurityConfiguration$CompositeFilterChainProxy.doFilter(WebMvcSecurityConfiguration.java:230)
	at org.springframework.web.filter.DelegatingFilterProxy.invokeDelegate(DelegatingFilterProxy.java:352)
	at org.springframework.web.filter.DelegatingFilterProxy.doFilter(DelegatingFilterProxy.java:268)
	at org.apache.catalina.core.ApplicationFilterChain.internalDoFilter(ApplicationFilterChain.java:174)
	at org.apache.catalina.core.ApplicationFilterChain.doFilter(ApplicationFilterChain.java:149)
	at org.springframework.web.filter.RequestContextFilter.doFilterInternal(RequestContextFilter.java:100)
	at org.springframework.web.filter.OncePerRequestFilter.doFilter(OncePerRequestFilter.java:116)
	at org.apache.catalina.core.ApplicationFilterChain.internalDoFilter(ApplicationFilterChain.java:174)
	at org.apache.catalina.core.ApplicationFilterChain.doFilter(ApplicationFilterChain.java:149)
	at org.springframework.web.filter.FormContentFilter.doFilterInternal(FormContentFilter.java:93)
	at org.springframework.web.filter.OncePerRequestFilter.doFilter(OncePerRequestFilter.java:116)
	at org.apache.catalina.core.ApplicationFilterChain.internalDoFilter(ApplicationFilterChain.java:174)
	at org.apache.catalina.core.ApplicationFilterChain.doFilter(ApplicationFilterChain.java:149)
	at org.springframework.web.filter.ServerHttpObservationFilter.doFilterInternal(ServerHttpObservationFilter.java:109)
	at org.springframework.web.filter.OncePerRequestFilter.doFilter(OncePerRequestFilter.java:116)
	at org.apache.catalina.core.ApplicationFilterChain.internalDoFilter(ApplicationFilterChain.java:174)
	at org.apache.catalina.core.ApplicationFilterChain.doFilter(ApplicationFilterChain.java:149)
	at org.springframework.web.filter.CharacterEncodingFilter.doFilterInternal(CharacterEncodingFilter.java:201)
	at org.springframework.web.filter.OncePerRequestFilter.doFilter(OncePerRequestFilter.java:116)
	at org.apache.catalina.core.ApplicationFilterChain.internalDoFilter(ApplicationFilterChain.java:174)
	at org.apache.catalina.core.ApplicationFilterChain.doFilter(ApplicationFilterChain.java:149)
	at org.apache.catalina.core.StandardWrapperValve.invoke(StandardWrapperValve.java:167)
	at org.apache.catalina.core.StandardContextValve.invoke(StandardContextValve.java:90)
	at org.apache.catalina.authenticator.AuthenticatorBase.invoke(AuthenticatorBase.java:482)
	at org.apache.catalina.core.StandardHostValve.invoke(StandardHostValve.java:115)
	at org.apache.catalina.valves.ErrorReportValve.invoke(ErrorReportValve.java:93)
	at org.apache.catalina.core.StandardEngineValve.invoke(StandardEngineValve.java:74)
	at org.apache.catalina.connector.CoyoteAdapter.service(CoyoteAdapter.java:344)
	at org.apache.coyote.http11.Http11Processor.service(Http11Processor.java:391)
	at org.apache.coyote.AbstractProcessorLight.process(AbstractProcessorLight.java:63)
	at org.apache.coyote.AbstractProtocol$ConnectionHandler.process(AbstractProtocol.java:896)
	at org.apache.tomcat.util.net.NioEndpoint$SocketProcessor.doRun(NioEndpoint.java:1744)
	at org.apache.tomcat.util.net.SocketProcessorBase.run(SocketProcessorBase.java:52)
	at org.apache.tomcat.util.threads.ThreadPoolExecutor.runWorker(ThreadPoolExecutor.java:1191)
	at org.apache.tomcat.util.threads.ThreadPoolExecutor$Worker.run(ThreadPoolExecutor.java:659)
	at org.apache.tomcat.util.threads.TaskThread$WrappingRunnable.run(TaskThread.java:63)
	at java.base/java.lang.Thread.run(Thread.java:1583)
2025-03-08 14:36:14.317 [http-nio-8083-exec-2] WARN  o.s.b.a.j.DataSourceHealthIndicator - DataSource health check failed
org.springframework.jdbc.CannotGetJdbcConnectionException: Failed to obtain JDBC Connection
	at org.springframework.jdbc.datasource.DataSourceUtils.getConnection(DataSourceUtils.java:84)
	at org.springframework.jdbc.core.JdbcTemplate.execute(JdbcTemplate.java:342)
	at org.springframework.boot.actuate.jdbc.DataSourceHealthIndicator.getProduct(DataSourceHealthIndicator.java:122)
	at org.springframework.boot.actuate.jdbc.DataSourceHealthIndicator.doDataSourceHealthCheck(DataSourceHealthIndicator.java:105)
	at org.springframework.boot.actuate.jdbc.DataSourceHealthIndicator.doHealthCheck(DataSourceHealthIndicator.java:100)
	at org.springframework.boot.actuate.health.AbstractHealthIndicator.health(AbstractHealthIndicator.java:82)
	at org.springframework.boot.actuate.health.HealthIndicator.getHealth(HealthIndicator.java:37)
	at org.springframework.boot.actuate.health.HealthEndpointWebExtension.getHealth(HealthEndpointWebExtension.java:94)
	at org.springframework.boot.actuate.health.HealthEndpointWebExtension.getHealth(HealthEndpointWebExtension.java:47)
	at org.springframework.boot.actuate.health.HealthEndpointSupport.getLoggedHealth(HealthEndpointSupport.java:172)
	at org.springframework.boot.actuate.health.HealthEndpointSupport.getContribution(HealthEndpointSupport.java:145)
	at org.springframework.boot.actuate.health.HealthEndpointSupport.getAggregateContribution(HealthEndpointSupport.java:156)
	at org.springframework.boot.actuate.health.HealthEndpointSupport.getContribution(HealthEndpointSupport.java:141)
	at org.springframework.boot.actuate.health.HealthEndpointSupport.getHealth(HealthEndpointSupport.java:110)
	at org.springframework.boot.actuate.health.HealthEndpointSupport.getHealth(HealthEndpointSupport.java:81)
	at org.springframework.boot.actuate.health.HealthEndpointWebExtension.health(HealthEndpointWebExtension.java:80)
	at org.springframework.boot.actuate.health.HealthEndpointWebExtension.health(HealthEndpointWebExtension.java:69)
	at java.base/jdk.internal.reflect.DirectMethodHandleAccessor.invoke(DirectMethodHandleAccessor.java:103)
	at java.base/java.lang.reflect.Method.invoke(Method.java:580)
	at org.springframework.util.ReflectionUtils.invokeMethod(ReflectionUtils.java:281)
	at org.springframework.boot.actuate.endpoint.invoke.reflect.ReflectiveOperationInvoker.invoke(ReflectiveOperationInvoker.java:74)
	at org.springframework.boot.actuate.endpoint.annotation.AbstractDiscoveredOperation.invoke(AbstractDiscoveredOperation.java:60)
	at org.springframework.boot.actuate.endpoint.web.servlet.AbstractWebMvcEndpointHandlerMapping$ServletWebOperationAdapter.handle(AbstractWebMvcEndpointHandlerMapping.java:327)
	at org.springframework.boot.actuate.endpoint.web.servlet.AbstractWebMvcEndpointHandlerMapping$OperationHandler.handle(AbstractWebMvcEndpointHandlerMapping.java:434)
	at java.base/jdk.internal.reflect.DirectMethodHandleAccessor.invoke(DirectMethodHandleAccessor.java:103)
	at java.base/java.lang.reflect.Method.invoke(Method.java:580)
	at org.springframework.web.method.support.InvocableHandlerMethod.doInvoke(InvocableHandlerMethod.java:259)
	at org.springframework.web.method.support.InvocableHandlerMethod.invokeForRequest(InvocableHandlerMethod.java:192)
	at org.springframework.web.servlet.mvc.method.annotation.ServletInvocableHandlerMethod.invokeAndHandle(ServletInvocableHandlerMethod.java:118)
	at org.springframework.web.servlet.mvc.method.annotation.RequestMappingHandlerAdapter.invokeHandlerMethod(RequestMappingHandlerAdapter.java:920)
	at org.springframework.web.servlet.mvc.method.annotation.RequestMappingHandlerAdapter.handleInternal(RequestMappingHandlerAdapter.java:830)
	at org.springframework.web.servlet.mvc.method.AbstractHandlerMethodAdapter.handle(AbstractHandlerMethodAdapter.java:87)
	at org.springframework.web.servlet.DispatcherServlet.doDispatch(DispatcherServlet.java:1089)
	at org.springframework.web.servlet.DispatcherServlet.doService(DispatcherServlet.java:979)
	at org.springframework.web.servlet.FrameworkServlet.processRequest(FrameworkServlet.java:1014)
	at org.springframework.web.servlet.FrameworkServlet.doGet(FrameworkServlet.java:903)
	at jakarta.servlet.http.HttpServlet.service(HttpServlet.java:564)
	at org.springframework.web.servlet.FrameworkServlet.service(FrameworkServlet.java:885)
	at jakarta.servlet.http.HttpServlet.service(HttpServlet.java:658)
	at org.apache.catalina.core.ApplicationFilterChain.internalDoFilter(ApplicationFilterChain.java:205)
	at org.apache.catalina.core.ApplicationFilterChain.doFilter(ApplicationFilterChain.java:149)
	at org.apache.tomcat.websocket.server.WsFilter.doFilter(WsFilter.java:51)
	at org.apache.catalina.core.ApplicationFilterChain.internalDoFilter(ApplicationFilterChain.java:174)
	at org.apache.catalina.core.ApplicationFilterChain.doFilter(ApplicationFilterChain.java:149)
	at org.springframework.web.filter.CompositeFilter$VirtualFilterChain.doFilter(CompositeFilter.java:108)
	at org.springframework.security.web.FilterChainProxy.lambda$doFilterInternal$3(FilterChainProxy.java:231)
	at org.springframework.security.web.ObservationFilterChainDecorator$FilterObservation$SimpleFilterObservation.lambda$wrap$1(ObservationFilterChainDecorator.java:479)
	at org.springframework.security.web.ObservationFilterChainDecorator$AroundFilterObservation$SimpleAroundFilterObservation.lambda$wrap$1(ObservationFilterChainDecorator.java:340)
	at org.springframework.security.web.ObservationFilterChainDecorator.lambda$wrapSecured$0(ObservationFilterChainDecorator.java:82)
	at org.springframework.security.web.ObservationFilterChainDecorator$VirtualFilterChain.doFilter(ObservationFilterChainDecorator.java:128)
	at org.springframework.security.web.access.intercept.AuthorizationFilter.doFilter(AuthorizationFilter.java:100)
	at org.springframework.security.web.ObservationFilterChainDecorator$ObservationFilter.wrapFilter(ObservationFilterChainDecorator.java:240)
	at org.springframework.security.web.ObservationFilterChainDecorator$ObservationFilter.doFilter(ObservationFilterChainDecorator.java:227)
	at org.springframework.security.web.ObservationFilterChainDecorator$VirtualFilterChain.doFilter(ObservationFilterChainDecorator.java:137)
	at org.springframework.security.web.access.ExceptionTranslationFilter.doFilter(ExceptionTranslationFilter.java:126)
	at org.springframework.security.web.access.ExceptionTranslationFilter.doFilter(ExceptionTranslationFilter.java:120)
	at org.springframework.security.web.ObservationFilterChainDecorator$ObservationFilter.wrapFilter(ObservationFilterChainDecorator.java:240)
	at org.springframework.security.web.ObservationFilterChainDecorator$ObservationFilter.doFilter(ObservationFilterChainDecorator.java:227)
	at org.springframework.security.web.ObservationFilterChainDecorator$VirtualFilterChain.doFilter(ObservationFilterChainDecorator.java:137)
	at org.springframework.security.web.authentication.AnonymousAuthenticationFilter.doFilter(AnonymousAuthenticationFilter.java:100)
	at org.springframework.security.web.ObservationFilterChainDecorator$ObservationFilter.wrapFilter(ObservationFilterChainDecorator.java:240)
	at org.springframework.security.web.ObservationFilterChainDecorator$ObservationFilter.doFilter(ObservationFilterChainDecorator.java:227)
	at org.springframework.security.web.ObservationFilterChainDecorator$VirtualFilterChain.doFilter(ObservationFilterChainDecorator.java:137)
	at org.springframework.security.web.servletapi.SecurityContextHolderAwareRequestFilter.doFilter(SecurityContextHolderAwareRequestFilter.java:179)
	at org.springframework.security.web.ObservationFilterChainDecorator$ObservationFilter.wrapFilter(ObservationFilterChainDecorator.java:240)
	at org.springframework.security.web.ObservationFilterChainDecorator$ObservationFilter.doFilter(ObservationFilterChainDecorator.java:227)
	at org.springframework.security.web.ObservationFilterChainDecorator$VirtualFilterChain.doFilter(ObservationFilterChainDecorator.java:137)
	at org.springframework.security.web.savedrequest.RequestCacheAwareFilter.doFilter(RequestCacheAwareFilter.java:63)
	at org.springframework.security.web.ObservationFilterChainDecorator$ObservationFilter.wrapFilter(ObservationFilterChainDecorator.java:240)
	at org.springframework.security.web.ObservationFilterChainDecorator$ObservationFilter.doFilter(ObservationFilterChainDecorator.java:227)
	at org.springframework.security.web.ObservationFilterChainDecorator$VirtualFilterChain.doFilter(ObservationFilterChainDecorator.java:137)
	at org.springframework.security.web.authentication.www.BasicAuthenticationFilter.doFilterInternal(BasicAuthenticationFilter.java:181)
	at org.springframework.web.filter.OncePerRequestFilter.doFilter(OncePerRequestFilter.java:116)
	at org.springframework.security.web.ObservationFilterChainDecorator$ObservationFilter.wrapFilter(ObservationFilterChainDecorator.java:240)
	at org.springframework.security.web.ObservationFilterChainDecorator$ObservationFilter.doFilter(ObservationFilterChainDecorator.java:227)
	at org.springframework.security.web.ObservationFilterChainDecorator$VirtualFilterChain.doFilter(ObservationFilterChainDecorator.java:137)
	at org.springframework.security.web.authentication.ui.DefaultLogoutPageGeneratingFilter.doFilterInternal(DefaultLogoutPageGeneratingFilter.java:58)
	at org.springframework.web.filter.OncePerRequestFilter.doFilter(OncePerRequestFilter.java:116)
	at org.springframework.security.web.ObservationFilterChainDecorator$ObservationFilter.wrapFilter(ObservationFilterChainDecorator.java:240)
	at org.springframework.security.web.ObservationFilterChainDecorator$ObservationFilter.doFilter(ObservationFilterChainDecorator.java:227)
	at org.springframework.security.web.ObservationFilterChainDecorator$VirtualFilterChain.doFilter(ObservationFilterChainDecorator.java:137)
	at org.springframework.security.web.authentication.ui.DefaultLoginPageGeneratingFilter.doFilter(DefaultLoginPageGeneratingFilter.java:189)
	at org.springframework.security.web.authentication.ui.DefaultLoginPageGeneratingFilter.doFilter(DefaultLoginPageGeneratingFilter.java:175)
	at org.springframework.security.web.ObservationFilterChainDecorator$ObservationFilter.wrapFilter(ObservationFilterChainDecorator.java:240)
	at org.springframework.security.web.ObservationFilterChainDecorator$ObservationFilter.doFilter(ObservationFilterChainDecorator.java:227)
	at org.springframework.security.web.ObservationFilterChainDecorator$VirtualFilterChain.doFilter(ObservationFilterChainDecorator.java:137)
	at org.springframework.security.web.authentication.AbstractAuthenticationProcessingFilter.doFilter(AbstractAuthenticationProcessingFilter.java:227)
	at org.springframework.security.web.authentication.AbstractAuthenticationProcessingFilter.doFilter(AbstractAuthenticationProcessingFilter.java:221)
	at org.springframework.security.web.ObservationFilterChainDecorator$ObservationFilter.wrapFilter(ObservationFilterChainDecorator.java:240)
	at org.springframework.security.web.ObservationFilterChainDecorator$ObservationFilter.doFilter(ObservationFilterChainDecorator.java:227)
	at org.springframework.security.web.ObservationFilterChainDecorator$VirtualFilterChain.doFilter(ObservationFilterChainDecorator.java:137)
	at org.springframework.security.web.authentication.logout.LogoutFilter.doFilter(LogoutFilter.java:107)
	at org.springframework.security.web.authentication.logout.LogoutFilter.doFilter(LogoutFilter.java:93)
	at org.springframework.security.web.ObservationFilterChainDecorator$ObservationFilter.wrapFilter(ObservationFilterChainDecorator.java:240)
	at org.springframework.security.web.ObservationFilterChainDecorator$ObservationFilter.doFilter(ObservationFilterChainDecorator.java:227)
	at org.springframework.security.web.ObservationFilterChainDecorator$VirtualFilterChain.doFilter(ObservationFilterChainDecorator.java:137)
	at org.springframework.security.web.csrf.CsrfFilter.doFilterInternal(CsrfFilter.java:117)
	at org.springframework.web.filter.OncePerRequestFilter.doFilter(OncePerRequestFilter.java:116)
	at org.springframework.security.web.ObservationFilterChainDecorator$ObservationFilter.wrapFilter(ObservationFilterChainDecorator.java:240)
	at org.springframework.security.web.ObservationFilterChainDecorator$ObservationFilter.doFilter(ObservationFilterChainDecorator.java:227)
	at org.springframework.security.web.ObservationFilterChainDecorator$VirtualFilterChain.doFilter(ObservationFilterChainDecorator.java:137)
	at org.springframework.web.filter.CorsFilter.doFilterInternal(CorsFilter.java:91)
	at org.springframework.web.filter.OncePerRequestFilter.doFilter(OncePerRequestFilter.java:116)
	at org.springframework.security.web.ObservationFilterChainDecorator$ObservationFilter.wrapFilter(ObservationFilterChainDecorator.java:240)
	at org.springframework.security.web.ObservationFilterChainDecorator$ObservationFilter.doFilter(ObservationFilterChainDecorator.java:227)
	at org.springframework.security.web.ObservationFilterChainDecorator$VirtualFilterChain.doFilter(ObservationFilterChainDecorator.java:137)
	at org.springframework.security.web.header.HeaderWriterFilter.doHeadersAfter(HeaderWriterFilter.java:90)
	at org.springframework.security.web.header.HeaderWriterFilter.doFilterInternal(HeaderWriterFilter.java:75)
	at org.springframework.web.filter.OncePerRequestFilter.doFilter(OncePerRequestFilter.java:116)
	at org.springframework.security.web.ObservationFilterChainDecorator$ObservationFilter.wrapFilter(ObservationFilterChainDecorator.java:240)
	at org.springframework.security.web.ObservationFilterChainDecorator$ObservationFilter.doFilter(ObservationFilterChainDecorator.java:227)
	at org.springframework.security.web.ObservationFilterChainDecorator$VirtualFilterChain.doFilter(ObservationFilterChainDecorator.java:137)
	at org.springframework.security.web.context.SecurityContextHolderFilter.doFilter(SecurityContextHolderFilter.java:82)
	at org.springframework.security.web.context.SecurityContextHolderFilter.doFilter(SecurityContextHolderFilter.java:69)
	at org.springframework.security.web.ObservationFilterChainDecorator$ObservationFilter.wrapFilter(ObservationFilterChainDecorator.java:240)
	at org.springframework.security.web.ObservationFilterChainDecorator$ObservationFilter.doFilter(ObservationFilterChainDecorator.java:227)
	at org.springframework.security.web.ObservationFilterChainDecorator$VirtualFilterChain.doFilter(ObservationFilterChainDecorator.java:137)
	at org.springframework.security.web.context.request.async.WebAsyncManagerIntegrationFilter.doFilterInternal(WebAsyncManagerIntegrationFilter.java:62)
	at org.springframework.web.filter.OncePerRequestFilter.doFilter(OncePerRequestFilter.java:116)
	at org.springframework.security.web.ObservationFilterChainDecorator$ObservationFilter.wrapFilter(ObservationFilterChainDecorator.java:240)
	at org.springframework.security.web.ObservationFilterChainDecorator$ObservationFilter.doFilter(ObservationFilterChainDecorator.java:227)
	at org.springframework.security.web.ObservationFilterChainDecorator$VirtualFilterChain.doFilter(ObservationFilterChainDecorator.java:137)
	at org.springframework.security.web.session.DisableEncodeUrlFilter.doFilterInternal(DisableEncodeUrlFilter.java:42)
	at org.springframework.web.filter.OncePerRequestFilter.doFilter(OncePerRequestFilter.java:116)
	at org.springframework.security.web.ObservationFilterChainDecorator$ObservationFilter.wrapFilter(ObservationFilterChainDecorator.java:240)
	at org.springframework.security.web.ObservationFilterChainDecorator$AroundFilterObservation$SimpleAroundFilterObservation.lambda$wrap$0(ObservationFilterChainDecorator.java:323)
	at org.springframework.security.web.ObservationFilterChainDecorator$ObservationFilter.doFilter(ObservationFilterChainDecorator.java:224)
	at org.springframework.security.web.ObservationFilterChainDecorator$VirtualFilterChain.doFilter(ObservationFilterChainDecorator.java:137)
	at org.springframework.security.web.FilterChainProxy.doFilterInternal(FilterChainProxy.java:233)
	at org.springframework.security.web.FilterChainProxy.doFilter(FilterChainProxy.java:191)
	at org.springframework.web.filter.CompositeFilter$VirtualFilterChain.doFilter(CompositeFilter.java:113)
	at org.springframework.web.servlet.handler.HandlerMappingIntrospector.lambda$createCacheFilter$3(HandlerMappingIntrospector.java:195)
	at org.springframework.web.filter.CompositeFilter$VirtualFilterChain.doFilter(CompositeFilter.java:113)
	at org.springframework.web.filter.CompositeFilter.doFilter(CompositeFilter.java:74)
	at org.springframework.security.config.annotation.web.configuration.WebMvcSecurityConfiguration$CompositeFilterChainProxy.doFilter(WebMvcSecurityConfiguration.java:230)
	at org.springframework.web.filter.DelegatingFilterProxy.invokeDelegate(DelegatingFilterProxy.java:352)
	at org.springframework.web.filter.DelegatingFilterProxy.doFilter(DelegatingFilterProxy.java:268)
	at org.apache.catalina.core.ApplicationFilterChain.internalDoFilter(ApplicationFilterChain.java:174)
	at org.apache.catalina.core.ApplicationFilterChain.doFilter(ApplicationFilterChain.java:149)
	at org.springframework.web.filter.RequestContextFilter.doFilterInternal(RequestContextFilter.java:100)
	at org.springframework.web.filter.OncePerRequestFilter.doFilter(OncePerRequestFilter.java:116)
	at org.apache.catalina.core.ApplicationFilterChain.internalDoFilter(ApplicationFilterChain.java:174)
	at org.apache.catalina.core.ApplicationFilterChain.doFilter(ApplicationFilterChain.java:149)
	at org.springframework.web.filter.FormContentFilter.doFilterInternal(FormContentFilter.java:93)
	at org.springframework.web.filter.OncePerRequestFilter.doFilter(OncePerRequestFilter.java:116)
	at org.apache.catalina.core.ApplicationFilterChain.internalDoFilter(ApplicationFilterChain.java:174)
	at org.apache.catalina.core.ApplicationFilterChain.doFilter(ApplicationFilterChain.java:149)
	at org.springframework.web.filter.ServerHttpObservationFilter.doFilterInternal(ServerHttpObservationFilter.java:109)
	at org.springframework.web.filter.OncePerRequestFilter.doFilter(OncePerRequestFilter.java:116)
	at org.apache.catalina.core.ApplicationFilterChain.internalDoFilter(ApplicationFilterChain.java:174)
	at org.apache.catalina.core.ApplicationFilterChain.doFilter(ApplicationFilterChain.java:149)
	at org.springframework.web.filter.CharacterEncodingFilter.doFilterInternal(CharacterEncodingFilter.java:201)
	at org.springframework.web.filter.OncePerRequestFilter.doFilter(OncePerRequestFilter.java:116)
	at org.apache.catalina.core.ApplicationFilterChain.internalDoFilter(ApplicationFilterChain.java:174)
	at org.apache.catalina.core.ApplicationFilterChain.doFilter(ApplicationFilterChain.java:149)
	at org.apache.catalina.core.StandardWrapperValve.invoke(StandardWrapperValve.java:167)
	at org.apache.catalina.core.StandardContextValve.invoke(StandardContextValve.java:90)
	at org.apache.catalina.authenticator.AuthenticatorBase.invoke(AuthenticatorBase.java:482)
	at org.apache.catalina.core.StandardHostValve.invoke(StandardHostValve.java:115)
	at org.apache.catalina.valves.ErrorReportValve.invoke(ErrorReportValve.java:93)
	at org.apache.catalina.core.StandardEngineValve.invoke(StandardEngineValve.java:74)
	at org.apache.catalina.connector.CoyoteAdapter.service(CoyoteAdapter.java:344)
	at org.apache.coyote.http11.Http11Processor.service(Http11Processor.java:391)
	at org.apache.coyote.AbstractProcessorLight.process(AbstractProcessorLight.java:63)
	at org.apache.coyote.AbstractProtocol$ConnectionHandler.process(AbstractProtocol.java:896)
	at org.apache.tomcat.util.net.NioEndpoint$SocketProcessor.doRun(NioEndpoint.java:1744)
	at org.apache.tomcat.util.net.SocketProcessorBase.run(SocketProcessorBase.java:52)
	at org.apache.tomcat.util.threads.ThreadPoolExecutor.runWorker(ThreadPoolExecutor.java:1191)
	at org.apache.tomcat.util.threads.ThreadPoolExecutor$Worker.run(ThreadPoolExecutor.java:659)
	at org.apache.tomcat.util.threads.TaskThread$WrappingRunnable.run(TaskThread.java:63)
	at java.base/java.lang.Thread.run(Thread.java:1583)
Caused by: org.h2.jdbc.JdbcSQLInvalidAuthorizationSpecException: Wrong user name or password [28000-224]
	at org.h2.message.DbException.getJdbcSQLException(DbException.java:522)
	at org.h2.message.DbException.getJdbcSQLException(DbException.java:489)
	at org.h2.message.DbException.get(DbException.java:223)
	at org.h2.message.DbException.get(DbException.java:199)
	at org.h2.message.DbException.get(DbException.java:188)
	at org.h2.engine.Engine.validateUserAndPassword(Engine.java:396)
	at org.h2.engine.Engine.createSession(Engine.java:206)
	at org.h2.engine.SessionRemote.connectEmbeddedOrServer(SessionRemote.java:343)
	at org.h2.jdbc.JdbcConnection.<init>(JdbcConnection.java:125)
	at org.h2.Driver.connect(Driver.java:59)
	at com.zaxxer.hikari.util.DriverDataSource.getConnection(DriverDataSource.java:138)
	at com.zaxxer.hikari.pool.PoolBase.newConnection(PoolBase.java:359)
	at com.zaxxer.hikari.pool.PoolBase.newPoolEntry(PoolBase.java:201)
	at com.zaxxer.hikari.pool.HikariPool.createPoolEntry(HikariPool.java:470)
	at com.zaxxer.hikari.pool.HikariPool.checkFailFast(HikariPool.java:561)
	at com.zaxxer.hikari.pool.HikariPool.<init>(HikariPool.java:100)
	at com.zaxxer.hikari.HikariDataSource.getConnection(HikariDataSource.java:112)
	at org.springframework.jdbc.datasource.DataSourceUtils.fetchConnection(DataSourceUtils.java:160)
	at org.springframework.jdbc.datasource.DataSourceUtils.doGetConnection(DataSourceUtils.java:118)
	at org.springframework.jdbc.datasource.DataSourceUtils.getConnection(DataSourceUtils.java:81)
	... 170 common frames omitted
2025-03-08 14:36:14.319 [http-nio-8083-exec-2] DEBUG o.s.w.s.m.m.a.HttpEntityMethodProcessor - Using 'application/vnd.spring-boot.actuator.v3+json', given [*/*] and supported [application/vnd.spring-boot.actuator.v3+json, application/vnd.spring-boot.actuator.v2+json, application/json]
2025-03-08 14:36:14.319 [http-nio-8083-exec-2] DEBUG o.s.w.s.m.m.a.HttpEntityMethodProcessor - Writing [org.springframework.boot.actuate.health.SystemHealth@7c64a96e]
2025-03-08 14:36:14.320 [http-nio-8083-exec-2] DEBUG o.s.web.servlet.DispatcherServlet - Completed 503 SERVICE_UNAVAILABLE
2025-03-08 14:36:14.322 [http-nio-8083-exec-2] DEBUG o.s.s.w.a.AnonymousAuthenticationFilter - Set SecurityContextHolder to anonymous SecurityContext
2025-03-08 14:36:14.689 [main] INFO  o.s.b.w.e.tomcat.TomcatWebServer - Tomcat initialized with port 8083 (http)
2025-03-08 14:36:14.698 [main] INFO  o.a.coyote.http11.Http11NioProtocol - Initializing ProtocolHandler ["http-nio-8083"]
2025-03-08 14:36:14.700 [main] INFO  o.a.catalina.core.StandardService - Starting service [Tomcat]
2025-03-08 14:36:14.700 [main] INFO  o.a.catalina.core.StandardEngine - Starting Servlet engine: [Apache Tomcat/10.1.19]
2025-03-08 14:36:14.731 [main] INFO  o.a.c.c.C.[Tomcat].[localhost].[/] - Initializing Spring embedded WebApplicationContext
2025-03-08 14:36:14.731 [main] INFO  o.s.b.w.s.c.ServletWebServerApplicationContext - Root WebApplicationContext: initialization completed in 1649 ms
2025-03-08 14:36:15.038 [main] DEBUG o.s.w.f.ServerHttpObservationFilter - Filter 'webMvcObservationFilter' configured for use
2025-03-08 14:36:15.319 [main] INFO  o.h.jpa.internal.util.LogHelper - HHH000204: Processing PersistenceUnitInfo [name: default]
2025-03-08 14:36:15.557 [main] INFO  org.hibernate.Version - HHH000412: Hibernate ORM core version 6.4.4.Final
2025-03-08 14:36:15.620 [main] INFO  o.h.c.i.RegionFactoryInitiator - HHH000026: Second-level cache disabled
2025-03-08 14:36:15.794 [main] INFO  o.s.o.j.p.SpringPersistenceUnitInfo - No LoadTimeWeaver setup: ignoring JPA class transformer
2025-03-08 14:36:15.820 [main] INFO  com.zaxxer.hikari.HikariDataSource - HikariPool-1 - Starting...
2025-03-08 14:36:17.319 [main] ERROR com.zaxxer.hikari.pool.HikariPool - HikariPool-1 - Exception during pool initialization.
org.h2.jdbc.JdbcSQLInvalidAuthorizationSpecException: Wrong user name or password [28000-224]
	at org.h2.message.DbException.getJdbcSQLException(DbException.java:522)
	at org.h2.message.DbException.getJdbcSQLException(DbException.java:489)
	at org.h2.message.DbException.get(DbException.java:223)
	at org.h2.message.DbException.get(DbException.java:199)
	at org.h2.message.DbException.get(DbException.java:188)
	at org.h2.engine.Engine.validateUserAndPassword(Engine.java:396)
	at org.h2.engine.Engine.createSession(Engine.java:206)
	at org.h2.engine.SessionRemote.connectEmbeddedOrServer(SessionRemote.java:343)
	at org.h2.jdbc.JdbcConnection.<init>(JdbcConnection.java:125)
	at org.h2.Driver.connect(Driver.java:59)
	at com.zaxxer.hikari.util.DriverDataSource.getConnection(DriverDataSource.java:138)
	at com.zaxxer.hikari.pool.PoolBase.newConnection(PoolBase.java:359)
	at com.zaxxer.hikari.pool.PoolBase.newPoolEntry(PoolBase.java:201)
	at com.zaxxer.hikari.pool.HikariPool.createPoolEntry(HikariPool.java:470)
	at com.zaxxer.hikari.pool.HikariPool.checkFailFast(HikariPool.java:561)
	at com.zaxxer.hikari.pool.HikariPool.<init>(HikariPool.java:100)
	at com.zaxxer.hikari.HikariDataSource.getConnection(HikariDataSource.java:112)
	at org.hibernate.engine.jdbc.connections.internal.DatasourceConnectionProviderImpl.getConnection(DatasourceConnectionProviderImpl.java:122)
	at org.hibernate.engine.jdbc.env.internal.JdbcEnvironmentInitiator$ConnectionProviderJdbcConnectionAccess.obtainConnection(JdbcEnvironmentInitiator.java:428)
	at org.hibernate.resource.transaction.backend.jdbc.internal.JdbcIsolationDelegate.delegateWork(JdbcIsolationDelegate.java:61)
	at org.hibernate.engine.jdbc.env.internal.JdbcEnvironmentInitiator.getJdbcEnvironmentUsingJdbcMetadata(JdbcEnvironmentInitiator.java:276)
	at org.hibernate.engine.jdbc.env.internal.JdbcEnvironmentInitiator.initiateService(JdbcEnvironmentInitiator.java:107)
	at org.hibernate.engine.jdbc.env.internal.JdbcEnvironmentInitiator.initiateService(JdbcEnvironmentInitiator.java:68)
	at org.hibernate.boot.registry.internal.StandardServiceRegistryImpl.initiateService(StandardServiceRegistryImpl.java:130)
	at org.hibernate.service.internal.AbstractServiceRegistryImpl.createService(AbstractServiceRegistryImpl.java:263)
	at org.hibernate.service.internal.AbstractServiceRegistryImpl.initializeService(AbstractServiceRegistryImpl.java:238)
	at org.hibernate.service.internal.AbstractServiceRegistryImpl.getService(AbstractServiceRegistryImpl.java:215)
	at org.hibernate.boot.model.relational.Database.<init>(Database.java:45)
	at org.hibernate.boot.internal.InFlightMetadataCollectorImpl.getDatabase(InFlightMetadataCollectorImpl.java:223)
	at org.hibernate.boot.internal.InFlightMetadataCollectorImpl.<init>(InFlightMetadataCollectorImpl.java:191)
	at org.hibernate.boot.model.process.spi.MetadataBuildingProcess.complete(MetadataBuildingProcess.java:170)
	at org.hibernate.jpa.boot.internal.EntityManagerFactoryBuilderImpl.metadata(EntityManagerFactoryBuilderImpl.java:1432)
	at org.hibernate.jpa.boot.internal.EntityManagerFactoryBuilderImpl.build(EntityManagerFactoryBuilderImpl.java:1503)
	at org.springframework.orm.jpa.vendor.SpringHibernateJpaPersistenceProvider.createContainerEntityManagerFactory(SpringHibernateJpaPersistenceProvider.java:75)
	at org.springframework.orm.jpa.LocalContainerEntityManagerFactoryBean.createNativeEntityManagerFactory(LocalContainerEntityManagerFactoryBean.java:388)
	at org.springframework.orm.jpa.AbstractEntityManagerFactoryBean.buildNativeEntityManagerFactory(AbstractEntityManagerFactoryBean.java:409)
	at org.springframework.orm.jpa.AbstractEntityManagerFactoryBean.afterPropertiesSet(AbstractEntityManagerFactoryBean.java:396)
	at org.springframework.orm.jpa.LocalContainerEntityManagerFactoryBean.afterPropertiesSet(LocalContainerEntityManagerFactoryBean.java:364)
	at org.springframework.beans.factory.support.AbstractAutowireCapableBeanFactory.invokeInitMethods(AbstractAutowireCapableBeanFactory.java:1833)
	at org.springframework.beans.factory.support.AbstractAutowireCapableBeanFactory.initializeBean(AbstractAutowireCapableBeanFactory.java:1782)
	at org.springframework.beans.factory.support.AbstractAutowireCapableBeanFactory.doCreateBean(AbstractAutowireCapableBeanFactory.java:600)
	at org.springframework.beans.factory.support.AbstractAutowireCapableBeanFactory.createBean(AbstractAutowireCapableBeanFactory.java:522)
	at org.springframework.beans.factory.support.AbstractBeanFactory.lambda$doGetBean$0(AbstractBeanFactory.java:325)
	at org.springframework.beans.factory.support.DefaultSingletonBeanRegistry.getSingleton(DefaultSingletonBeanRegistry.java:234)
	at org.springframework.beans.factory.support.AbstractBeanFactory.doGetBean(AbstractBeanFactory.java:323)
	at org.springframework.beans.factory.support.AbstractBeanFactory.getBean(AbstractBeanFactory.java:199)
	at org.springframework.context.support.AbstractApplicationContext.getBean(AbstractApplicationContext.java:1231)
	at org.springframework.context.support.AbstractApplicationContext.finishBeanFactoryInitialization(AbstractApplicationContext.java:949)
	at org.springframework.context.support.AbstractApplicationContext.refresh(AbstractApplicationContext.java:624)
	at org.springframework.boot.web.servlet.context.ServletWebServerApplicationContext.refresh(ServletWebServerApplicationContext.java:146)
	at org.springframework.boot.SpringApplication.refresh(SpringApplication.java:754)
	at org.springframework.boot.SpringApplication.refreshContext(SpringApplication.java:456)
	at org.springframework.boot.SpringApplication.run(SpringApplication.java:334)
	at org.springframework.boot.SpringApplication.run(SpringApplication.java:1354)
	at org.springframework.boot.SpringApplication.run(SpringApplication.java:1343)
	at com.chatapp.RealtimeChatApplication.main(RealtimeChatApplication.java:10)
	at java.base/jdk.internal.reflect.DirectMethodHandleAccessor.invoke(DirectMethodHandleAccessor.java:103)
	at java.base/java.lang.reflect.Method.invoke(Method.java:580)
	at org.springframework.boot.loader.launch.Launcher.launch(Launcher.java:91)
	at org.springframework.boot.loader.launch.Launcher.launch(Launcher.java:53)
	at org.springframework.boot.loader.launch.JarLauncher.main(JarLauncher.java:58)
2025-03-08 14:36:17.322 [main] WARN  o.h.e.j.e.i.JdbcEnvironmentInitiator - HHH000342: Could not obtain connection to query metadata
java.lang.NullPointerException: Cannot invoke "org.hibernate.engine.jdbc.spi.SqlExceptionHelper.convert(java.sql.SQLException, String)" because the return value of "org.hibernate.resource.transaction.backend.jdbc.internal.JdbcIsolationDelegate.sqlExceptionHelper()" is null
	at org.hibernate.resource.transaction.backend.jdbc.internal.JdbcIsolationDelegate.delegateWork(JdbcIsolationDelegate.java:116)
	at org.hibernate.engine.jdbc.env.internal.JdbcEnvironmentInitiator.getJdbcEnvironmentUsingJdbcMetadata(JdbcEnvironmentInitiator.java:276)
	at org.hibernate.engine.jdbc.env.internal.JdbcEnvironmentInitiator.initiateService(JdbcEnvironmentInitiator.java:107)
	at org.hibernate.engine.jdbc.env.internal.JdbcEnvironmentInitiator.initiateService(JdbcEnvironmentInitiator.java:68)
	at org.hibernate.boot.registry.internal.StandardServiceRegistryImpl.initiateService(StandardServiceRegistryImpl.java:130)
	at org.hibernate.service.internal.AbstractServiceRegistryImpl.createService(AbstractServiceRegistryImpl.java:263)
	at org.hibernate.service.internal.AbstractServiceRegistryImpl.initializeService(AbstractServiceRegistryImpl.java:238)
	at org.hibernate.service.internal.AbstractServiceRegistryImpl.getService(AbstractServiceRegistryImpl.java:215)
	at org.hibernate.boot.model.relational.Database.<init>(Database.java:45)
	at org.hibernate.boot.internal.InFlightMetadataCollectorImpl.getDatabase(InFlightMetadataCollectorImpl.java:223)
	at org.hibernate.boot.internal.InFlightMetadataCollectorImpl.<init>(InFlightMetadataCollectorImpl.java:191)
	at org.hibernate.boot.model.process.spi.MetadataBuildingProcess.complete(MetadataBuildingProcess.java:170)
	at org.hibernate.jpa.boot.internal.EntityManagerFactoryBuilderImpl.metadata(EntityManagerFactoryBuilderImpl.java:1432)
	at org.hibernate.jpa.boot.internal.EntityManagerFactoryBuilderImpl.build(EntityManagerFactoryBuilderImpl.java:1503)
	at org.springframework.orm.jpa.vendor.SpringHibernateJpaPersistenceProvider.createContainerEntityManagerFactory(SpringHibernateJpaPersistenceProvider.java:75)
	at org.springframework.orm.jpa.LocalContainerEntityManagerFactoryBean.createNativeEntityManagerFactory(LocalContainerEntityManagerFactoryBean.java:388)
	at org.springframework.orm.jpa.AbstractEntityManagerFactoryBean.buildNativeEntityManagerFactory(AbstractEntityManagerFactoryBean.java:409)
	at org.springframework.orm.jpa.AbstractEntityManagerFactoryBean.afterPropertiesSet(AbstractEntityManagerFactoryBean.java:396)
	at org.springframework.orm.jpa.LocalContainerEntityManagerFactoryBean.afterPropertiesSet(LocalContainerEntityManagerFactoryBean.java:364)
	at org.springframework.beans.factory.support.AbstractAutowireCapableBeanFactory.invokeInitMethods(AbstractAutowireCapableBeanFactory.java:1833)
	at org.springframework.beans.factory.support.AbstractAutowireCapableBeanFactory.initializeBean(AbstractAutowireCapableBeanFactory.java:1782)
	at org.springframework.beans.factory.support.AbstractAutowireCapableBeanFactory.doCreateBean(AbstractAutowireCapableBeanFactory.java:600)
	at org.springframework.beans.factory.support.AbstractAutowireCapableBeanFactory.createBean(AbstractAutowireCapableBeanFactory.java:522)
	at org.springframework.beans.factory.support.AbstractBeanFactory.lambda$doGetBean$0(AbstractBeanFactory.java:325)
	at org.springframework.beans.factory.support.DefaultSingletonBeanRegistry.getSingleton(DefaultSingletonBeanRegistry.java:234)
	at org.springframework.beans.factory.support.AbstractBeanFactory.doGetBean(AbstractBeanFactory.java:323)
	at org.springframework.beans.factory.support.AbstractBeanFactory.getBean(AbstractBeanFactory.java:199)
	at org.springframework.context.support.AbstractApplicationContext.getBean(AbstractApplicationContext.java:1231)
	at org.springframework.context.support.AbstractApplicationContext.finishBeanFactoryInitialization(AbstractApplicationContext.java:949)
	at org.springframework.context.support.AbstractApplicationContext.refresh(AbstractApplicationContext.java:624)
	at org.springframework.boot.web.servlet.context.ServletWebServerApplicationContext.refresh(ServletWebServerApplicationContext.java:146)
	at org.springframework.boot.SpringApplication.refresh(SpringApplication.java:754)
	at org.springframework.boot.SpringApplication.refreshContext(SpringApplication.java:456)
	at org.springframework.boot.SpringApplication.run(SpringApplication.java:334)
	at org.springframework.boot.SpringApplication.run(SpringApplication.java:1354)
	at org.springframework.boot.SpringApplication.run(SpringApplication.java:1343)
	at com.chatapp.RealtimeChatApplication.main(RealtimeChatApplication.java:10)
	at java.base/jdk.internal.reflect.DirectMethodHandleAccessor.invoke(DirectMethodHandleAccessor.java:103)
	at java.base/java.lang.reflect.Method.invoke(Method.java:580)
	at org.springframework.boot.loader.launch.Launcher.launch(Launcher.java:91)
	at org.springframework.boot.loader.launch.Launcher.launch(Launcher.java:53)
	at org.springframework.boot.loader.launch.JarLauncher.main(JarLauncher.java:58)
2025-03-08 14:36:17.335 [main] WARN  org.hibernate.orm.deprecation - HHH90000025: H2Dialect does not need to be specified explicitly using 'hibernate.dialect' (remove the property setting and it will be selected by default)
2025-03-08 14:36:17.559 [main] INFO  o.h.e.t.j.p.i.JtaPlatformInitiator - HHH000489: No JTA platform available (set 'hibernate.transaction.jta.platform' to enable JTA platform integration)
2025-03-08 14:36:17.565 [main] INFO  o.s.o.j.LocalContainerEntityManagerFactoryBean - Initialized JPA EntityManagerFactory for persistence unit 'default'
2025-03-08 14:36:17.889 [main] DEBUG o.s.w.s.s.s.WebSocketHandlerMapping - Patterns [/ws/**] in 'stompWebSocketHandlerMapping'
2025-03-08 14:36:17.956 [main] WARN  o.s.b.a.o.j.JpaBaseConfiguration$JpaWebConfiguration - spring.jpa.open-in-view is enabled by default. Therefore, database queries may be performed during view rendering. Explicitly configure spring.jpa.open-in-view to disable this warning
2025-03-08 14:36:18.023 [main] DEBUG o.s.w.s.m.WebSocketAnnotationMethodMessageHandler - 
	c.c.c.LogController:
	
2025-03-08 14:36:18.033 [main] DEBUG o.s.w.s.m.WebSocketAnnotationMethodMessageHandler - 
	c.c.c.WebRTCSignalingController:
	{[MESSAGE],[/webrtc/call]}: call(Map,SimpMessageHeaderAccessor)
	{[MESSAGE],[/webrtc/answer]}: answer(WebRTCSignal,SimpMessageHeaderAccessor)
	{[MESSAGE],[/webrtc/hangup]}: hangup(Map,SimpMessageHeaderAccessor)
	{[MESSAGE],[/webrtc/ice-candidate]}: iceCandidate(WebRTCSignal,SimpMessageHeaderAccessor)
	{[MESSAGE],[/webrtc/config]}: getWebRTCConfig(SimpMessageHeaderAccessor)
	{[MESSAGE],[/webrtc/adjust-bitrate]}: adjustBitrate(WebRTCSignal,SimpMessageHeaderAccessor)
2025-03-08 14:36:18.044 [main] DEBUG o.s.w.s.m.WebSocketAnnotationMethodMessageHandler - 
	o.s.b.a.w.s.e.BasicErrorController:
	
2025-03-08 14:36:18.259 [main] DEBUG o.s.w.s.m.m.a.RequestMappingHandlerMapping - 3 mappings in 'requestMappingHandlerMapping'
2025-03-08 14:36:18.332 [main] DEBUG o.s.w.s.h.SimpleUrlHandlerMapping - Patterns [/webjars/**, /**] in 'resourceHandlerMapping'
2025-03-08 14:36:18.396 [main] DEBUG o.s.w.s.m.m.a.RequestMappingHandlerAdapter - ControllerAdvice beans: 0 @ModelAttribute, 0 @InitBinder, 1 RequestBodyAdvice, 1 ResponseBodyAdvice
2025-03-08 14:36:18.471 [main] DEBUG o.s.w.s.m.m.a.ExceptionHandlerExceptionResolver - ControllerAdvice beans: 0 @ExceptionHandler, 1 ResponseBodyAdvice
2025-03-08 14:36:19.094 [main] INFO  o.s.b.a.e.web.EndpointLinksResolver - Exposing 2 endpoint(s) beneath base path '/actuator'
2025-03-08 14:36:19.121 [main] INFO  o.s.s.web.DefaultSecurityFilterChain - Will secure any request with [org.springframework.security.web.session.DisableEncodeUrlFilter@c76762, org.springframework.security.web.context.request.async.WebAsyncManagerIntegrationFilter@5318731f, org.springframework.security.web.context.SecurityContextHolderFilter@4d2f8ee7, org.springframework.security.web.header.HeaderWriterFilter@4197e859, org.springframework.web.filter.CorsFilter@2db82155, org.springframework.security.web.csrf.CsrfFilter@67062a93, org.springframework.security.web.authentication.logout.LogoutFilter@7d381eae, org.springframework.security.web.authentication.UsernamePasswordAuthenticationFilter@33d08a24, org.springframework.security.web.authentication.ui.DefaultLoginPageGeneratingFilter@1c76b2fe, org.springframework.security.web.authentication.ui.DefaultLogoutPageGeneratingFilter@128d397c, org.springframework.security.web.authentication.www.BasicAuthenticationFilter@10b7b5f0, org.springframework.security.web.savedrequest.RequestCacheAwareFilter@498f1f63, org.springframework.security.web.servletapi.SecurityContextHolderAwareRequestFilter@65a3d7c9, org.springframework.security.web.authentication.AnonymousAuthenticationFilter@294ab038, org.springframework.security.web.access.ExceptionTranslationFilter@6bc08a77, org.springframework.security.web.access.intercept.AuthorizationFilter@26361572]
2025-03-08 14:36:19.335 [main] INFO  o.a.coyote.http11.Http11NioProtocol - Starting ProtocolHandler ["http-nio-8083"]
2025-03-08 14:36:19.349 [main] WARN  o.s.b.w.s.c.AnnotationConfigServletWebServerApplicationContext - Exception encountered during context initialization - cancelling refresh attempt: org.springframework.context.ApplicationContextException: Failed to start bean 'webServerStartStop'
2025-03-08 14:36:19.356 [main] INFO  o.s.o.j.LocalContainerEntityManagerFactoryBean - Closing JPA EntityManagerFactory for persistence unit 'default'
2025-03-08 14:36:19.382 [main] INFO  o.s.b.a.l.ConditionEvaluationReportLogger - 

Error starting ApplicationContext. To display the condition evaluation report re-run your application with 'debug' enabled.
2025-03-08 14:36:19.427 [main] ERROR o.s.b.d.LoggingFailureAnalysisReporter - 

***************************
APPLICATION FAILED TO START
***************************

Description:

Web server failed to start. Port 8083 was already in use.

Action:

Identify and stop the process that's listening on port 8083 or configure this application to listen on another port.

2025-03-08 14:45:28.037 [http-nio-8083-exec-9] DEBUG o.s.security.web.FilterChainProxy - Securing GET /actuator/health
2025-03-08 14:45:28.040 [http-nio-8083-exec-9] DEBUG o.s.security.web.FilterChainProxy - Secured GET /actuator/health
2025-03-08 14:45:28.041 [http-nio-8083-exec-9] DEBUG o.s.web.servlet.DispatcherServlet - GET "/actuator/health", parameters={}
2025-03-08 14:45:28.042 [http-nio-8083-exec-9] DEBUG o.s.w.s.m.m.a.RequestResponseBodyMethodProcessor - Read "application/octet-stream" to []
2025-03-08 14:45:28.048 [http-nio-8083-exec-9] INFO  com.zaxxer.hikari.HikariDataSource - HikariPool-1 - Starting...
2025-03-08 14:45:29.057 [main] INFO  com.chatapp.RealtimeChatApplication - Starting RealtimeChatApplication v0.0.1-SNAPSHOT using Java 21.0.6 with PID 18044 (D:\jetbrains\cursor\real-time-app\backend\target\realtime-chat-0.0.1-SNAPSHOT.jar started by lenovo in D:\jetbrains\cursor\real-time-app\backend)
2025-03-08 14:45:29.060 [main] INFO  com.chatapp.RealtimeChatApplication - The following 1 profile is active: "prod"
2025-03-08 14:45:30.019 [main] INFO  o.s.d.r.c.RepositoryConfigurationDelegate - Bootstrapping Spring Data JPA repositories in DEFAULT mode.
2025-03-08 14:45:30.039 [main] INFO  o.s.d.r.c.RepositoryConfigurationDelegate - Finished Spring Data repository scanning in 12 ms. Found 0 JPA repository interfaces.
2025-03-08 14:45:30.859 [main] INFO  o.s.b.w.e.tomcat.TomcatWebServer - Tomcat initialized with port 8083 (http)
2025-03-08 14:45:30.873 [main] INFO  o.a.coyote.http11.Http11NioProtocol - Initializing ProtocolHandler ["http-nio-8083"]
2025-03-08 14:45:30.875 [main] INFO  o.a.catalina.core.StandardService - Starting service [Tomcat]
2025-03-08 14:45:30.880 [main] INFO  o.a.catalina.core.StandardEngine - Starting Servlet engine: [Apache Tomcat/10.1.19]
2025-03-08 14:45:30.912 [main] INFO  o.a.c.c.C.[Tomcat].[localhost].[/] - Initializing Spring embedded WebApplicationContext
2025-03-08 14:45:30.913 [main] INFO  o.s.b.w.s.c.ServletWebServerApplicationContext - Root WebApplicationContext: initialization completed in 1793 ms
2025-03-08 14:45:31.138 [http-nio-8083-exec-9] ERROR com.zaxxer.hikari.pool.HikariPool - HikariPool-1 - Exception during pool initialization.
org.h2.jdbc.JdbcSQLInvalidAuthorizationSpecException: Wrong user name or password [28000-224]
	at org.h2.message.DbException.getJdbcSQLException(DbException.java:522)
	at org.h2.message.DbException.getJdbcSQLException(DbException.java:489)
	at org.h2.message.DbException.get(DbException.java:223)
	at org.h2.message.DbException.get(DbException.java:199)
	at org.h2.message.DbException.get(DbException.java:188)
	at org.h2.engine.Engine.validateUserAndPassword(Engine.java:396)
	at org.h2.engine.Engine.createSession(Engine.java:206)
	at org.h2.engine.SessionRemote.connectEmbeddedOrServer(SessionRemote.java:343)
	at org.h2.jdbc.JdbcConnection.<init>(JdbcConnection.java:125)
	at org.h2.Driver.connect(Driver.java:59)
	at com.zaxxer.hikari.util.DriverDataSource.getConnection(DriverDataSource.java:138)
	at com.zaxxer.hikari.pool.PoolBase.newConnection(PoolBase.java:359)
	at com.zaxxer.hikari.pool.PoolBase.newPoolEntry(PoolBase.java:201)
	at com.zaxxer.hikari.pool.HikariPool.createPoolEntry(HikariPool.java:470)
	at com.zaxxer.hikari.pool.HikariPool.checkFailFast(HikariPool.java:561)
	at com.zaxxer.hikari.pool.HikariPool.<init>(HikariPool.java:100)
	at com.zaxxer.hikari.HikariDataSource.getConnection(HikariDataSource.java:112)
	at org.springframework.jdbc.datasource.DataSourceUtils.fetchConnection(DataSourceUtils.java:160)
	at org.springframework.jdbc.datasource.DataSourceUtils.doGetConnection(DataSourceUtils.java:118)
	at org.springframework.jdbc.datasource.DataSourceUtils.getConnection(DataSourceUtils.java:81)
	at org.springframework.jdbc.core.JdbcTemplate.execute(JdbcTemplate.java:342)
	at org.springframework.boot.actuate.jdbc.DataSourceHealthIndicator.getProduct(DataSourceHealthIndicator.java:122)
	at org.springframework.boot.actuate.jdbc.DataSourceHealthIndicator.doDataSourceHealthCheck(DataSourceHealthIndicator.java:105)
	at org.springframework.boot.actuate.jdbc.DataSourceHealthIndicator.doHealthCheck(DataSourceHealthIndicator.java:100)
	at org.springframework.boot.actuate.health.AbstractHealthIndicator.health(AbstractHealthIndicator.java:82)
	at org.springframework.boot.actuate.health.HealthIndicator.getHealth(HealthIndicator.java:37)
	at org.springframework.boot.actuate.health.HealthEndpointWebExtension.getHealth(HealthEndpointWebExtension.java:94)
	at org.springframework.boot.actuate.health.HealthEndpointWebExtension.getHealth(HealthEndpointWebExtension.java:47)
	at org.springframework.boot.actuate.health.HealthEndpointSupport.getLoggedHealth(HealthEndpointSupport.java:172)
	at org.springframework.boot.actuate.health.HealthEndpointSupport.getContribution(HealthEndpointSupport.java:145)
	at org.springframework.boot.actuate.health.HealthEndpointSupport.getAggregateContribution(HealthEndpointSupport.java:156)
	at org.springframework.boot.actuate.health.HealthEndpointSupport.getContribution(HealthEndpointSupport.java:141)
	at org.springframework.boot.actuate.health.HealthEndpointSupport.getHealth(HealthEndpointSupport.java:110)
	at org.springframework.boot.actuate.health.HealthEndpointSupport.getHealth(HealthEndpointSupport.java:81)
	at org.springframework.boot.actuate.health.HealthEndpointWebExtension.health(HealthEndpointWebExtension.java:80)
	at org.springframework.boot.actuate.health.HealthEndpointWebExtension.health(HealthEndpointWebExtension.java:69)
	at java.base/jdk.internal.reflect.DirectMethodHandleAccessor.invoke(DirectMethodHandleAccessor.java:103)
	at java.base/java.lang.reflect.Method.invoke(Method.java:580)
	at org.springframework.util.ReflectionUtils.invokeMethod(ReflectionUtils.java:281)
	at org.springframework.boot.actuate.endpoint.invoke.reflect.ReflectiveOperationInvoker.invoke(ReflectiveOperationInvoker.java:74)
	at org.springframework.boot.actuate.endpoint.annotation.AbstractDiscoveredOperation.invoke(AbstractDiscoveredOperation.java:60)
	at org.springframework.boot.actuate.endpoint.web.servlet.AbstractWebMvcEndpointHandlerMapping$ServletWebOperationAdapter.handle(AbstractWebMvcEndpointHandlerMapping.java:327)
	at org.springframework.boot.actuate.endpoint.web.servlet.AbstractWebMvcEndpointHandlerMapping$OperationHandler.handle(AbstractWebMvcEndpointHandlerMapping.java:434)
	at java.base/jdk.internal.reflect.DirectMethodHandleAccessor.invoke(DirectMethodHandleAccessor.java:103)
	at java.base/java.lang.reflect.Method.invoke(Method.java:580)
	at org.springframework.web.method.support.InvocableHandlerMethod.doInvoke(InvocableHandlerMethod.java:259)
	at org.springframework.web.method.support.InvocableHandlerMethod.invokeForRequest(InvocableHandlerMethod.java:192)
	at org.springframework.web.servlet.mvc.method.annotation.ServletInvocableHandlerMethod.invokeAndHandle(ServletInvocableHandlerMethod.java:118)
	at org.springframework.web.servlet.mvc.method.annotation.RequestMappingHandlerAdapter.invokeHandlerMethod(RequestMappingHandlerAdapter.java:920)
	at org.springframework.web.servlet.mvc.method.annotation.RequestMappingHandlerAdapter.handleInternal(RequestMappingHandlerAdapter.java:830)
	at org.springframework.web.servlet.mvc.method.AbstractHandlerMethodAdapter.handle(AbstractHandlerMethodAdapter.java:87)
	at org.springframework.web.servlet.DispatcherServlet.doDispatch(DispatcherServlet.java:1089)
	at org.springframework.web.servlet.DispatcherServlet.doService(DispatcherServlet.java:979)
	at org.springframework.web.servlet.FrameworkServlet.processRequest(FrameworkServlet.java:1014)
	at org.springframework.web.servlet.FrameworkServlet.doGet(FrameworkServlet.java:903)
	at jakarta.servlet.http.HttpServlet.service(HttpServlet.java:564)
	at org.springframework.web.servlet.FrameworkServlet.service(FrameworkServlet.java:885)
	at jakarta.servlet.http.HttpServlet.service(HttpServlet.java:658)
	at org.apache.catalina.core.ApplicationFilterChain.internalDoFilter(ApplicationFilterChain.java:205)
	at org.apache.catalina.core.ApplicationFilterChain.doFilter(ApplicationFilterChain.java:149)
	at org.apache.tomcat.websocket.server.WsFilter.doFilter(WsFilter.java:51)
	at org.apache.catalina.core.ApplicationFilterChain.internalDoFilter(ApplicationFilterChain.java:174)
	at org.apache.catalina.core.ApplicationFilterChain.doFilter(ApplicationFilterChain.java:149)
	at org.springframework.web.filter.CompositeFilter$VirtualFilterChain.doFilter(CompositeFilter.java:108)
	at org.springframework.security.web.FilterChainProxy.lambda$doFilterInternal$3(FilterChainProxy.java:231)
	at org.springframework.security.web.ObservationFilterChainDecorator$FilterObservation$SimpleFilterObservation.lambda$wrap$1(ObservationFilterChainDecorator.java:479)
	at org.springframework.security.web.ObservationFilterChainDecorator$AroundFilterObservation$SimpleAroundFilterObservation.lambda$wrap$1(ObservationFilterChainDecorator.java:340)
	at org.springframework.security.web.ObservationFilterChainDecorator.lambda$wrapSecured$0(ObservationFilterChainDecorator.java:82)
	at org.springframework.security.web.ObservationFilterChainDecorator$VirtualFilterChain.doFilter(ObservationFilterChainDecorator.java:128)
	at org.springframework.security.web.access.intercept.AuthorizationFilter.doFilter(AuthorizationFilter.java:100)
	at org.springframework.security.web.ObservationFilterChainDecorator$ObservationFilter.wrapFilter(ObservationFilterChainDecorator.java:240)
	at org.springframework.security.web.ObservationFilterChainDecorator$ObservationFilter.doFilter(ObservationFilterChainDecorator.java:227)
	at org.springframework.security.web.ObservationFilterChainDecorator$VirtualFilterChain.doFilter(ObservationFilterChainDecorator.java:137)
	at org.springframework.security.web.access.ExceptionTranslationFilter.doFilter(ExceptionTranslationFilter.java:126)
	at org.springframework.security.web.access.ExceptionTranslationFilter.doFilter(ExceptionTranslationFilter.java:120)
	at org.springframework.security.web.ObservationFilterChainDecorator$ObservationFilter.wrapFilter(ObservationFilterChainDecorator.java:240)
	at org.springframework.security.web.ObservationFilterChainDecorator$ObservationFilter.doFilter(ObservationFilterChainDecorator.java:227)
	at org.springframework.security.web.ObservationFilterChainDecorator$VirtualFilterChain.doFilter(ObservationFilterChainDecorator.java:137)
	at org.springframework.security.web.authentication.AnonymousAuthenticationFilter.doFilter(AnonymousAuthenticationFilter.java:100)
	at org.springframework.security.web.ObservationFilterChainDecorator$ObservationFilter.wrapFilter(ObservationFilterChainDecorator.java:240)
	at org.springframework.security.web.ObservationFilterChainDecorator$ObservationFilter.doFilter(ObservationFilterChainDecorator.java:227)
	at org.springframework.security.web.ObservationFilterChainDecorator$VirtualFilterChain.doFilter(ObservationFilterChainDecorator.java:137)
	at org.springframework.security.web.servletapi.SecurityContextHolderAwareRequestFilter.doFilter(SecurityContextHolderAwareRequestFilter.java:179)
	at org.springframework.security.web.ObservationFilterChainDecorator$ObservationFilter.wrapFilter(ObservationFilterChainDecorator.java:240)
	at org.springframework.security.web.ObservationFilterChainDecorator$ObservationFilter.doFilter(ObservationFilterChainDecorator.java:227)
	at org.springframework.security.web.ObservationFilterChainDecorator$VirtualFilterChain.doFilter(ObservationFilterChainDecorator.java:137)
	at org.springframework.security.web.savedrequest.RequestCacheAwareFilter.doFilter(RequestCacheAwareFilter.java:63)
	at org.springframework.security.web.ObservationFilterChainDecorator$ObservationFilter.wrapFilter(ObservationFilterChainDecorator.java:240)
	at org.springframework.security.web.ObservationFilterChainDecorator$ObservationFilter.doFilter(ObservationFilterChainDecorator.java:227)
	at org.springframework.security.web.ObservationFilterChainDecorator$VirtualFilterChain.doFilter(ObservationFilterChainDecorator.java:137)
	at org.springframework.security.web.authentication.www.BasicAuthenticationFilter.doFilterInternal(BasicAuthenticationFilter.java:181)
	at org.springframework.web.filter.OncePerRequestFilter.doFilter(OncePerRequestFilter.java:116)
	at org.springframework.security.web.ObservationFilterChainDecorator$ObservationFilter.wrapFilter(ObservationFilterChainDecorator.java:240)
	at org.springframework.security.web.ObservationFilterChainDecorator$ObservationFilter.doFilter(ObservationFilterChainDecorator.java:227)
	at org.springframework.security.web.ObservationFilterChainDecorator$VirtualFilterChain.doFilter(ObservationFilterChainDecorator.java:137)
	at org.springframework.security.web.authentication.ui.DefaultLogoutPageGeneratingFilter.doFilterInternal(DefaultLogoutPageGeneratingFilter.java:58)
	at org.springframework.web.filter.OncePerRequestFilter.doFilter(OncePerRequestFilter.java:116)
	at org.springframework.security.web.ObservationFilterChainDecorator$ObservationFilter.wrapFilter(ObservationFilterChainDecorator.java:240)
	at org.springframework.security.web.ObservationFilterChainDecorator$ObservationFilter.doFilter(ObservationFilterChainDecorator.java:227)
	at org.springframework.security.web.ObservationFilterChainDecorator$VirtualFilterChain.doFilter(ObservationFilterChainDecorator.java:137)
	at org.springframework.security.web.authentication.ui.DefaultLoginPageGeneratingFilter.doFilter(DefaultLoginPageGeneratingFilter.java:189)
	at org.springframework.security.web.authentication.ui.DefaultLoginPageGeneratingFilter.doFilter(DefaultLoginPageGeneratingFilter.java:175)
	at org.springframework.security.web.ObservationFilterChainDecorator$ObservationFilter.wrapFilter(ObservationFilterChainDecorator.java:240)
	at org.springframework.security.web.ObservationFilterChainDecorator$ObservationFilter.doFilter(ObservationFilterChainDecorator.java:227)
	at org.springframework.security.web.ObservationFilterChainDecorator$VirtualFilterChain.doFilter(ObservationFilterChainDecorator.java:137)
	at org.springframework.security.web.authentication.AbstractAuthenticationProcessingFilter.doFilter(AbstractAuthenticationProcessingFilter.java:227)
	at org.springframework.security.web.authentication.AbstractAuthenticationProcessingFilter.doFilter(AbstractAuthenticationProcessingFilter.java:221)
	at org.springframework.security.web.ObservationFilterChainDecorator$ObservationFilter.wrapFilter(ObservationFilterChainDecorator.java:240)
	at org.springframework.security.web.ObservationFilterChainDecorator$ObservationFilter.doFilter(ObservationFilterChainDecorator.java:227)
	at org.springframework.security.web.ObservationFilterChainDecorator$VirtualFilterChain.doFilter(ObservationFilterChainDecorator.java:137)
	at org.springframework.security.web.authentication.logout.LogoutFilter.doFilter(LogoutFilter.java:107)
	at org.springframework.security.web.authentication.logout.LogoutFilter.doFilter(LogoutFilter.java:93)
	at org.springframework.security.web.ObservationFilterChainDecorator$ObservationFilter.wrapFilter(ObservationFilterChainDecorator.java:240)
	at org.springframework.security.web.ObservationFilterChainDecorator$ObservationFilter.doFilter(ObservationFilterChainDecorator.java:227)
	at org.springframework.security.web.ObservationFilterChainDecorator$VirtualFilterChain.doFilter(ObservationFilterChainDecorator.java:137)
	at org.springframework.security.web.csrf.CsrfFilter.doFilterInternal(CsrfFilter.java:117)
	at org.springframework.web.filter.OncePerRequestFilter.doFilter(OncePerRequestFilter.java:116)
	at org.springframework.security.web.ObservationFilterChainDecorator$ObservationFilter.wrapFilter(ObservationFilterChainDecorator.java:240)
	at org.springframework.security.web.ObservationFilterChainDecorator$ObservationFilter.doFilter(ObservationFilterChainDecorator.java:227)
	at org.springframework.security.web.ObservationFilterChainDecorator$VirtualFilterChain.doFilter(ObservationFilterChainDecorator.java:137)
	at org.springframework.web.filter.CorsFilter.doFilterInternal(CorsFilter.java:91)
	at org.springframework.web.filter.OncePerRequestFilter.doFilter(OncePerRequestFilter.java:116)
	at org.springframework.security.web.ObservationFilterChainDecorator$ObservationFilter.wrapFilter(ObservationFilterChainDecorator.java:240)
	at org.springframework.security.web.ObservationFilterChainDecorator$ObservationFilter.doFilter(ObservationFilterChainDecorator.java:227)
	at org.springframework.security.web.ObservationFilterChainDecorator$VirtualFilterChain.doFilter(ObservationFilterChainDecorator.java:137)
	at org.springframework.security.web.header.HeaderWriterFilter.doHeadersAfter(HeaderWriterFilter.java:90)
	at org.springframework.security.web.header.HeaderWriterFilter.doFilterInternal(HeaderWriterFilter.java:75)
	at org.springframework.web.filter.OncePerRequestFilter.doFilter(OncePerRequestFilter.java:116)
	at org.springframework.security.web.ObservationFilterChainDecorator$ObservationFilter.wrapFilter(ObservationFilterChainDecorator.java:240)
	at org.springframework.security.web.ObservationFilterChainDecorator$ObservationFilter.doFilter(ObservationFilterChainDecorator.java:227)
	at org.springframework.security.web.ObservationFilterChainDecorator$VirtualFilterChain.doFilter(ObservationFilterChainDecorator.java:137)
	at org.springframework.security.web.context.SecurityContextHolderFilter.doFilter(SecurityContextHolderFilter.java:82)
	at org.springframework.security.web.context.SecurityContextHolderFilter.doFilter(SecurityContextHolderFilter.java:69)
	at org.springframework.security.web.ObservationFilterChainDecorator$ObservationFilter.wrapFilter(ObservationFilterChainDecorator.java:240)
	at org.springframework.security.web.ObservationFilterChainDecorator$ObservationFilter.doFilter(ObservationFilterChainDecorator.java:227)
	at org.springframework.security.web.ObservationFilterChainDecorator$VirtualFilterChain.doFilter(ObservationFilterChainDecorator.java:137)
	at org.springframework.security.web.context.request.async.WebAsyncManagerIntegrationFilter.doFilterInternal(WebAsyncManagerIntegrationFilter.java:62)
	at org.springframework.web.filter.OncePerRequestFilter.doFilter(OncePerRequestFilter.java:116)
	at org.springframework.security.web.ObservationFilterChainDecorator$ObservationFilter.wrapFilter(ObservationFilterChainDecorator.java:240)
	at org.springframework.security.web.ObservationFilterChainDecorator$ObservationFilter.doFilter(ObservationFilterChainDecorator.java:227)
	at org.springframework.security.web.ObservationFilterChainDecorator$VirtualFilterChain.doFilter(ObservationFilterChainDecorator.java:137)
	at org.springframework.security.web.session.DisableEncodeUrlFilter.doFilterInternal(DisableEncodeUrlFilter.java:42)
	at org.springframework.web.filter.OncePerRequestFilter.doFilter(OncePerRequestFilter.java:116)
	at org.springframework.security.web.ObservationFilterChainDecorator$ObservationFilter.wrapFilter(ObservationFilterChainDecorator.java:240)
	at org.springframework.security.web.ObservationFilterChainDecorator$AroundFilterObservation$SimpleAroundFilterObservation.lambda$wrap$0(ObservationFilterChainDecorator.java:323)
	at org.springframework.security.web.ObservationFilterChainDecorator$ObservationFilter.doFilter(ObservationFilterChainDecorator.java:224)
	at org.springframework.security.web.ObservationFilterChainDecorator$VirtualFilterChain.doFilter(ObservationFilterChainDecorator.java:137)
	at org.springframework.security.web.FilterChainProxy.doFilterInternal(FilterChainProxy.java:233)
	at org.springframework.security.web.FilterChainProxy.doFilter(FilterChainProxy.java:191)
	at org.springframework.web.filter.CompositeFilter$VirtualFilterChain.doFilter(CompositeFilter.java:113)
	at org.springframework.web.servlet.handler.HandlerMappingIntrospector.lambda$createCacheFilter$3(HandlerMappingIntrospector.java:195)
	at org.springframework.web.filter.CompositeFilter$VirtualFilterChain.doFilter(CompositeFilter.java:113)
	at org.springframework.web.filter.CompositeFilter.doFilter(CompositeFilter.java:74)
	at org.springframework.security.config.annotation.web.configuration.WebMvcSecurityConfiguration$CompositeFilterChainProxy.doFilter(WebMvcSecurityConfiguration.java:230)
	at org.springframework.web.filter.DelegatingFilterProxy.invokeDelegate(DelegatingFilterProxy.java:352)
	at org.springframework.web.filter.DelegatingFilterProxy.doFilter(DelegatingFilterProxy.java:268)
	at org.apache.catalina.core.ApplicationFilterChain.internalDoFilter(ApplicationFilterChain.java:174)
	at org.apache.catalina.core.ApplicationFilterChain.doFilter(ApplicationFilterChain.java:149)
	at org.springframework.web.filter.RequestContextFilter.doFilterInternal(RequestContextFilter.java:100)
	at org.springframework.web.filter.OncePerRequestFilter.doFilter(OncePerRequestFilter.java:116)
	at org.apache.catalina.core.ApplicationFilterChain.internalDoFilter(ApplicationFilterChain.java:174)
	at org.apache.catalina.core.ApplicationFilterChain.doFilter(ApplicationFilterChain.java:149)
	at org.springframework.web.filter.FormContentFilter.doFilterInternal(FormContentFilter.java:93)
	at org.springframework.web.filter.OncePerRequestFilter.doFilter(OncePerRequestFilter.java:116)
	at org.apache.catalina.core.ApplicationFilterChain.internalDoFilter(ApplicationFilterChain.java:174)
	at org.apache.catalina.core.ApplicationFilterChain.doFilter(ApplicationFilterChain.java:149)
	at org.springframework.web.filter.ServerHttpObservationFilter.doFilterInternal(ServerHttpObservationFilter.java:109)
	at org.springframework.web.filter.OncePerRequestFilter.doFilter(OncePerRequestFilter.java:116)
	at org.apache.catalina.core.ApplicationFilterChain.internalDoFilter(ApplicationFilterChain.java:174)
	at org.apache.catalina.core.ApplicationFilterChain.doFilter(ApplicationFilterChain.java:149)
	at org.springframework.web.filter.CharacterEncodingFilter.doFilterInternal(CharacterEncodingFilter.java:201)
	at org.springframework.web.filter.OncePerRequestFilter.doFilter(OncePerRequestFilter.java:116)
	at org.apache.catalina.core.ApplicationFilterChain.internalDoFilter(ApplicationFilterChain.java:174)
	at org.apache.catalina.core.ApplicationFilterChain.doFilter(ApplicationFilterChain.java:149)
	at org.apache.catalina.core.StandardWrapperValve.invoke(StandardWrapperValve.java:167)
	at org.apache.catalina.core.StandardContextValve.invoke(StandardContextValve.java:90)
	at org.apache.catalina.authenticator.AuthenticatorBase.invoke(AuthenticatorBase.java:482)
	at org.apache.catalina.core.StandardHostValve.invoke(StandardHostValve.java:115)
	at org.apache.catalina.valves.ErrorReportValve.invoke(ErrorReportValve.java:93)
	at org.apache.catalina.core.StandardEngineValve.invoke(StandardEngineValve.java:74)
	at org.apache.catalina.connector.CoyoteAdapter.service(CoyoteAdapter.java:344)
	at org.apache.coyote.http11.Http11Processor.service(Http11Processor.java:391)
	at org.apache.coyote.AbstractProcessorLight.process(AbstractProcessorLight.java:63)
	at org.apache.coyote.AbstractProtocol$ConnectionHandler.process(AbstractProtocol.java:896)
	at org.apache.tomcat.util.net.NioEndpoint$SocketProcessor.doRun(NioEndpoint.java:1744)
	at org.apache.tomcat.util.net.SocketProcessorBase.run(SocketProcessorBase.java:52)
	at org.apache.tomcat.util.threads.ThreadPoolExecutor.runWorker(ThreadPoolExecutor.java:1191)
	at org.apache.tomcat.util.threads.ThreadPoolExecutor$Worker.run(ThreadPoolExecutor.java:659)
	at org.apache.tomcat.util.threads.TaskThread$WrappingRunnable.run(TaskThread.java:63)
	at java.base/java.lang.Thread.run(Thread.java:1583)
2025-03-08 14:45:31.139 [http-nio-8083-exec-9] WARN  o.s.b.a.j.DataSourceHealthIndicator - DataSource health check failed
org.springframework.jdbc.CannotGetJdbcConnectionException: Failed to obtain JDBC Connection
	at org.springframework.jdbc.datasource.DataSourceUtils.getConnection(DataSourceUtils.java:84)
	at org.springframework.jdbc.core.JdbcTemplate.execute(JdbcTemplate.java:342)
	at org.springframework.boot.actuate.jdbc.DataSourceHealthIndicator.getProduct(DataSourceHealthIndicator.java:122)
	at org.springframework.boot.actuate.jdbc.DataSourceHealthIndicator.doDataSourceHealthCheck(DataSourceHealthIndicator.java:105)
	at org.springframework.boot.actuate.jdbc.DataSourceHealthIndicator.doHealthCheck(DataSourceHealthIndicator.java:100)
	at org.springframework.boot.actuate.health.AbstractHealthIndicator.health(AbstractHealthIndicator.java:82)
	at org.springframework.boot.actuate.health.HealthIndicator.getHealth(HealthIndicator.java:37)
	at org.springframework.boot.actuate.health.HealthEndpointWebExtension.getHealth(HealthEndpointWebExtension.java:94)
	at org.springframework.boot.actuate.health.HealthEndpointWebExtension.getHealth(HealthEndpointWebExtension.java:47)
	at org.springframework.boot.actuate.health.HealthEndpointSupport.getLoggedHealth(HealthEndpointSupport.java:172)
	at org.springframework.boot.actuate.health.HealthEndpointSupport.getContribution(HealthEndpointSupport.java:145)
	at org.springframework.boot.actuate.health.HealthEndpointSupport.getAggregateContribution(HealthEndpointSupport.java:156)
	at org.springframework.boot.actuate.health.HealthEndpointSupport.getContribution(HealthEndpointSupport.java:141)
	at org.springframework.boot.actuate.health.HealthEndpointSupport.getHealth(HealthEndpointSupport.java:110)
	at org.springframework.boot.actuate.health.HealthEndpointSupport.getHealth(HealthEndpointSupport.java:81)
	at org.springframework.boot.actuate.health.HealthEndpointWebExtension.health(HealthEndpointWebExtension.java:80)
	at org.springframework.boot.actuate.health.HealthEndpointWebExtension.health(HealthEndpointWebExtension.java:69)
	at java.base/jdk.internal.reflect.DirectMethodHandleAccessor.invoke(DirectMethodHandleAccessor.java:103)
	at java.base/java.lang.reflect.Method.invoke(Method.java:580)
	at org.springframework.util.ReflectionUtils.invokeMethod(ReflectionUtils.java:281)
	at org.springframework.boot.actuate.endpoint.invoke.reflect.ReflectiveOperationInvoker.invoke(ReflectiveOperationInvoker.java:74)
	at org.springframework.boot.actuate.endpoint.annotation.AbstractDiscoveredOperation.invoke(AbstractDiscoveredOperation.java:60)
	at org.springframework.boot.actuate.endpoint.web.servlet.AbstractWebMvcEndpointHandlerMapping$ServletWebOperationAdapter.handle(AbstractWebMvcEndpointHandlerMapping.java:327)
	at org.springframework.boot.actuate.endpoint.web.servlet.AbstractWebMvcEndpointHandlerMapping$OperationHandler.handle(AbstractWebMvcEndpointHandlerMapping.java:434)
	at java.base/jdk.internal.reflect.DirectMethodHandleAccessor.invoke(DirectMethodHandleAccessor.java:103)
	at java.base/java.lang.reflect.Method.invoke(Method.java:580)
	at org.springframework.web.method.support.InvocableHandlerMethod.doInvoke(InvocableHandlerMethod.java:259)
	at org.springframework.web.method.support.InvocableHandlerMethod.invokeForRequest(InvocableHandlerMethod.java:192)
	at org.springframework.web.servlet.mvc.method.annotation.ServletInvocableHandlerMethod.invokeAndHandle(ServletInvocableHandlerMethod.java:118)
	at org.springframework.web.servlet.mvc.method.annotation.RequestMappingHandlerAdapter.invokeHandlerMethod(RequestMappingHandlerAdapter.java:920)
	at org.springframework.web.servlet.mvc.method.annotation.RequestMappingHandlerAdapter.handleInternal(RequestMappingHandlerAdapter.java:830)
	at org.springframework.web.servlet.mvc.method.AbstractHandlerMethodAdapter.handle(AbstractHandlerMethodAdapter.java:87)
	at org.springframework.web.servlet.DispatcherServlet.doDispatch(DispatcherServlet.java:1089)
	at org.springframework.web.servlet.DispatcherServlet.doService(DispatcherServlet.java:979)
	at org.springframework.web.servlet.FrameworkServlet.processRequest(FrameworkServlet.java:1014)
	at org.springframework.web.servlet.FrameworkServlet.doGet(FrameworkServlet.java:903)
	at jakarta.servlet.http.HttpServlet.service(HttpServlet.java:564)
	at org.springframework.web.servlet.FrameworkServlet.service(FrameworkServlet.java:885)
	at jakarta.servlet.http.HttpServlet.service(HttpServlet.java:658)
	at org.apache.catalina.core.ApplicationFilterChain.internalDoFilter(ApplicationFilterChain.java:205)
	at org.apache.catalina.core.ApplicationFilterChain.doFilter(ApplicationFilterChain.java:149)
	at org.apache.tomcat.websocket.server.WsFilter.doFilter(WsFilter.java:51)
	at org.apache.catalina.core.ApplicationFilterChain.internalDoFilter(ApplicationFilterChain.java:174)
	at org.apache.catalina.core.ApplicationFilterChain.doFilter(ApplicationFilterChain.java:149)
	at org.springframework.web.filter.CompositeFilter$VirtualFilterChain.doFilter(CompositeFilter.java:108)
	at org.springframework.security.web.FilterChainProxy.lambda$doFilterInternal$3(FilterChainProxy.java:231)
	at org.springframework.security.web.ObservationFilterChainDecorator$FilterObservation$SimpleFilterObservation.lambda$wrap$1(ObservationFilterChainDecorator.java:479)
	at org.springframework.security.web.ObservationFilterChainDecorator$AroundFilterObservation$SimpleAroundFilterObservation.lambda$wrap$1(ObservationFilterChainDecorator.java:340)
	at org.springframework.security.web.ObservationFilterChainDecorator.lambda$wrapSecured$0(ObservationFilterChainDecorator.java:82)
	at org.springframework.security.web.ObservationFilterChainDecorator$VirtualFilterChain.doFilter(ObservationFilterChainDecorator.java:128)
	at org.springframework.security.web.access.intercept.AuthorizationFilter.doFilter(AuthorizationFilter.java:100)
	at org.springframework.security.web.ObservationFilterChainDecorator$ObservationFilter.wrapFilter(ObservationFilterChainDecorator.java:240)
	at org.springframework.security.web.ObservationFilterChainDecorator$ObservationFilter.doFilter(ObservationFilterChainDecorator.java:227)
	at org.springframework.security.web.ObservationFilterChainDecorator$VirtualFilterChain.doFilter(ObservationFilterChainDecorator.java:137)
	at org.springframework.security.web.access.ExceptionTranslationFilter.doFilter(ExceptionTranslationFilter.java:126)
	at org.springframework.security.web.access.ExceptionTranslationFilter.doFilter(ExceptionTranslationFilter.java:120)
	at org.springframework.security.web.ObservationFilterChainDecorator$ObservationFilter.wrapFilter(ObservationFilterChainDecorator.java:240)
	at org.springframework.security.web.ObservationFilterChainDecorator$ObservationFilter.doFilter(ObservationFilterChainDecorator.java:227)
	at org.springframework.security.web.ObservationFilterChainDecorator$VirtualFilterChain.doFilter(ObservationFilterChainDecorator.java:137)
	at org.springframework.security.web.authentication.AnonymousAuthenticationFilter.doFilter(AnonymousAuthenticationFilter.java:100)
	at org.springframework.security.web.ObservationFilterChainDecorator$ObservationFilter.wrapFilter(ObservationFilterChainDecorator.java:240)
	at org.springframework.security.web.ObservationFilterChainDecorator$ObservationFilter.doFilter(ObservationFilterChainDecorator.java:227)
	at org.springframework.security.web.ObservationFilterChainDecorator$VirtualFilterChain.doFilter(ObservationFilterChainDecorator.java:137)
	at org.springframework.security.web.servletapi.SecurityContextHolderAwareRequestFilter.doFilter(SecurityContextHolderAwareRequestFilter.java:179)
	at org.springframework.security.web.ObservationFilterChainDecorator$ObservationFilter.wrapFilter(ObservationFilterChainDecorator.java:240)
	at org.springframework.security.web.ObservationFilterChainDecorator$ObservationFilter.doFilter(ObservationFilterChainDecorator.java:227)
	at org.springframework.security.web.ObservationFilterChainDecorator$VirtualFilterChain.doFilter(ObservationFilterChainDecorator.java:137)
	at org.springframework.security.web.savedrequest.RequestCacheAwareFilter.doFilter(RequestCacheAwareFilter.java:63)
	at org.springframework.security.web.ObservationFilterChainDecorator$ObservationFilter.wrapFilter(ObservationFilterChainDecorator.java:240)
	at org.springframework.security.web.ObservationFilterChainDecorator$ObservationFilter.doFilter(ObservationFilterChainDecorator.java:227)
	at org.springframework.security.web.ObservationFilterChainDecorator$VirtualFilterChain.doFilter(ObservationFilterChainDecorator.java:137)
	at org.springframework.security.web.authentication.www.BasicAuthenticationFilter.doFilterInternal(BasicAuthenticationFilter.java:181)
	at org.springframework.web.filter.OncePerRequestFilter.doFilter(OncePerRequestFilter.java:116)
	at org.springframework.security.web.ObservationFilterChainDecorator$ObservationFilter.wrapFilter(ObservationFilterChainDecorator.java:240)
	at org.springframework.security.web.ObservationFilterChainDecorator$ObservationFilter.doFilter(ObservationFilterChainDecorator.java:227)
	at org.springframework.security.web.ObservationFilterChainDecorator$VirtualFilterChain.doFilter(ObservationFilterChainDecorator.java:137)
	at org.springframework.security.web.authentication.ui.DefaultLogoutPageGeneratingFilter.doFilterInternal(DefaultLogoutPageGeneratingFilter.java:58)
	at org.springframework.web.filter.OncePerRequestFilter.doFilter(OncePerRequestFilter.java:116)
	at org.springframework.security.web.ObservationFilterChainDecorator$ObservationFilter.wrapFilter(ObservationFilterChainDecorator.java:240)
	at org.springframework.security.web.ObservationFilterChainDecorator$ObservationFilter.doFilter(ObservationFilterChainDecorator.java:227)
	at org.springframework.security.web.ObservationFilterChainDecorator$VirtualFilterChain.doFilter(ObservationFilterChainDecorator.java:137)
	at org.springframework.security.web.authentication.ui.DefaultLoginPageGeneratingFilter.doFilter(DefaultLoginPageGeneratingFilter.java:189)
	at org.springframework.security.web.authentication.ui.DefaultLoginPageGeneratingFilter.doFilter(DefaultLoginPageGeneratingFilter.java:175)
	at org.springframework.security.web.ObservationFilterChainDecorator$ObservationFilter.wrapFilter(ObservationFilterChainDecorator.java:240)
	at org.springframework.security.web.ObservationFilterChainDecorator$ObservationFilter.doFilter(ObservationFilterChainDecorator.java:227)
	at org.springframework.security.web.ObservationFilterChainDecorator$VirtualFilterChain.doFilter(ObservationFilterChainDecorator.java:137)
	at org.springframework.security.web.authentication.AbstractAuthenticationProcessingFilter.doFilter(AbstractAuthenticationProcessingFilter.java:227)
	at org.springframework.security.web.authentication.AbstractAuthenticationProcessingFilter.doFilter(AbstractAuthenticationProcessingFilter.java:221)
	at org.springframework.security.web.ObservationFilterChainDecorator$ObservationFilter.wrapFilter(ObservationFilterChainDecorator.java:240)
	at org.springframework.security.web.ObservationFilterChainDecorator$ObservationFilter.doFilter(ObservationFilterChainDecorator.java:227)
	at org.springframework.security.web.ObservationFilterChainDecorator$VirtualFilterChain.doFilter(ObservationFilterChainDecorator.java:137)
	at org.springframework.security.web.authentication.logout.LogoutFilter.doFilter(LogoutFilter.java:107)
	at org.springframework.security.web.authentication.logout.LogoutFilter.doFilter(LogoutFilter.java:93)
	at org.springframework.security.web.ObservationFilterChainDecorator$ObservationFilter.wrapFilter(ObservationFilterChainDecorator.java:240)
	at org.springframework.security.web.ObservationFilterChainDecorator$ObservationFilter.doFilter(ObservationFilterChainDecorator.java:227)
	at org.springframework.security.web.ObservationFilterChainDecorator$VirtualFilterChain.doFilter(ObservationFilterChainDecorator.java:137)
	at org.springframework.security.web.csrf.CsrfFilter.doFilterInternal(CsrfFilter.java:117)
	at org.springframework.web.filter.OncePerRequestFilter.doFilter(OncePerRequestFilter.java:116)
	at org.springframework.security.web.ObservationFilterChainDecorator$ObservationFilter.wrapFilter(ObservationFilterChainDecorator.java:240)
	at org.springframework.security.web.ObservationFilterChainDecorator$ObservationFilter.doFilter(ObservationFilterChainDecorator.java:227)
	at org.springframework.security.web.ObservationFilterChainDecorator$VirtualFilterChain.doFilter(ObservationFilterChainDecorator.java:137)
	at org.springframework.web.filter.CorsFilter.doFilterInternal(CorsFilter.java:91)
	at org.springframework.web.filter.OncePerRequestFilter.doFilter(OncePerRequestFilter.java:116)
	at org.springframework.security.web.ObservationFilterChainDecorator$ObservationFilter.wrapFilter(ObservationFilterChainDecorator.java:240)
	at org.springframework.security.web.ObservationFilterChainDecorator$ObservationFilter.doFilter(ObservationFilterChainDecorator.java:227)
	at org.springframework.security.web.ObservationFilterChainDecorator$VirtualFilterChain.doFilter(ObservationFilterChainDecorator.java:137)
	at org.springframework.security.web.header.HeaderWriterFilter.doHeadersAfter(HeaderWriterFilter.java:90)
	at org.springframework.security.web.header.HeaderWriterFilter.doFilterInternal(HeaderWriterFilter.java:75)
	at org.springframework.web.filter.OncePerRequestFilter.doFilter(OncePerRequestFilter.java:116)
	at org.springframework.security.web.ObservationFilterChainDecorator$ObservationFilter.wrapFilter(ObservationFilterChainDecorator.java:240)
	at org.springframework.security.web.ObservationFilterChainDecorator$ObservationFilter.doFilter(ObservationFilterChainDecorator.java:227)
	at org.springframework.security.web.ObservationFilterChainDecorator$VirtualFilterChain.doFilter(ObservationFilterChainDecorator.java:137)
	at org.springframework.security.web.context.SecurityContextHolderFilter.doFilter(SecurityContextHolderFilter.java:82)
	at org.springframework.security.web.context.SecurityContextHolderFilter.doFilter(SecurityContextHolderFilter.java:69)
	at org.springframework.security.web.ObservationFilterChainDecorator$ObservationFilter.wrapFilter(ObservationFilterChainDecorator.java:240)
	at org.springframework.security.web.ObservationFilterChainDecorator$ObservationFilter.doFilter(ObservationFilterChainDecorator.java:227)
	at org.springframework.security.web.ObservationFilterChainDecorator$VirtualFilterChain.doFilter(ObservationFilterChainDecorator.java:137)
	at org.springframework.security.web.context.request.async.WebAsyncManagerIntegrationFilter.doFilterInternal(WebAsyncManagerIntegrationFilter.java:62)
	at org.springframework.web.filter.OncePerRequestFilter.doFilter(OncePerRequestFilter.java:116)
	at org.springframework.security.web.ObservationFilterChainDecorator$ObservationFilter.wrapFilter(ObservationFilterChainDecorator.java:240)
	at org.springframework.security.web.ObservationFilterChainDecorator$ObservationFilter.doFilter(ObservationFilterChainDecorator.java:227)
	at org.springframework.security.web.ObservationFilterChainDecorator$VirtualFilterChain.doFilter(ObservationFilterChainDecorator.java:137)
	at org.springframework.security.web.session.DisableEncodeUrlFilter.doFilterInternal(DisableEncodeUrlFilter.java:42)
	at org.springframework.web.filter.OncePerRequestFilter.doFilter(OncePerRequestFilter.java:116)
	at org.springframework.security.web.ObservationFilterChainDecorator$ObservationFilter.wrapFilter(ObservationFilterChainDecorator.java:240)
	at org.springframework.security.web.ObservationFilterChainDecorator$AroundFilterObservation$SimpleAroundFilterObservation.lambda$wrap$0(ObservationFilterChainDecorator.java:323)
	at org.springframework.security.web.ObservationFilterChainDecorator$ObservationFilter.doFilter(ObservationFilterChainDecorator.java:224)
	at org.springframework.security.web.ObservationFilterChainDecorator$VirtualFilterChain.doFilter(ObservationFilterChainDecorator.java:137)
	at org.springframework.security.web.FilterChainProxy.doFilterInternal(FilterChainProxy.java:233)
	at org.springframework.security.web.FilterChainProxy.doFilter(FilterChainProxy.java:191)
	at org.springframework.web.filter.CompositeFilter$VirtualFilterChain.doFilter(CompositeFilter.java:113)
	at org.springframework.web.servlet.handler.HandlerMappingIntrospector.lambda$createCacheFilter$3(HandlerMappingIntrospector.java:195)
	at org.springframework.web.filter.CompositeFilter$VirtualFilterChain.doFilter(CompositeFilter.java:113)
	at org.springframework.web.filter.CompositeFilter.doFilter(CompositeFilter.java:74)
	at org.springframework.security.config.annotation.web.configuration.WebMvcSecurityConfiguration$CompositeFilterChainProxy.doFilter(WebMvcSecurityConfiguration.java:230)
	at org.springframework.web.filter.DelegatingFilterProxy.invokeDelegate(DelegatingFilterProxy.java:352)
	at org.springframework.web.filter.DelegatingFilterProxy.doFilter(DelegatingFilterProxy.java:268)
	at org.apache.catalina.core.ApplicationFilterChain.internalDoFilter(ApplicationFilterChain.java:174)
	at org.apache.catalina.core.ApplicationFilterChain.doFilter(ApplicationFilterChain.java:149)
	at org.springframework.web.filter.RequestContextFilter.doFilterInternal(RequestContextFilter.java:100)
	at org.springframework.web.filter.OncePerRequestFilter.doFilter(OncePerRequestFilter.java:116)
	at org.apache.catalina.core.ApplicationFilterChain.internalDoFilter(ApplicationFilterChain.java:174)
	at org.apache.catalina.core.ApplicationFilterChain.doFilter(ApplicationFilterChain.java:149)
	at org.springframework.web.filter.FormContentFilter.doFilterInternal(FormContentFilter.java:93)
	at org.springframework.web.filter.OncePerRequestFilter.doFilter(OncePerRequestFilter.java:116)
	at org.apache.catalina.core.ApplicationFilterChain.internalDoFilter(ApplicationFilterChain.java:174)
	at org.apache.catalina.core.ApplicationFilterChain.doFilter(ApplicationFilterChain.java:149)
	at org.springframework.web.filter.ServerHttpObservationFilter.doFilterInternal(ServerHttpObservationFilter.java:109)
	at org.springframework.web.filter.OncePerRequestFilter.doFilter(OncePerRequestFilter.java:116)
	at org.apache.catalina.core.ApplicationFilterChain.internalDoFilter(ApplicationFilterChain.java:174)
	at org.apache.catalina.core.ApplicationFilterChain.doFilter(ApplicationFilterChain.java:149)
	at org.springframework.web.filter.CharacterEncodingFilter.doFilterInternal(CharacterEncodingFilter.java:201)
	at org.springframework.web.filter.OncePerRequestFilter.doFilter(OncePerRequestFilter.java:116)
	at org.apache.catalina.core.ApplicationFilterChain.internalDoFilter(ApplicationFilterChain.java:174)
	at org.apache.catalina.core.ApplicationFilterChain.doFilter(ApplicationFilterChain.java:149)
	at org.apache.catalina.core.StandardWrapperValve.invoke(StandardWrapperValve.java:167)
	at org.apache.catalina.core.StandardContextValve.invoke(StandardContextValve.java:90)
	at org.apache.catalina.authenticator.AuthenticatorBase.invoke(AuthenticatorBase.java:482)
	at org.apache.catalina.core.StandardHostValve.invoke(StandardHostValve.java:115)
	at org.apache.catalina.valves.ErrorReportValve.invoke(ErrorReportValve.java:93)
	at org.apache.catalina.core.StandardEngineValve.invoke(StandardEngineValve.java:74)
	at org.apache.catalina.connector.CoyoteAdapter.service(CoyoteAdapter.java:344)
	at org.apache.coyote.http11.Http11Processor.service(Http11Processor.java:391)
	at org.apache.coyote.AbstractProcessorLight.process(AbstractProcessorLight.java:63)
	at org.apache.coyote.AbstractProtocol$ConnectionHandler.process(AbstractProtocol.java:896)
	at org.apache.tomcat.util.net.NioEndpoint$SocketProcessor.doRun(NioEndpoint.java:1744)
	at org.apache.tomcat.util.net.SocketProcessorBase.run(SocketProcessorBase.java:52)
	at org.apache.tomcat.util.threads.ThreadPoolExecutor.runWorker(ThreadPoolExecutor.java:1191)
	at org.apache.tomcat.util.threads.ThreadPoolExecutor$Worker.run(ThreadPoolExecutor.java:659)
	at org.apache.tomcat.util.threads.TaskThread$WrappingRunnable.run(TaskThread.java:63)
	at java.base/java.lang.Thread.run(Thread.java:1583)
Caused by: org.h2.jdbc.JdbcSQLInvalidAuthorizationSpecException: Wrong user name or password [28000-224]
	at org.h2.message.DbException.getJdbcSQLException(DbException.java:522)
	at org.h2.message.DbException.getJdbcSQLException(DbException.java:489)
	at org.h2.message.DbException.get(DbException.java:223)
	at org.h2.message.DbException.get(DbException.java:199)
	at org.h2.message.DbException.get(DbException.java:188)
	at org.h2.engine.Engine.validateUserAndPassword(Engine.java:396)
	at org.h2.engine.Engine.createSession(Engine.java:206)
	at org.h2.engine.SessionRemote.connectEmbeddedOrServer(SessionRemote.java:343)
	at org.h2.jdbc.JdbcConnection.<init>(JdbcConnection.java:125)
	at org.h2.Driver.connect(Driver.java:59)
	at com.zaxxer.hikari.util.DriverDataSource.getConnection(DriverDataSource.java:138)
	at com.zaxxer.hikari.pool.PoolBase.newConnection(PoolBase.java:359)
	at com.zaxxer.hikari.pool.PoolBase.newPoolEntry(PoolBase.java:201)
	at com.zaxxer.hikari.pool.HikariPool.createPoolEntry(HikariPool.java:470)
	at com.zaxxer.hikari.pool.HikariPool.checkFailFast(HikariPool.java:561)
	at com.zaxxer.hikari.pool.HikariPool.<init>(HikariPool.java:100)
	at com.zaxxer.hikari.HikariDataSource.getConnection(HikariDataSource.java:112)
	at org.springframework.jdbc.datasource.DataSourceUtils.fetchConnection(DataSourceUtils.java:160)
	at org.springframework.jdbc.datasource.DataSourceUtils.doGetConnection(DataSourceUtils.java:118)
	at org.springframework.jdbc.datasource.DataSourceUtils.getConnection(DataSourceUtils.java:81)
	... 170 common frames omitted
2025-03-08 14:45:31.142 [http-nio-8083-exec-9] DEBUG o.s.w.s.m.m.a.HttpEntityMethodProcessor - Using 'application/vnd.spring-boot.actuator.v3+json', given [*/*] and supported [application/vnd.spring-boot.actuator.v3+json, application/vnd.spring-boot.actuator.v2+json, application/json]
2025-03-08 14:45:31.142 [http-nio-8083-exec-9] DEBUG o.s.w.s.m.m.a.HttpEntityMethodProcessor - Writing [org.springframework.boot.actuate.health.SystemHealth@59ad5dc]
2025-03-08 14:45:31.143 [http-nio-8083-exec-9] DEBUG o.s.web.servlet.DispatcherServlet - Completed 503 SERVICE_UNAVAILABLE
2025-03-08 14:45:31.143 [http-nio-8083-exec-9] DEBUG o.s.s.w.a.AnonymousAuthenticationFilter - Set SecurityContextHolder to anonymous SecurityContext
2025-03-08 14:45:31.196 [main] DEBUG o.s.w.f.ServerHttpObservationFilter - Filter 'webMvcObservationFilter' configured for use
2025-03-08 14:45:31.468 [main] INFO  o.h.jpa.internal.util.LogHelper - HHH000204: Processing PersistenceUnitInfo [name: default]
2025-03-08 14:45:31.584 [main] INFO  org.hibernate.Version - HHH000412: Hibernate ORM core version 6.4.4.Final
2025-03-08 14:45:31.617 [main] INFO  o.h.c.i.RegionFactoryInitiator - HHH000026: Second-level cache disabled
2025-03-08 14:45:31.787 [main] INFO  o.s.o.j.p.SpringPersistenceUnitInfo - No LoadTimeWeaver setup: ignoring JPA class transformer
2025-03-08 14:45:31.814 [main] INFO  com.zaxxer.hikari.HikariDataSource - HikariPool-1 - Starting...
2025-03-08 14:45:33.302 [main] ERROR com.zaxxer.hikari.pool.HikariPool - HikariPool-1 - Exception during pool initialization.
org.h2.jdbc.JdbcSQLInvalidAuthorizationSpecException: Wrong user name or password [28000-224]
	at org.h2.message.DbException.getJdbcSQLException(DbException.java:522)
	at org.h2.message.DbException.getJdbcSQLException(DbException.java:489)
	at org.h2.message.DbException.get(DbException.java:223)
	at org.h2.message.DbException.get(DbException.java:199)
	at org.h2.message.DbException.get(DbException.java:188)
	at org.h2.engine.Engine.validateUserAndPassword(Engine.java:396)
	at org.h2.engine.Engine.createSession(Engine.java:206)
	at org.h2.engine.SessionRemote.connectEmbeddedOrServer(SessionRemote.java:343)
	at org.h2.jdbc.JdbcConnection.<init>(JdbcConnection.java:125)
	at org.h2.Driver.connect(Driver.java:59)
	at com.zaxxer.hikari.util.DriverDataSource.getConnection(DriverDataSource.java:138)
	at com.zaxxer.hikari.pool.PoolBase.newConnection(PoolBase.java:359)
	at com.zaxxer.hikari.pool.PoolBase.newPoolEntry(PoolBase.java:201)
	at com.zaxxer.hikari.pool.HikariPool.createPoolEntry(HikariPool.java:470)
	at com.zaxxer.hikari.pool.HikariPool.checkFailFast(HikariPool.java:561)
	at com.zaxxer.hikari.pool.HikariPool.<init>(HikariPool.java:100)
	at com.zaxxer.hikari.HikariDataSource.getConnection(HikariDataSource.java:112)
	at org.hibernate.engine.jdbc.connections.internal.DatasourceConnectionProviderImpl.getConnection(DatasourceConnectionProviderImpl.java:122)
	at org.hibernate.engine.jdbc.env.internal.JdbcEnvironmentInitiator$ConnectionProviderJdbcConnectionAccess.obtainConnection(JdbcEnvironmentInitiator.java:428)
	at org.hibernate.resource.transaction.backend.jdbc.internal.JdbcIsolationDelegate.delegateWork(JdbcIsolationDelegate.java:61)
	at org.hibernate.engine.jdbc.env.internal.JdbcEnvironmentInitiator.getJdbcEnvironmentUsingJdbcMetadata(JdbcEnvironmentInitiator.java:276)
	at org.hibernate.engine.jdbc.env.internal.JdbcEnvironmentInitiator.initiateService(JdbcEnvironmentInitiator.java:107)
	at org.hibernate.engine.jdbc.env.internal.JdbcEnvironmentInitiator.initiateService(JdbcEnvironmentInitiator.java:68)
	at org.hibernate.boot.registry.internal.StandardServiceRegistryImpl.initiateService(StandardServiceRegistryImpl.java:130)
	at org.hibernate.service.internal.AbstractServiceRegistryImpl.createService(AbstractServiceRegistryImpl.java:263)
	at org.hibernate.service.internal.AbstractServiceRegistryImpl.initializeService(AbstractServiceRegistryImpl.java:238)
	at org.hibernate.service.internal.AbstractServiceRegistryImpl.getService(AbstractServiceRegistryImpl.java:215)
	at org.hibernate.boot.model.relational.Database.<init>(Database.java:45)
	at org.hibernate.boot.internal.InFlightMetadataCollectorImpl.getDatabase(InFlightMetadataCollectorImpl.java:223)
	at org.hibernate.boot.internal.InFlightMetadataCollectorImpl.<init>(InFlightMetadataCollectorImpl.java:191)
	at org.hibernate.boot.model.process.spi.MetadataBuildingProcess.complete(MetadataBuildingProcess.java:170)
	at org.hibernate.jpa.boot.internal.EntityManagerFactoryBuilderImpl.metadata(EntityManagerFactoryBuilderImpl.java:1432)
	at org.hibernate.jpa.boot.internal.EntityManagerFactoryBuilderImpl.build(EntityManagerFactoryBuilderImpl.java:1503)
	at org.springframework.orm.jpa.vendor.SpringHibernateJpaPersistenceProvider.createContainerEntityManagerFactory(SpringHibernateJpaPersistenceProvider.java:75)
	at org.springframework.orm.jpa.LocalContainerEntityManagerFactoryBean.createNativeEntityManagerFactory(LocalContainerEntityManagerFactoryBean.java:388)
	at org.springframework.orm.jpa.AbstractEntityManagerFactoryBean.buildNativeEntityManagerFactory(AbstractEntityManagerFactoryBean.java:409)
	at org.springframework.orm.jpa.AbstractEntityManagerFactoryBean.afterPropertiesSet(AbstractEntityManagerFactoryBean.java:396)
	at org.springframework.orm.jpa.LocalContainerEntityManagerFactoryBean.afterPropertiesSet(LocalContainerEntityManagerFactoryBean.java:364)
	at org.springframework.beans.factory.support.AbstractAutowireCapableBeanFactory.invokeInitMethods(AbstractAutowireCapableBeanFactory.java:1833)
	at org.springframework.beans.factory.support.AbstractAutowireCapableBeanFactory.initializeBean(AbstractAutowireCapableBeanFactory.java:1782)
	at org.springframework.beans.factory.support.AbstractAutowireCapableBeanFactory.doCreateBean(AbstractAutowireCapableBeanFactory.java:600)
	at org.springframework.beans.factory.support.AbstractAutowireCapableBeanFactory.createBean(AbstractAutowireCapableBeanFactory.java:522)
	at org.springframework.beans.factory.support.AbstractBeanFactory.lambda$doGetBean$0(AbstractBeanFactory.java:325)
	at org.springframework.beans.factory.support.DefaultSingletonBeanRegistry.getSingleton(DefaultSingletonBeanRegistry.java:234)
	at org.springframework.beans.factory.support.AbstractBeanFactory.doGetBean(AbstractBeanFactory.java:323)
	at org.springframework.beans.factory.support.AbstractBeanFactory.getBean(AbstractBeanFactory.java:199)
	at org.springframework.context.support.AbstractApplicationContext.getBean(AbstractApplicationContext.java:1231)
	at org.springframework.context.support.AbstractApplicationContext.finishBeanFactoryInitialization(AbstractApplicationContext.java:949)
	at org.springframework.context.support.AbstractApplicationContext.refresh(AbstractApplicationContext.java:624)
	at org.springframework.boot.web.servlet.context.ServletWebServerApplicationContext.refresh(ServletWebServerApplicationContext.java:146)
	at org.springframework.boot.SpringApplication.refresh(SpringApplication.java:754)
	at org.springframework.boot.SpringApplication.refreshContext(SpringApplication.java:456)
	at org.springframework.boot.SpringApplication.run(SpringApplication.java:334)
	at org.springframework.boot.SpringApplication.run(SpringApplication.java:1354)
	at org.springframework.boot.SpringApplication.run(SpringApplication.java:1343)
	at com.chatapp.RealtimeChatApplication.main(RealtimeChatApplication.java:10)
	at java.base/jdk.internal.reflect.DirectMethodHandleAccessor.invoke(DirectMethodHandleAccessor.java:103)
	at java.base/java.lang.reflect.Method.invoke(Method.java:580)
	at org.springframework.boot.loader.launch.Launcher.launch(Launcher.java:91)
	at org.springframework.boot.loader.launch.Launcher.launch(Launcher.java:53)
	at org.springframework.boot.loader.launch.JarLauncher.main(JarLauncher.java:58)
2025-03-08 14:45:33.304 [main] WARN  o.h.e.j.e.i.JdbcEnvironmentInitiator - HHH000342: Could not obtain connection to query metadata
java.lang.NullPointerException: Cannot invoke "org.hibernate.engine.jdbc.spi.SqlExceptionHelper.convert(java.sql.SQLException, String)" because the return value of "org.hibernate.resource.transaction.backend.jdbc.internal.JdbcIsolationDelegate.sqlExceptionHelper()" is null
	at org.hibernate.resource.transaction.backend.jdbc.internal.JdbcIsolationDelegate.delegateWork(JdbcIsolationDelegate.java:116)
	at org.hibernate.engine.jdbc.env.internal.JdbcEnvironmentInitiator.getJdbcEnvironmentUsingJdbcMetadata(JdbcEnvironmentInitiator.java:276)
	at org.hibernate.engine.jdbc.env.internal.JdbcEnvironmentInitiator.initiateService(JdbcEnvironmentInitiator.java:107)
	at org.hibernate.engine.jdbc.env.internal.JdbcEnvironmentInitiator.initiateService(JdbcEnvironmentInitiator.java:68)
	at org.hibernate.boot.registry.internal.StandardServiceRegistryImpl.initiateService(StandardServiceRegistryImpl.java:130)
	at org.hibernate.service.internal.AbstractServiceRegistryImpl.createService(AbstractServiceRegistryImpl.java:263)
	at org.hibernate.service.internal.AbstractServiceRegistryImpl.initializeService(AbstractServiceRegistryImpl.java:238)
	at org.hibernate.service.internal.AbstractServiceRegistryImpl.getService(AbstractServiceRegistryImpl.java:215)
	at org.hibernate.boot.model.relational.Database.<init>(Database.java:45)
	at org.hibernate.boot.internal.InFlightMetadataCollectorImpl.getDatabase(InFlightMetadataCollectorImpl.java:223)
	at org.hibernate.boot.internal.InFlightMetadataCollectorImpl.<init>(InFlightMetadataCollectorImpl.java:191)
	at org.hibernate.boot.model.process.spi.MetadataBuildingProcess.complete(MetadataBuildingProcess.java:170)
	at org.hibernate.jpa.boot.internal.EntityManagerFactoryBuilderImpl.metadata(EntityManagerFactoryBuilderImpl.java:1432)
	at org.hibernate.jpa.boot.internal.EntityManagerFactoryBuilderImpl.build(EntityManagerFactoryBuilderImpl.java:1503)
	at org.springframework.orm.jpa.vendor.SpringHibernateJpaPersistenceProvider.createContainerEntityManagerFactory(SpringHibernateJpaPersistenceProvider.java:75)
	at org.springframework.orm.jpa.LocalContainerEntityManagerFactoryBean.createNativeEntityManagerFactory(LocalContainerEntityManagerFactoryBean.java:388)
	at org.springframework.orm.jpa.AbstractEntityManagerFactoryBean.buildNativeEntityManagerFactory(AbstractEntityManagerFactoryBean.java:409)
	at org.springframework.orm.jpa.AbstractEntityManagerFactoryBean.afterPropertiesSet(AbstractEntityManagerFactoryBean.java:396)
	at org.springframework.orm.jpa.LocalContainerEntityManagerFactoryBean.afterPropertiesSet(LocalContainerEntityManagerFactoryBean.java:364)
	at org.springframework.beans.factory.support.AbstractAutowireCapableBeanFactory.invokeInitMethods(AbstractAutowireCapableBeanFactory.java:1833)
	at org.springframework.beans.factory.support.AbstractAutowireCapableBeanFactory.initializeBean(AbstractAutowireCapableBeanFactory.java:1782)
	at org.springframework.beans.factory.support.AbstractAutowireCapableBeanFactory.doCreateBean(AbstractAutowireCapableBeanFactory.java:600)
	at org.springframework.beans.factory.support.AbstractAutowireCapableBeanFactory.createBean(AbstractAutowireCapableBeanFactory.java:522)
	at org.springframework.beans.factory.support.AbstractBeanFactory.lambda$doGetBean$0(AbstractBeanFactory.java:325)
	at org.springframework.beans.factory.support.DefaultSingletonBeanRegistry.getSingleton(DefaultSingletonBeanRegistry.java:234)
	at org.springframework.beans.factory.support.AbstractBeanFactory.doGetBean(AbstractBeanFactory.java:323)
	at org.springframework.beans.factory.support.AbstractBeanFactory.getBean(AbstractBeanFactory.java:199)
	at org.springframework.context.support.AbstractApplicationContext.getBean(AbstractApplicationContext.java:1231)
	at org.springframework.context.support.AbstractApplicationContext.finishBeanFactoryInitialization(AbstractApplicationContext.java:949)
	at org.springframework.context.support.AbstractApplicationContext.refresh(AbstractApplicationContext.java:624)
	at org.springframework.boot.web.servlet.context.ServletWebServerApplicationContext.refresh(ServletWebServerApplicationContext.java:146)
	at org.springframework.boot.SpringApplication.refresh(SpringApplication.java:754)
	at org.springframework.boot.SpringApplication.refreshContext(SpringApplication.java:456)
	at org.springframework.boot.SpringApplication.run(SpringApplication.java:334)
	at org.springframework.boot.SpringApplication.run(SpringApplication.java:1354)
	at org.springframework.boot.SpringApplication.run(SpringApplication.java:1343)
	at com.chatapp.RealtimeChatApplication.main(RealtimeChatApplication.java:10)
	at java.base/jdk.internal.reflect.DirectMethodHandleAccessor.invoke(DirectMethodHandleAccessor.java:103)
	at java.base/java.lang.reflect.Method.invoke(Method.java:580)
	at org.springframework.boot.loader.launch.Launcher.launch(Launcher.java:91)
	at org.springframework.boot.loader.launch.Launcher.launch(Launcher.java:53)
	at org.springframework.boot.loader.launch.JarLauncher.main(JarLauncher.java:58)
2025-03-08 14:45:33.314 [main] WARN  org.hibernate.orm.deprecation - HHH90000025: H2Dialect does not need to be specified explicitly using 'hibernate.dialect' (remove the property setting and it will be selected by default)
2025-03-08 14:45:33.504 [main] INFO  o.h.e.t.j.p.i.JtaPlatformInitiator - HHH000489: No JTA platform available (set 'hibernate.transaction.jta.platform' to enable JTA platform integration)
2025-03-08 14:45:33.507 [main] INFO  o.s.o.j.LocalContainerEntityManagerFactoryBean - Initialized JPA EntityManagerFactory for persistence unit 'default'
2025-03-08 14:45:33.837 [main] DEBUG o.s.w.s.s.s.WebSocketHandlerMapping - Patterns [/ws/**] in 'stompWebSocketHandlerMapping'
2025-03-08 14:45:33.912 [main] WARN  o.s.b.a.o.j.JpaBaseConfiguration$JpaWebConfiguration - spring.jpa.open-in-view is enabled by default. Therefore, database queries may be performed during view rendering. Explicitly configure spring.jpa.open-in-view to disable this warning
2025-03-08 14:45:33.982 [main] DEBUG o.s.w.s.m.WebSocketAnnotationMethodMessageHandler - 
	c.c.c.LogController:
	
2025-03-08 14:45:33.991 [main] DEBUG o.s.w.s.m.WebSocketAnnotationMethodMessageHandler - 
	c.c.c.WebRTCSignalingController:
	{[MESSAGE],[/webrtc/call]}: call(Map,SimpMessageHeaderAccessor)
	{[MESSAGE],[/webrtc/answer]}: answer(WebRTCSignal,SimpMessageHeaderAccessor)
	{[MESSAGE],[/webrtc/hangup]}: hangup(Map,SimpMessageHeaderAccessor)
	{[MESSAGE],[/webrtc/adjust-bitrate]}: adjustBitrate(WebRTCSignal,SimpMessageHeaderAccessor)
	{[MESSAGE],[/webrtc/config]}: getWebRTCConfig(SimpMessageHeaderAccessor)
	{[MESSAGE],[/webrtc/ice-candidate]}: iceCandidate(WebRTCSignal,SimpMessageHeaderAccessor)
2025-03-08 14:45:34.003 [main] DEBUG o.s.w.s.m.WebSocketAnnotationMethodMessageHandler - 
	o.s.b.a.w.s.e.BasicErrorController:
	
2025-03-08 14:45:34.205 [main] DEBUG o.s.w.s.m.m.a.RequestMappingHandlerMapping - 3 mappings in 'requestMappingHandlerMapping'
2025-03-08 14:45:34.276 [main] DEBUG o.s.w.s.h.SimpleUrlHandlerMapping - Patterns [/webjars/**, /**] in 'resourceHandlerMapping'
2025-03-08 14:45:34.349 [main] DEBUG o.s.w.s.m.m.a.RequestMappingHandlerAdapter - ControllerAdvice beans: 0 @ModelAttribute, 0 @InitBinder, 1 RequestBodyAdvice, 1 ResponseBodyAdvice
2025-03-08 14:45:34.418 [main] DEBUG o.s.w.s.m.m.a.ExceptionHandlerExceptionResolver - ControllerAdvice beans: 0 @ExceptionHandler, 1 ResponseBodyAdvice
2025-03-08 14:45:35.040 [main] INFO  o.s.b.a.e.web.EndpointLinksResolver - Exposing 2 endpoint(s) beneath base path '/actuator'
2025-03-08 14:45:35.073 [main] INFO  o.s.s.web.DefaultSecurityFilterChain - Will secure any request with [org.springframework.security.web.session.DisableEncodeUrlFilter@26619e5, org.springframework.security.web.context.request.async.WebAsyncManagerIntegrationFilter@445f6aa7, org.springframework.security.web.context.SecurityContextHolderFilter@202fd4c4, org.springframework.security.web.header.HeaderWriterFilter@69e308e2, org.springframework.web.filter.CorsFilter@6a4238ff, org.springframework.security.web.csrf.CsrfFilter@5776a9f8, org.springframework.security.web.authentication.logout.LogoutFilter@3b7b099b, org.springframework.security.web.authentication.UsernamePasswordAuthenticationFilter@3615f8d9, org.springframework.security.web.authentication.ui.DefaultLoginPageGeneratingFilter@682270ff, org.springframework.security.web.authentication.ui.DefaultLogoutPageGeneratingFilter@2b98c310, org.springframework.security.web.authentication.www.BasicAuthenticationFilter@30bfdcc5, org.springframework.security.web.savedrequest.RequestCacheAwareFilter@399a5a52, org.springframework.security.web.servletapi.SecurityContextHolderAwareRequestFilter@3eadfbbb, org.springframework.security.web.authentication.AnonymousAuthenticationFilter@19834eb7, org.springframework.security.web.access.ExceptionTranslationFilter@524418a2, org.springframework.security.web.access.intercept.AuthorizationFilter@60317de8]
2025-03-08 14:45:35.294 [main] INFO  o.a.coyote.http11.Http11NioProtocol - Starting ProtocolHandler ["http-nio-8083"]
2025-03-08 14:45:35.304 [main] WARN  o.s.b.w.s.c.AnnotationConfigServletWebServerApplicationContext - Exception encountered during context initialization - cancelling refresh attempt: org.springframework.context.ApplicationContextException: Failed to start bean 'webServerStartStop'
2025-03-08 14:45:35.308 [main] INFO  o.s.o.j.LocalContainerEntityManagerFactoryBean - Closing JPA EntityManagerFactory for persistence unit 'default'
2025-03-08 14:45:35.331 [main] INFO  o.s.b.a.l.ConditionEvaluationReportLogger - 

Error starting ApplicationContext. To display the condition evaluation report re-run your application with 'debug' enabled.
2025-03-08 14:45:35.367 [main] ERROR o.s.b.d.LoggingFailureAnalysisReporter - 

***************************
APPLICATION FAILED TO START
***************************

Description:

Web server failed to start. Port 8083 was already in use.

Action:

Identify and stop the process that's listening on port 8083 or configure this application to listen on another port.

